1,阿谀奉承
2,哀愁
3,哀悯
4,唉声叹气
5,矮
6,矮的
7,矮胖
8,矮小
9,矮子
10,碍事
11,碍手碍脚
12,碍眼
13,暧昧
14,暗淡
15,暗地
16,暗地里
17,黯然
18,肮脏
19,昂贵
20,凹凸不平
21,卑鄙无耻
22,悲观失望
23,笨头笨脑
24,比肩接踵
25,愁容满面
26,踌躇不决
27,踌躇不前
28,臭不可闻
29,臭名远扬
30,臭名昭彰
31,臭名昭著
32,臭气冲天
33,臭气熏天
34,出手阔气
35,出逃
36,初出茅庐
37,除掉
38,除害
39,蹰
40,处罚
41,处心积虑
42,处置
43,怵
44,怵场
45,怵然
46,怵头
47,绌
48,触犯
49,触及
50,触礁
51,触目
52,触目惊心
53,触怒
54,踹开
55,穿不出去
56,穿不得
57,穿凿
58,传染
59,传染病
60,传染性
61,传染性的
62,舛讹
63,舛误
64,串供
65,串连
66,串骗
67,串通
68,串秧儿
69,疮痍
70,疮痍满目
71,闯祸
72,闯入
73,创痕
74,创痛
75,怆
76,怆恻
77,怆U
78,怆恍
79,怆然
80,吹大气
81,吹擂
82,吹毛求疵
83,吹牛
84,吹牛皮
85,吹拍
86,吹捧
87,吹求
88,垂怜
89,垂死
90,垂头丧气
91,垂危
92,捶胸顿足
93,胸顿足
94,蠢
95,蠢笨
96,蠢毙
97,蠢才
98,蠢材
99,蠢蠢
100,蠢蠢欲动
101,蠢呆
102,蠢蛋
103,蠢动
104,蠢翻
105,蠢翻了
106,蠢妇
107,蠢话
108,蠢货
109,蠢举
110,蠢驴
111,蠢男
112,蠢牛
113,蠢女
114,蠢人
115,蠢事
116,蠢头蠢脑
117,戳壁脚
118,戳脊梁骨
119,疵点
120,疵品
121,词穷理屈
122,辞呈
123,辞职
124,雌伏
125,次
126,次等
127,次货
128,次级
129,次品
130,次要
131,刺鼻
132,刺儿话
133,刺儿头
134,刺耳
135,刺目
136,刺痛
137,刺眼
138,匆忙
139,从犯
140,从权
141,从心所欲
142,从严
143,从中作梗
144,从重
145,凑和
146,凑热闹儿
147,粗
148,粗暴
149,粗笨
150,粗鄙
151,粗糙
152,粗放
153,粗浮
154,粗犷
155,粗话
156,粗活
157,粗拉
158,粗里粗气
159,粗劣
160,粗陋
161,粗卤
162,粗鲁
163,粗率
164,粗略
165,粗蛮
166,粗莽
167,粗浅
168,粗手笨脚
169,粗疏
170,粗俗
171,粗俗鲁莽
172,粗腿病
173,粗线条
174,粗心
175,粗心大意
176,粗野
177,粗枝大叶
178,粗制滥造
179,粗重
180,粗拙
181,促狭
182,醋劲儿
183,撺
184,撺掇
185,蹿火
186,窜犯
187,窜改
188,窜扰
189,窜逃
190,篡夺
191,篡改
192,篡国
193,篡权
194,篡位
195,催逼
196,催促
197,催迫
198,催吐
199,催吐剂
200,摧残
201,摧毁
202,摧折
203,脆的
204,脆而不坚
205,脆弱
206,村话
207,村俗
208,村野
209,存心
210,寸草不生
211,撮弄
212,蹉跌
213,蹉跎
214,挫败
215,挫赛
216,挫伤
217,挫损
218,挫折
219,厝火积薪
220,措大
221,错
222,错案
223,错处
224,错的是你
225,错讹
226,错愕
227,错怪
228,错过
229,错会
230,错觉
231,错漏
232,错乱
233,错谬
234,错失
235,错误
236,错误百出
237,错误的
238,错误地
239,错杂
240,错字
241,错综
242,错综复杂
243,嗒然
244,嗒丧
245,达不到
246,答非所问
247,打败
248,打抱不平
249,打岔
250,打怵
251,打憷
252,打斗
253,打赌
254,打高空
255,打谎
256,打家劫道
257,打家劫舍
258,打劫
259,打烂
260,打乱
261,打骂
262,打蔫儿
263,打破
264,打人
265,打入冷宫
266,打手
267,打死
268,打算
269,打碎
270,打退
271,打退堂鼓
272,打问号
273,打压
274,打一打
275,大败
276,大悲
277,大笨蛋
278,大便
279,大兵
280,大材小用
281,大吵大闹
282,大吃一惊
283,大错特错
284,大大咧咧
285,大胆
286,大胆的
287,大跌眼镜
288,大动肝火
289,大而笨拙
290,大而化之
291,大而无当
292,大发雷霆
293,大放厥词
294,大故
295,大海捞针
296,大吼
297,大惑
298,大惑不解
299,大惊
300,大惊失色
301,大惊小怪
302,大举
303,大哭
304,大夸
305,大块呆
306,大烂人
307,大力
308,大咧咧
309,大乱
310,大骂
311,大面额
312,大谬不然
313,大闹
314,大怒
315,大胖子
316,大权独揽
317,大舌头
318,大失
319,大失所望
320,大手大脚
321,大肆
322,大小便
323,大言不惭
324,大摇大摆
325,大爷
326,大意
327,大意的
328,大杂烩
329,大噪
330,呆
331,呆板
332,呆笨
333,呆痴
334,呆呆
335,呆钝
336,呆愣愣
337,呆气
338,呆若木鸡
339,呆傻
340,呆头呆脑
341,呆帐
342,呆怔
343,呆滞
344,呆住
345,歹
346,歹毒
347,歹人
348,逮捕
349,代沟
350,代价
351,带塞
352,带赛
353,带衰
354,带有敌意
355,殆
356,待价出售
357,怠惰
358,担负
359,担惊受怕
360,担心
361,担忧
362,单
363,单薄
364,单寒
365,单弱
366,单挑
367,单调
368,单调枯燥
369,耽误
370,殚
371,箪食瓢饮
372,胆颤心惊
373,胆大
374,胆大妄为
375,胆敢
376,胆寒
377,胆怯
378,胆小
379,胆小的
380,胆小的人
381,胆小鬼
382,胆小怕事
383,胆小如鼠
384,胆战心惊
385,但愿
386,诞
387,淡
388,淡薄
389,淡淡
390,淡而无味
391,淡漠
392,淡然
393,惮
394,弹劾
395,弹丸
396,澹然
397,当不了
398,当不起
399,当道
400,当紧
401,当头棒喝
402,挡开
403,党阀
404,党棍
405,党魁
406,党徒
407,党羽
408,荡
409,荡妇
410,刀割
411,刀光剑影
412,刀俎
413,叨叨
414,叨唠
415,捣蛋
416,捣蛋鬼
417,捣鬼
418,捣乱
419,捣碎
420,倒闭
421,倒毙
422,倒不如
423,倒行逆施
424,倒楣
425,倒霉
426,倒赔
427,倒算
428,倒塌
429,倒台
430,倒胃口
431,倒悬
432,倒爷
433,倒运
434,倒灶
435,倒帐
436,倒置
437,蹈常袭故
438,蹈袭
439,盗版
440,盗匪
441,盗劫
442,盗寇
443,盗猎
444,盗卖
445,盗墓
446,盗骗
447,盗窃
448,盗世窃誉
449,盗印
450,盗用
451,盗贼
452,道德败坏
453,道德不好
454,道貌岸然
455,道歉
456,得逞
457,得宠
458,得寸进尺
459,得过且过
460,得计
461,得陇望蜀
462,得势
463,得意忘形
464,得鱼忘筌
465,德薄
466,德薄望轻
467,德高望重
468,德行
469,德性
470,灯红酒绿
471,灯火阑珊
472,等不及
473,等而下之
474,等量齐观
475,等外
476,等闲视之
477,等因奉此
478,等着看
479,等着瞧
480,瞪眼
481,低
482,低卑
483,低标准
484,低层
485,低产
486,低潮
487,低沉
488,低档
489,低等
490,低端
491,低哼
492,低吼
493,低级
494,低级庸俗
495,低贱
496,低廉
497,低劣
498,低落
499,低迷
500,低能
501,低哦
502,低人一等
503,低三下四
504,低声下气
505,低首下心
506,低俗
507,低头
508,低微
509,低下
510,低效
511,低效能
512,低值
513,低质
514,低智
515,低姿态
516,嘀咕
517,嘀里嘟噜
518,滴里嘟噜
519,敌巢
520,敌对
521,敌对的
522,敌国
523,敌军
524,敌寇
525,敌酋
526,敌人
527,敌视
528,敌手
529,敌台
530,敌探
531,敌特
532,敌伪
533,敌焰
534,敌意
535,诋毁
536,抵触
537,抵抗
538,抵赖
539,抵消
540,抵制
541,抵罪
542,地痞
543,地煞
544,地位低下
545,地下
546,地狱般
547,地主
548,嗲
549,嗲声嗲气
550,颠簸
551,颠倒
552,颠倒黑白
553,颠倒是非
554,颠覆
555,颠连
556,颠沛
557,颠三倒四
558,癫狂
559,癫狂者
560,点火
561,点卯
562,电击
563,阽
564,玷辱
565,垫背
566,惦
567,惦挂
568,惦记
569,惦念
570,刁
571,刁恶
572,刁悍
573,刁滑
574,刁赖
575,刁蛮
576,刁顽
577,刁诈
578,刁钻
579,刁钻古怪
580,凋败
581,凋敝
582,凋零
583,凋落
584,雕砌
585,雕饰
586,雕琢
587,浓
588,哦啷当
589,爬诺
590,牌
591,派
592,攀谗
593,吊儿郎当
594,掉魂
595,掉价
596,掉泪
597,掉以轻心
598,跌份
599,跌价
600,跌跤
601,跌眼镜
602,喋喋不休
603,喋血
604,蹀血
605,顶撞
606,顶嘴
607,顶罪
608,鼎沸
609,铤而走险
610,丢掉
611,丢份
612,丢魂
613,丢脸
614,丢弃
615,丢人
616,丢三落四
617,丢失
618,东窗事发
619,东倒西歪
620,东骂西骂
621,东山再起
622,东洋鬼子
623,冬烘
624,懂个屁
625,动不动
626,动粗
627,动荡
628,动荡不安
629,动肝火
630,动干戈
631,动火
632,动怒
633,动魄惊心
634,动气
635,动手
636,动摇
637,动用
638,动作迟顿
639,冻害
640,冻馁
641,恫
642,兜售
643,抖搂
644,陡然
645,陡然下降
646,斗
647,斗不过
648,斗臭
649,斗殴
650,斗起来
651,斗气
652,斗筲
653,斗争
654,斗嘴
655,毒
656,毒草
657,毒打
658,毒打一顿
659,毒犯
660,毒贩
661,毒化
662,毒计
663,毒辣
664,毒谋
665,毒手
666,毒素
667,毒刑
668,毒资
669,独霸
670,独裁
671,独裁的
672,独裁者
673,独裁者的
674,独断
675,独断的
676,独断独行
677,独断专行
678,独夫
679,独吞
680,渎
681,渎职
682,黩武
683,堵
684,堵得慌
685,堵塞
686,堵心
687,赌博
688,赌掉
689,赌棍
690,赌气
691,赌钱
692,赌运气
693,赌注
694,杜撰
695,肚烂
696,肚量小
697,妒恨
698,妒火
699,妒忌
700,度烂
701,度量小
702,蠹弊
703,蠹虫
704,短处
705,短促
706,短促频繁
707,短见
708,短路
709,短气
710,短浅
711,短缺
712,短少
713,短视
714,短暂
715,短暂的
716,断肠
717,断代
718,断掉
719,断魂
720,断绝
721,断开
722,断裂
723,断路
724,断念
725,断然拒绝
726,断送
727,堆砌
728,对不起
729,对得起
730,对得住
731,对付
732,对付不了
733,对抗
734,对抗力量
735,对立
736,对立的
737,对立面
738,对立者
739,对牛弹琴
740,对手
741,对头
742,对证
743,对峙
744,憝
745,敦促
746,钝
747,钝的
748,顿挫
749,顿生疑窦
750,顿足捶胸
751,遁词
752,遁辞
753,多变
754,多病
755,多愁善感
756,多此一举
757,多虑
758,多事
759,多嫌
760,多心
761,多义
762,多有微词
763,多余
764,多嘴
765,咄咄逼人
766,掇弄
767,夺取
768,夺取之物
769,躲避
770,躲藏
771,躲藏者
772,躲开
773,躲懒
774,堕落
775,堕落的
776,堕落者
777,惰
778,惰性
779,跺脚
780,讹
781,讹传
782,讹舛
783,讹赖
784,讹谬
785,讹脱
786,讹误
787,讹诈
788,厄境
789,厄难
790,扼腕
791,恶
792,恶霸
793,恶报
794,恶臭
795,恶臭的
796,恶毒
797,恶毒的
798,恶恶实实
799,恶感
800,恶搞
801,恶根
802,恶贯满盈
803,恶棍
804,恶果
805,恶行
806,恶狠
807,恶狠很
808,恶狠狠
809,恶化
810,恶疾
811,恶浪
812,恶脸
813,恶脸相向
814,恶劣
815,恶劣的
816,恶劣地
817,恶骂
818,恶梦
819,恶名
820,恶名昭张
821,恶名昭着
822,恶魔
823,恶魔般
824,恶魔般的
825,恶魔的
826,恶念
827,恶气
828,恶人
829,恶煞
830,恶煞煞
831,恶少
832,恶神
833,恶声
834,恶势力
835,恶事
836,恶俗
837,恶习
838,恶心
839,恶心的
840,恶心鬼
841,恶性
842,恶性的
843,恶性肿瘤
844,恶言
845,恶言相向
846,恶意
847,恶意的
848,恶有恶报
849,恶语
850,恶运
851,恶兆
852,恶兆的
853,恶质
854,恶浊
855,恶作剧
856,恶作剧的
857,饿得
858,饿得要死
859,饿昏
860,饿馑
861,饿殍
862,饿殍遍野
863,饿死
864,饿死光
865,遏止
866,遏制
867,遏制的
868,愕
869,愕然
870,噩
871,噩耗
872,噩梦
873,噩运
874,噩兆
875,恩断义绝
876,恩将仇报
877,儿戏
878,尔虞我诈
879,耳热
880,耳生
881,二把刀
882,二百五
883,二乎
884,二流
885,二流子
886,二手
887,二五眼
888,二心
889,贰臣
890,贰心
891,发爆震声
892,发飙
893,发痴
894,发愁
895,发愁的人
896,发臭
897,发臭的
898,发臭味
899,发出嘈杂
900,发出颤声
901,发出刺耳
902,发出尖锐
903,发出砰声
904,发怵
905,发憷
906,发呆
907,发动
908,发抖
909,发疯
910,发疯似
911,发疯似的
912,发狠
913,发横
914,发红
915,发昏
916,发火
917,发急
918,发贱
919,发酒疯
920,发狂
921,发狂的
922,发牢骚
923,发愣
924,发愣的
925,发麻
926,发毛
927,发腻
928,发怒
929,发配
930,发劈啪声
931,发脾气
932,发热
933,发软
934,发疝气
935,发烧
936,发生矛盾
937,发誓
938,发誓要
939,发呜咽声
940,发泄
941,发炎
942,发育不全
943,发育迟缓
944,发育停止
945,发展迟缓
946,发怔
947,发指
948,发指眦裂
949,发作
950,乏
951,乏人
952,乏人问津
953,乏善
954,乏善可陈
955,乏味
956,罚金
957,罚款
958,法盲
959,法术
960,藩篱
961,翻版
962,翻车
963,翻船
964,翻倒
965,翻滚
966,翻脸
967,翻然悔悟
968,翻腾
969,翻天
970,翻云覆雨
971,翻找
972,凡人
973,凡俗
974,烦
975,烦愁
976,烦乱
977,烦乱的
978,烦闷
979,烦难
980,烦恼
981,烦腻
982,烦扰
983,烦人
984,烦人的
985,烦冗
986,烦神
987,烦死
988,烦死了
989,烦琐
990,烦嚣
991,烦心
992,烦言
993,烦厌
994,烦忧
995,烦杂
996,烦燥
997,烦燥的
998,烦躁
999,樊笼
1000,繁复
1001,繁乱
1002,繁难
1003,繁冗
1004,繁缛
1005,繁琐
1006,繁芜
1007,繁言
1008,繁杂
1009,繁重
1010,反
1011,反侧
1012,反常
1013,反唇相讥
1014,反弹
1015,反对
1016,反对称
1017,反反复复
1018,反复
1019,反复无常
1020,反覆无常
1021,反感
1022,反革命
1023,反攻
1024,反悔
1025,反击
1026,反面
1027,反面无情
1028,反目
1029,反派
1030,反叛
1031,反扑
1032,反社会
1033,反胃
1034,反诬
1035,反咬
1036,反作用
1037,犯案
1038,犯愁
1039,犯怵
1040,犯憷
1041,犯错
1042,犯法
1043,犯讳
1044,犯浑
1045,犯急
1046,犯忌
1047,犯贱
1048,犯戒
1049,犯禁
1050,犯难
1051,犯傻
1052,犯事
1053,犯疑心病
1054,犯有罪行
1055,饭囊
1056,饭桶
1057,泛
1058,泛泛
1059,贩毒
1060,贩黄
1061,贩私
1062,贩子
1063,仿冒
1064,放黜
1065,放诞
1066,放荡
1067,放荡不羁
1068,放低
1069,放刁
1070,放毒
1071,放狗
1072,放火
1073,放浪
1074,放屁
1075,放弃
1076,放任
1077,放任自流
1078,放任自我
1079,放肆
1080,放一个屁
1081,放恣
1082,放纵
1083,飞短流长
1084,飞扬跋扈
1085,飞语
1086,飞灾
1087,飞贼
1088,非
1089,非常悲哀
1090,非法
1091,非分
1092,非婚生
1093,非礼
1094,非命
1095,非难
1096,非人
1097,非生产性
1098,非笑
1099,非刑
1100,非议
1101,非正常
1102,非正统
1103,非正义
1104,菲薄
1105,蜚语
1106,肥大
1107,肥胖
1108,匪帮
1109,匪巢
1110,匪盗
1111,匪谍
1112,匪患
1113,匪祸
1114,匪类
1115,匪首
1116,匪徒
1117,匪穴
1118,诽谤
1119,诽谤的
1120,诽谤性
1121,诽谤性的
1122,诽谤者
1123,诽谤罪
1124,悱恻
1125,吠尽
1126,废
1127,废弛
1128,废除
1129,废话
1130,废旧
1131,废品
1132,废弃
1133,废弃的
1134,废然
1135,废人
1136,废物
1137,废墟
1138,废止
1139,沸沸扬扬
1140,费
1141,费工夫
1142,费功夫
1143,费解
1144,费解的
1145,费尽心机
1146,费劲
1147,费精神
1148,费力
1149,费力的
1150,费力地做
1151,费神
1152,费时
1153,费事
1154,费心
1155,费用大
1156,费用大的
1157,费用浩大
1158,分崩离析
1159,分肥
1160,分化
1161,分裂
1162,分歧
1163,分文不值
1164,分心
1165,分赃
1166,纷繁
1167,纷乱
1168,纷扰
1169,纷纭
1170,纷杂
1171,纷争
1172,坟墓
1173,粉
1174,粉无聊
1175,忿忿
1176,忿忿不平
1177,忿忿然
1178,忿恨
1179,忿恚
1180,忿懑
1181,忿怒
1182,偾事
1183,粪尿
1184,粪土
1185,粪土不如
1186,愤而
1187,愤愤
1188,愤愤不平
1189,愤愤然
1190,愤恨
1191,愤激
1192,愤慨
1193,愤懑
1194,愤怒
1195,愤怒的
1196,愤然
1197,愤然作色
1198,愤世
1199,愤世嫉俗
1200,风吹日晒
1201,风刀霜剑
1202,风风火火
1203,风浪
1204,风凉
1205,风凉话
1206,风流
1207,风骚
1208,风声鹤唳
1209,风霜
1210,风头
1211,风险
1212,风雨飘摇
1213,封闭
1214,封闭式
1215,封闭型
1216,封建
1217,疯的
1218,疯癫
1219,疯癫的
1220,疯癫癫
1221,疯疯癫癫
1222,疯话
1223,疯狂
1224,疯狂般
1225,疯狂的
1226,疯狂地
1227,疯人
1228,疯子
1229,锋芒毕露
1230,逢迎
1231,缝你嘴巴
1232,讽
1233,讽刺
1234,讽刺的
1235,讽剌
1236,讽剌之事
1237,否
1238,否定
1239,否决
1240,否认
1241,夫子
1242,肤泛
1243,肤皮潦草
1244,肤浅
1245,肤浅的
1246,敷衍
1247,敷衍塞责
1248,伏法
1249,伏诛
1250,伏罪
1251,拂逆
1252,拂意
1253,服罪
1254,怫然
1255,怫然不悦
1256,怫然作色
1257,浮报
1258,浮词
1259,浮荡
1260,浮泛
1261,浮光掠影
1262,浮华
1263,浮滑
1264,浮夸
1265,浮礼
1266,浮名
1267,浮皮蹭痒
1268,浮皮潦草
1269,浮漂
1270,浮浅
1271,浮生
1272,浮艳
1273,浮噪
1274,浮躁
1275,浮躁的
1276,艴然不悦
1277,辐射
1278,腐败
1279,腐败的
1280,腐败堕落
1281,腐臭
1282,腐恶
1283,腐化
1284,腐化堕落
1285,腐坏
1286,腐旧
1287,腐烂
1288,腐烂的
1289,腐蚀
1290,腐蚀的
1291,腐蚀剂
1292,腐蚀物
1293,腐蚀性
1294,腐蚀性的
1295,腐朽
1296,腐朽没落
1297,付之一笑
1298,负
1299,负担
1300,负的
1301,负荷
1302,负疚
1303,负面
1304,负气
1305,负屈
1306,负心
1307,负隅
1308,负隅顽抗
1309,负约
1310,负债
1311,附和
1312,附会
1313,附逆
1314,附庸
1315,复
1316,复仇
1317,复发
1318,复古
1319,复合
1320,复合式
1321,复合型
1322,复活
1323,复旧
1324,复辟
1325,复杂
1326,复杂的
1327,复杂多变
1328,复杂化
1329,复杂性
1330,赋闲无事
1331,傅粉施朱
1332,傅会
1333,富余
1334,腹诽
1335,覆灭
1336,覆亡
1337,覆雨翻云
1338,覆辙
1339,该罚
1340,该死
1341,该死的
1342,该责备
1343,该责备的
1344,该咒骂
1345,该咒骂的
1346,改变不了
1347,改变成
1348,改变改变
1349,概念化
1350,甘居下游
1351,甘你屁事
1352,肝肠寸断
1353,尴尬
1354,杆子
1355,赶出
1356,赶尽杀绝
1357,赶快消失
1358,赶这样说
1359,赶走
1360,敢冒
1361,敢喵
1362,敢喵我
1363,敢骗
1364,敢骗我
1365,敢死你
1366,感到抱歉
1367,感到不适
1368,感到後悔
1369,感到可怜
1370,感到难过
1371,感到疼痛
1372,感到痛苦
1373,感到遗憾
1374,感到忧虑
1375,感到灼痛
1376,感觉不到
1377,感慨
1378,感冒
1379,感染
1380,感伤
1381,感伤的
1382,感叹
1383,干
1384,干！
1385,干巴
1386,干巴巴
1387,干
1388,干瘪
1389,干瘪瘪
1390,干的好事
1391,干犯
1392,干干巴巴
1393,干戈
1394,干嚎
1395,干号
1396,干礁
1397,干醮
1398,干麻
1399,干你
1400,干你老师
1401,干你娘
1402,干你全家
1403,干你桌来
1404,干娘
1405,干恁
1406,干恁娘
1407,干谯
1408,干瞧
1409,干扰
1410,干扰者
1411,干傻事
1412,干上
1413,干涉
1414,干声连连
1415,干他
1416,干休
1417,干燥
1418,干政
1419,干走
1420,_林娘
1421,刚愎
1422,刚愎自用
1423,杠上
1424,戆头戆脑
1425,高昂
1426,高傲
1427,高不成
1428,高成本
1429,高度兴奋
1430,高价
1431,高价位
1432,高慢
1433,高难
1434,高难度
1435,高谈阔论
1436,高压
1437,搞不懂
1438,搞得
1439,搞的鬼
1440,搞斗争
1441,搞独立
1442,搞飞机
1443,搞分裂
1444,搞封建
1445,搞妇运
1446,搞公关
1447,搞关系
1448,搞鬼
1449,搞了鬼
1450,搞了再说
1451,搞乱
1452,搞迷信
1453,搞屁
1454,搞屁啊
1455,搞钱
1456,搞啥鬼
1457,搞什麽
1458,搞什麽鬼
1459,搞台独
1460,搞统一
1461,搞投机
1462,搞违建
1463,搞下去
1464,搞小动作
1465,搞小圈圈
1466,搞新闻
1467,搞性
1468,搞阴谋
1469,搞援交
1470,搞糟
1471,搞这一套
1472,搞政变
1473,搞政治
1474,槁木死灰
1475,告吹
1476,告负
1477,疙疙瘩瘩
1478,疙里疙瘩
1479,搁浅
1480,搁下
1481,割据
1482,割让
1483,歌功颂德
1484,隔阂
1485,隔绝
1486,隔绝掉
1487,隔开
1488,隔离
1489,隔膜
1490,隔心
1491,隔靴搔痒
1492,膈应
1493,各奔前程
1494,各别
1495,各行其是
1496,各色
1497,给我死
1498,根本就
1499,哽咽
1500,更坏
1501,更贱
1502,更呕
1503,公敌
1504,公然
1505,公私不分
1506,功败垂成
1507,功亏一篑
1508,攻击
1509,攻讦
1510,恭维
1511,巩固
1512,勾搭
1513,勾当
1514,勾结
1515,勾连
1516,勾联
1517,勾通
1518,勾心斗角
1519,勾引
1520,勾引到
1521,钩心斗角
1522,苟安
1523,苟合
1524,苟活
1525,苟且
1526,苟且偷安
1527,苟且偷生
1528,苟延残喘
1529,狗肺狼心
1530,狗男女
1531,狗屁
1532,狗屁不通
1533,狗腿子
1534,狗熊
1535,狗眼
1536,狗眼看人
1537,狗杂碎
1538,狗仗人势
1539,狗彘不若
1540,狗嘴
1541,构陷
1542,诟
1543,诟病
1544,诟骂
1545,垢
1546,够不爽
1547,够了
1548,够了没
1549,够戗
1550,够呛
1551,够受的
1552,k陷
1553,彀中
1554,沽名
1555,沽名钓誉
1556,孤
1557,孤傲
1558,孤傲不群
1559,孤单
1560,孤单单
1561,孤独
1562,孤负
1563,孤高
1564,孤孤单单
1565,孤寡
1566,孤行
1567,孤行己见
1568,孤寂
1569,孤家寡人
1570,孤苦
1571,孤立
1572,孤立无援
1573,孤零零
1574,孤陋寡闻
1575,孤僻
1576,姑宽
1577,辜负
1578,古奥
1579,古板
1580,古怪
1581,古旧
1582,古里古怪
1583,股匪
1584,骨鲠在喉
1585,蛊惑
1586,鼓吹
1587,鼓捣
1588,鼓动
1589,鼓惑
1590,鼓舌
1591,鼓噪
1592,鹘突
1593,固定不变
1594,固陋
1595,固执
1596,故步自封
1597,故意
1598,故障
1599,故作高深
1600,顾忌
1601,顾虑
1602,顾虑重重
1603,顾念
1604,痼疾
1605,瓜田李下
1606,呱哒
1607,呱嗒
1608,刮出
1609,刮掉
1610,刮落
1611,刮走
1612,寡
1613,寡淡
1614,寡断
1615,寡合
1616,寡欢
1617,寡了叭叽
1618,寡廉鲜耻
1619,寡情
1620,寡味
1621,寡言
1622,寡言少语
1623,挂
1624,挂怀
1625,挂火
1626,挂记
1627,挂累
1628,挂漏
1629,挂虑
1630,挂名
1631,挂念
1632,挂气
1633,挂牵
1634,挂心
1635,挂一漏万
1636,乖舛
1637,乖刺
1638,乖蹇
1639,乖剌
1640,乖戾
1641,乖谬
1642,乖僻
1643,乖违
1644,乖张
1645,拐带
1646,拐卖
1647,拐骗
1648,拐子
1649,怪
1650,怪诞
1651,怪话
1652,怪里怪气
1653,怪力乱神
1654,怪癖
1655,怪僻
1656,怪圈
1657,怪人
1658,怪胎
1659,怪物
1660,怪异
1661,怪罪
1662,关碍
1663,关节
1664,关上
1665,关他屁事
1666,关我辟事
1667,关押
1668,关在
1669,官逼民反
1670,官场
1671,官倒
1672,官僚
1673,官僚主义
1674,官迷
1675,官气
1676,官腔
1677,官商
1678,管你去死
1679,管我
1680,管闲事
1681,冠冕堂皇
1682,惯犯
1683,惯技
1684,惯家
1685,惯窃
1686,惯偷
1687,惯贼
1688,惯纵
1689,灌输
1690,光怪陆离
1691,光棍
1692,光火
1693,光亮
1694,光秃秃
1695,犷
1696,犷悍
1697,逛荡
1698,归咎
1699,归咎於
1700,归罪
1701,龟缩
1702,规避
1703,规章制度
1704,诡
1705,诡辩
1706,诡辩的
1707,诡不诡异
1708,诡诞
1709,诡计
1710,诡计多端
1711,诡谲
1712,诡秘
1713,诡密
1714,诡密的
1715,诡异
1716,诡诈
1717,鬼
1718,鬼东西
1719,鬼怪
1720,鬼鬼祟祟
1721,鬼话
1722,鬼混
1723,鬼计多端
1724,鬼叫
1725,鬼魅
1726,鬼祟
1727,鬼胎
1728,鬼天气
1729,鬼头鬼脑
1730,鬼玩意
1731,鬼物
1732,鬼蜮
1733,鬼子
1734,刽子手
1735,贵
1736,滚蛋
1737,滚回去
1738,滚远
1739,棍打
1740,聒
1741,聒耳
1742,聒噪
1743,国耻
1744,国仇家恨
1745,国故
1746,国难
1747,国贼
1748,裹挟
1749,裹乱
1750,裹尸布
1751,裹胁
1752,裹足不前
1753,过饱
1754,过不去
1755,过错
1756,过当
1757,过得去
1758,过得去的
1759,过度
1760,过度的
1761,过多
1762,过多的
1763,过分
1764,过分操心
1765,过分拥挤
1766,过份
1767,过河拆桥
1768,过火
1769,过激
1770,过激的
1771,过节
1772,过了气
1773,过量
1774,过量的
1775,过虑
1776,过敏
1777,过敏的
1778,过气
1779,过强
1780,过桥抽板
1781,过热
1782,过少
1783,过剩
1784,过剩的
1785,过失
1786,过时
1787,过时的
1788,过世
1789,过头
1790,过意
1791,过意不去
1792,过早
1793,哈巴狗
1794,哈喇
1795,还可以的
1796,还想怎样
1797,孩子气
1798,海盗
1799,海底捞月
1800,海底捞针
1801,海匪
1802,海损
1803,骇
1804,骇愕
1805,骇怪
1806,骇惧
1807,骇怕
1808,骇然失色
1809,骇人听闻
1810,骇异
1811,害
1812,害处
1813,害怕
1814,害群之马
1815,害人
1816,害臊
1817,害羞
1818,憨
1819,鼾声
1820,含悲
1821,含愤
1822,含含糊糊
1823,含含混混
1824,含恨
1825,含恨在心
1826,含胡
1827,含糊
1828,含糊不清
1829,含糊其词
1830,含糊其辞
1831,含混
1832,含混不清
1833,含怒
1834,含沙射影
1835,含羞
1836,含蓄
1837,含冤
1838,含怨
1839,涵容
1840,涵蓄
1841,寒
1842,寒伧
1843,寒颤
1844,寒碜
1845,寒苦
1846,寒冷
1847,寒冷刺骨
1848,寒冷的
1849,寒素
1850,寒酸
1851,寒微
1852,寒心
1853,喊叫
1854,汉奸
1855,汗颜
1856,悍
1857,悍然
1858,悍然不顾
1859,憾
1860,憾恨
1861,憾事
1862,行不通
1863,行径
1864,行同狗彘
1865,行为不端
1866,行为不检
1867,行为不良
1868,沆瀣一气
1869,毫不客气
1870,毫不留情
1871,毫不在乎
1872,毫无
1873,毫无办法
1874,毫无价值
1875,毫无目标
1876,毫无意义
1877,毫无用处
1878,豪
1879,豪侈
1880,豪横
1881,豪强
1882,豪奢
1883,豪绅
1884,嚎啕
1885,好不
1886,好不容易
1887,好不应该
1888,好吃懒做
1889,好
1890,好高务远
1891,好高骛远
1892,好恨
1893,好假
1894,好呕
1895,好容易
1896,好胜
1897,好事多磨
1898,好死不死
1899,好笑
1900,好逸恶劳
1901,好自为之
1902,号丧
1903,耗费
1904,耗竭
1905,耗神
1906,耗损
1907,浩劫
1908,呵叱
1909,呵斥
1910,呵责
1911,喝叱
1912,喝斥
1913,合谋
1914,何必
1915,何不
1916,何尝
1917,何妨
1918,何苦
1919,何苦来哉
1920,黑
1921,黑暗
1922,黑暗的
1923,黑帮
1924,黑不溜秋
1925,黑沉沉
1926,黑道
1927,黑灯瞎火
1928,黑店
1929,黑洞洞
1930,黑咕隆咚
1931,黑乎乎
1932,黑话
1933,黑货
1934,黑金
1935,黑茫茫
1936,黑蒙蒙
1937,黑幕
1938,黑漆寥光
1939,黑漆漆
1940,黑钱
1941,黑枪
1942,黑黢黢
1943,黑森森
1944,黑哨
1945,黑市
1946,黑手
1947,黑窝
1948,黑心
1949,黑心肠
1950,黑黝黝
1951,很丑
1952,很臭
1953,很蠢
1954,很
1955,很贵
1956,很混
1957,很烂
1958,很气
1959,狠
1960,狠打
1961,狠毒
1962,狠很
1963,狠狠抨击
1964,狠劲
1965,狠骂
1966,狠命
1967,狠心
1968,恨
1969,恨极
1970,恨你
1971,恨入骨髓
1972,恨死
1973,恨死你
1974,恨之入骨
1975,哼！
1976,横
1977,横暴
1978,横财
1979,横冲
1980,横冲直撞
1981,横穿
1982,横刀夺爱
1983,横渡
1984,横过
1985,横行
1986,横行霸道
1987,横祸
1988,横加
1989,横蛮
1990,横蛮无礼
1991,横蛮无理
1992,横逆
1993,横七竖八
1994,横肉
1995,横生枝节
1996,横事
1997,横死
1998,横着
1999,横着的
2000,横征暴敛
2001,轰动
2002,轰动一时
2003,轰击
2004,轰鸣
2005,轰炸
2006,红不棱登
2007,红脸
2008,红眼
2009,哄弄
2010,哄骗
2011,哄抢
2012,哄然
2013,哄抬
2014,猴
2015,猴儿急
2016,吼道
2017,后辈
2018,后顾之忧
2019,后果
2020,后患
2021,后患无穷
2022,后悔
2023,后悔莫及
2024,后进
2025,后来人
2026,后门
2027,后怕
2028,后人
2029,后台
2030,厚此薄彼
2031,厚利可图
2032,厚脸
2033,厚颜薄耻
2034,厚颜无耻
2035,呼幺喝六
2036,忽略
2037,忽视
2038,囫囵吞枣
2039,狐假虎威
2040,狐媚
2041,狐疑
2042,狐疑不决
2043,胡扯
2044,胡吹
2045,胡匪
2046,胡干
2047,胡搞
2048,胡话
2049,胡搅
2050,胡来
2051,胡里胡涂
2052,胡乱
2053,胡乱搞
2054,胡闹
2055,胡说
2056,胡说八道
2057,胡思
2058,胡涂
2059,胡言
2060,胡言乱语
2061,胡诌
2062,胡子拉茬
2063,胡子拉碴
2064,胡作非为
2065,糊糊涂涂
2066,糊里糊涂
2067,糊弄
2068,糊涂
2069,虎踞龙蟠
2070,虎口
2071,虎狼
2072,虎视
2073,虎头蛇尾
2074,虎穴
2075,虎着脸
2076,互吵
2077,户斥
2078,护短
2079,花
2080,花不棱登
2081,花插着
2082,花痴
2083,花搭着
2084,花花搭搭
2085,花里胡哨
2086,花钱浪费
2087,花腔
2088,花拳绣腿
2089,花容失色
2090,花天酒地
2091,花心
2092,花言巧语
2093,花招
2094,花着
2095,划破
2096,华而不实
2097,哗变
2098,哗然
2099,哗众取宠
2100,猾
2101,滑
2102,滑稽
2103,滑稽的
2104,滑稽剧
2105,滑坡
2106,滑头
2107,滑头滑脑
2108,化石
2109,画皮
2110,画蛇添足
2111,话柄
2112,怀敌意
2113,怀敌意的
2114,怀恶意
2115,怀恶意的
2116,怀鬼胎
2117,怀恨
2118,怀恨的
2119,怀恨在心
2120,怀恨者
2121,怀疑
2122,怀疑的
2123,怀疑论
2124,怀疑论的
2125,怀有恶意
2126,怀着恶意
2127,坏
2128,坏处
2129,坏蛋
2130,坏的
2131,坏掉
2132,坏孩子
2133,坏话
2134,坏脾气
2135,坏脾气的
2136,坏情
2137,坏去
2138,坏人
2139,坏人当道
2140,坏事
2141,坏水
2142,坏心
2143,坏心肠
2144,坏运气
2145,坏帐
2146,缓慢
2147,缓慢的
2148,幻
2149,幻灭
2150,幻异
2151,宦海
2152,涣散
2153,患
2154,患得患失
2155,豢养
2156,荒
2157,荒诞
2158,荒诞不经
2159,荒诞派
2160,荒诞无稽
2161,荒废
2162,荒瘠
2163,荒寂
2164,荒凉
2165,荒乱
2166,荒落
2167,荒谬
2168,荒谬绝伦
2169,荒漠
2170,荒僻
2171,荒弃
2172,荒歉
2173,荒疏
2174,荒唐
2175,荒唐的
2176,荒唐无稽
2177,荒无人烟
2178,荒芜
2179,荒淫
2180,荒淫无耻
2181,荒淫无度
2182,慌慌张张
2183,慌恐
2184,慌乱
2185,慌忙
2186,慌张
2187,皇皇
2188,黄毒
2189,黄色
2190,惶
2191,惶惶
2192,惶惶不安
2193,惶惶然
2194,惶惑
2195,惶急
2196,惶惧
2197,惶遽
2198,惶恐
2199,惶恐不安
2200,惶然
2201,惶然不安
2202,惶悚
2203,簧鼓
2204,簧舌
2205,恍惚
2206,恍恍惚惚
2207,晃晃悠悠
2208,晃悠悠
2209,谎
2210,谎报
2211,谎话
2212,谎言
2213,幌子
2214,灰暗
2215,灰不溜丢
2216,灰沉沉
2217,灰溜溜
2218,灰茫茫
2219,灰蒙蒙
2220,灰朦朦
2221,灰色
2222,灰头灰脸
2223,灰头土脸
2224,灰秃秃
2225,灰心
2226,灰心丧气
2227,挥霍
2228,挥霍的
2229,挥霍无度
2230,挥击
2231,挥泪
2232,回肠九转
2233,回护
2234,回击
2235,回头
2236,悔
2237,悔不当初
2238,悔不该
2239,悔恨
2240,悔悟
2241,悔之不及
2242,悔之晚矣
2243,悔之无及
2244,毁谤
2245,毁掉
2246,毁害
2247,毁坏
2248,毁灭
2249,毁灭性
2250,毁灭性的
2251,毁弃
2252,毁容
2253,毁伤
2254,毁损
2255,毁约
2256,会传播
2257,会传播的
2258,会来事
2259,会蔓延
2260,会蔓延的
2261,讳疾忌医
2262,讳言
2263,恚愤
2264,恚恨
2265,恚怒
2266,贿金
2267,贿款
2268,贿赂
2269,贿选
2270,晦
2271,晦暗
2272,晦冥
2273,晦暝
2274,晦气
2275,晦涩
2276,秽
2277,秽恶
2278,秽行
2279,秽迹
2280,秽乱
2281,秽气
2282,秽土
2283,秽闻
2284,秽亵
2285,秽语
2286,慧黠
2287,昏
2288,昏暗
2289,昏沉
2290,昏黑
2291,昏君
2292,昏愦
2293,昏聩
2294,昏乱
2295,昏昧
2296,昏天黑地
2297,昏头昏脑
2298,昏庸
2299,昏庸无能
2300,
2301,婚外
2302,浑
2303,浑蛋
2304,浑噩
2305,浑浑噩噩
2306,浑名
2307,浑水摸鱼
2308,浑说
2309,浑头浑脑
2310,浑浊
2311,混
2312,混吃等死
2313,混吃混喝
2314,混吃混住
2315,混充
2316,混蛋
2317,混沌
2318,混噩
2319,混合
2320,混混沌沌
2321,混混儿
2322,混江湖
2323,混交
2324,混流氓
2325,混乱
2326,混球
2327,混日
2328,混事
2329,混淆不清
2330,混淆黑白
2331,混淆是非
2332,混兄弟
2333,混血
2334,混帐
2335,混账
2336,混浊
2337,魂不附体
2338,魂飞魄散
2339,魂飞天外
2340,溷浊
2341,活宝
2342,活动
2343,活该
2344,火暴
2345,火爆
2346,火并
2347,火大
2348,火急火燎
2349,火坑
2350,火冒三丈
2351,火拼
2352,火烧火燎
2353,火头上
2354,货色
2355,货损
2356,祸不单行
2357,祸从天降
2358,祸端
2359,祸根
2360,祸国殃民
2361,祸害
2362,祸患
2363,祸乱
2364,祸事
2365,祸首
2366,祸水
2367,祸祟
2368,祸胎
2369,祸心
2370,祸延
2371,祸殃
2372,惑乱
2373,讥嘲
2374,讥刺
2375,讥讽
2376,讥诮
2377,讥讪
2378,讥笑
2379,击败
2380,击成..
2381,击溃
2382,击退
2383,击退的
2384,击中
2385,饥不择食
2386,饥饿的
2387,饥寒
2388,饥荒
2389,饥谨
2390,饥馑
2391,饥色
2392,机八
2393,机八毛
2394,机八事
2395,机变
2396,机车
2397,机关算尽
2398,机机歪歪
2399,机买
2400,机歪
2401,机械
2402,机械式
2403,机械性
2404,鸡八
2405,鸡巴
2406,鸡巴毛
2407,鸡零狗碎
2408,鸡毛蒜皮
2409,鸡犬不留
2410,鸡犬不宁
2411,鸡屎肚
2412,鸡歪
2413,积弊
2414,积聚钱财
2415,积满灰尘
2416,积欠
2417,积习
2418,积郁
2419,积重难返
2420,基卖
2421,畸
2422,畸轻畸重
2423,畸形
2424,畸形的
2425,畸形的人
2426,畸形人
2427,畸形物
2428,畸型
2429,激潮
2430,激动
2431,激愤
2432,激进
2433,激进分子
2434,激浪
2435,激烈
2436,激烈的
2437,激烈进行
2438,激怒
2439,激战
2440,羁绊
2441,羁勒
2442,岌岌
2443,岌岌可危
2444,极不
2445,极不协调
2446,极残忍
2447,极蠢
2448,极蠢之人
2449,极度
2450,极度悲哀
2451,极度悲伤
2452,极度地
2453,极度渴望
2454,极度痛苦
2455,极度兴奋
2456,极端
2457,极端的
2458,极恶
2459,极恶的
2460,极坏
2461,极坏的
2462,极可厌
2463,极可厌的
2464,极可憎
2465,极可憎的
2466,极苦闷
2467,极权
2468,极无礼
2469,极无礼的
2470,极小
2471,极愚蠢
2472,极愚蠢的
2473,佶屈聱牙
2474,急
2475,急巴巴
2476,急不可待
2477,急促
2478,急功近利
2479,急急巴巴
2480,急急忙忙
2481,急忙
2482,急切
2483,急死
2484,急性
2485,急性子
2486,急眼
2487,急于
2488,急躁
2489,疾
2490,疾病
2491,疾苦
2492,疾首蹙额
2493,疾言厉色
2494,棘手
2495,棘手的
2496,集团
2497,嫉妒
2498,嫉妒的
2499,嫉恨
2500,嫉俗
2501,嫉羡
2502,瘠
2503,瘠薄
2504,藉口
2505,挤
2506,挤巴
2507,挤出前进
2508,挤得要命
2509,挤对
2510,挤过
2511,挤过去
2512,挤挤插插
2513,挤满
2514,挤向前
2515,挤轧
2516,挤占
2517,掎
2518,戟指
2519,戟指怒目
2520,计策
2521,计较
2522,记仇
2523,记恨
2524,伎俩
2525,忌
2526,忌惮
2527,忌妒
2528,忌恨
2529,忌刻
2530,哜哜嘈嘈
2531,觊觎
2532,继承者
2533,悸栗
2534,寄生
2535,寂
2536,寂寥
2537,寂寞
2538,冀望
2539,加油添醋
2540,挟持
2541,挟嫌
2542,挟怨
2543,挟制
2544,枷锁
2545,家丑
2546,家贫如洗
2547,家破人亡
2548,家徒壁立
2549,家徒四壁
2550,家贼
2551,家长式
2552,夹带
2553,夹七夹八
2554,夹生
2555,恝
2556,恝然
2557,恝置
2558,假
2559,假扮
2560,假充
2561,假道学
2562,假的
2563,假公济私
2564,假话
2565,假货
2566,假劣
2567,假冒
2568,假冒伪劣
2569,假模假式
2570,假情假意
2571,假球
2572,假仁假义
2573,假手
2574,假相
2575,假想
2576,假心假意
2577,假惺惺
2578,假意
2579,假造
2580,假正经
2581,假装
2582,假装神圣
2583,价高
2584,价格不菲
2585,价格高昂
2586,价值不高
2587,架空
2588,嫁祸于人
2589,尖叫
2590,尖刻
2591,尖厉
2592,尖锐
2593,尖酸
2594,尖酸刻薄
2595,尖嘴薄舌
2596,尖嘴猴腮
2597,奸
2598,奸臣
2599,奸刁
2600,奸恶
2601,奸宄
2602,奸猾
2603,奸滑
2604,奸计
2605,奸男女
2606,奸佞
2607,奸商
2608,奸徒
2609,奸伪
2610,奸细
2611,奸险
2612,奸笑
2613,奸邪
2614,奸雄
2615,奸淫
2616,奸贼
2617,奸诈
2618,歼灭
2619,坚持
2620,坚硬
2621,间不容发
2622,间杂
2623,肩摩毂击
2624,艰
2625,艰巨
2626,艰巨的
2627,艰苦
2628,艰苦的
2629,艰苦卓绝
2630,艰难
2631,艰难的
2632,艰难曲折
2633,艰难险阻
2634,艰涩
2635,艰深
2636,艰危
2637,艰辛
2638,监禁
2639,监禁所
2640,监牢
2641,监狱
2642,煎熬
2643,减低
2644,减去
2645,减弱
2646,减色
2647,减少
2648,减少之量
2649,减损
2650,减缩
2651,减小
2652,简单
2653,简陋
2654,简陋的
2655,简慢
2656,谫陋
2657,见不得人
2658,见风使舵
2659,见风转舵
2660,见怪
2661,见利忘义
2662,见识短浅
2663,见死不救
2664,见异思迁
2665,见罪
2666,贱
2667,贱货
2668,贱民
2669,贱命
2670,贱命一条
2671,贱男人
2672,贱女人
2673,贱人
2674,贱役
2675,贱招
2676,贱种
2677,剑拔弩张
2678,健忘
2679,渐渐破坏
2680,渐失
2681,践踏
2682,溅出
2683,江河日下
2684,将心比心
2685,将信将疑
2686,僵
2687,僵持
2688,僵持不下
2689,僵持状态
2690,僵化
2691,僵局
2692,僵尸
2693,僵死
2694,僵痛
2695,僵痛的
2696,僵硬
2697,僵硬的
2698,僵直
2699,僵直的
2700,降低
2701,降格
2702,降级
2703,犟
2704,犟嘴
2705,交恶
2706,交困
2707,交迫
2708,浇薄
2709,浇漓
2710,娇
2711,娇痴
2712,娇滴滴
2713,娇惯
2714,娇贵
2715,娇憨
2716,娇嫩
2717,娇气
2718,娇弱
2719,娇生惯养
2720,娇羞
2721,娇养
2722,娇纵
2723,骄
2724,骄傲
2725,骄傲的
2726,骄傲自大
2727,骄傲自满
2728,骄横
2729,骄蹇
2730,骄矜
2731,骄慢
2732,骄气
2733,骄人
2734,骄弱
2735,骄奢淫逸
2736,骄躁
2737,骄纵
2738,胶柱鼓瑟
2739,焦愁
2740,焦痕
2741,焦急
2742,焦枯
2743,焦虑
2744,焦虑的事
2745,焦心
2746,焦燥
2747,焦躁
2748,焦躁的
2749,焦炙
2750,焦灼
2751,嚼舌
2752,狡
2753,狡辩
2754,狡猾
2755,狡滑
2756,狡计
2757,狡计多端
2758,狡诘
2759,狡狯
2760,狡赖
2761,狡兔三窟
2762,狡黠
2763,狡诈
2764,绞尽脑汁
2765,绞杀
2766,绞死
2767,绞痛
2768,矫情
2769,矫情造作
2770,矫揉
2771,矫揉造作
2772,矫饰
2773,脚步沈重
2774,脚踢
2775,搅缠
2776,搅和
2777,搅局
2778,搅乱
2779,搅扰
2780,剿说
2781,剿袭
2782,叫苦
2783,叫苦不迭
2784,叫苦连天
2785,叫骂
2786,叫屁
2787,叫屈
2788,叫嚷
2789,叫嚣
2790,觉得疼痛
2791,较坏
2792,较坏者
2793,较劲
2794,较量
2795,教得烂
2796,教唆
2797,教条
2798,教训
2799,窖藏
2800,揭不开锅
2801,揭穿
2802,揭露
2803,嗟悔
2804,嗟叹
2805,孑然
2806,孑然一身
2807,孑身
2808,节节败退
2809,节外生枝
2810,劫持
2811,劫夺
2812,劫难
2813,劫数
2814,诘
2815,诘难
2816,诘屈聱牙
2817,拮据
2818,洁身自好
2819,结巴
2820,结疤
2821,结仇
2822,结党营私
2823,结合
2824,结伙
2825,结结巴巴
2826,结局
2827,结怨
2828,结怨连仇
2829,桀
2830,桀骜不驯
2831,桀黠
2832,桀纣
2833,竭蹶
2834,解雇
2835,解气
2836,解体
2837,介怀
2838,介意
2839,戒惧
2840,芥蒂
2841,借刀杀人
2842,借古讽今
2843,借题发挥
2844,斤斤
2845,斤斤计较
2846,斤斤自守
2847,金刚努目
2848,矜
2849,矜持
2850,矜夸
2851,筋疲
2852,筋疲力尽
2853,紧
2854,紧巴
2855,紧巴巴
2856,紧急
2857,紧急事件
2858,紧急需要
2859,紧急状况
2860,紧拉
2861,紧迫
2862,紧迫地
2863,紧拖
2864,紧张
2865,紧张不安
2866,紧张的
2867,谨小慎微
2868,尽力睁大
2869,进搀
2870,进犯
2871,进攻
2872,进行恐吓
2873,进行威胁
2874,进退两难
2875,进退维谷
2876,近视
2877,禁闭
2878,禁锢
2879,禁忌
2880,禁忌的
2881,禁令
2882,禁欲
2883,禁止
2884,禁止的
2885,禁止接近
2886,禁止使用
2887,禁制
2888,经不起
2889,经济拮据
2890,经受不起
2891,经心
2892,经验不足
2893,荆棘载途
2894,惊
2895,惊爆
2896,惊怖
2897,惊诧
2898,惊呆
2899,惊呆的
2900,惊愕
2901,惊怪
2902,惊骇
2903,惊骇的
2904,惊呼
2905,惊呼出来
2906,惊慌
2907,惊慌失措
2908,惊惶
2909,惊惶奔跑
2910,惊惶失措
2911,惊叫
2912,惊觉
2913,惊惧
2914,惊恐
2915,惊栗
2916,惊怕
2917,惊奇
2918,惊奇不已
2919,惊扰
2920,惊人
2921,惊人的
2922,惊悚
2923,惊叹
2924,惊天动地
2925,惊跳
2926,惊吓
2927,惊险
2928,惊险动作
2929,惊醒
2930,惊讶
2931,惊疑
2932,惊异
2933,精力枯竭
2934,精疲力竭
2935,精疲力尽
2936,精神不振
2937,精神错乱
2938,精神分裂
2939,精神溜号
2940,警报
2941,警报器
2942,警告
2943,警惕
2944,警惕的
2945,净余
2946,痉挛
2947,竞争
2948,竞争者
2949,竟敢
2950,竟然
2951,敬陪末座
2952,静僻
2953,窘
2954,窘促
2955,窘急
2956,窘境
2957,窘况
2958,窘困
2959,窘迫
2960,窘迫不安
2961,窘涩
2962,纠合
2963,纠集
2964,鸠集
2965,揪心
2966,旧
2967,旧病
2968,旧病复发
2969,旧式
2970,旧帐
2971,咎由自取
2972,疚愧
2973,救我
2974,拘
2975,拘板
2976,拘谨
2977,拘礼
2978,拘牵
2979,拘束
2980,拘囿
2981,拘执
2982,苴
2983,居功
2984,居然
2985,居心
2986,居心剖测
2987,局促
2988,局骗
2989,局限
2990,橘化为枳
2991,沮
2992,沮丧
2993,举反证
2994,举棋不定
2995,举止失礼
2996,龃
2997,龃龉
2998,拒付
2999,拒绝
3000,拒受
3001,俱焚
3002,倨
3003,倨傲
3004,剧毒
3005,剧烈
3006,剧烈的
3007,剧跳
3008,剧痛
3009,据高临下
3010,惧
3011,惧怕
3012,惧色
3013,锯掉
3014,聚敛
3015,踞炉炭上
3016,卷入
3017,卷逃
3018,卷土重来
3019,倦怠
3020,狷急
3021,眷顾
3022,噘起
3023,噘着嘴说
3024,噘嘴
3025,决一死战
3026,抉目胥门
3027,绝
3028,绝不
3029,绝对
3030,绝对的
3031,绝对地
3032,绝境
3033,绝路
3034,绝情
3035,绝望
3036,绝望的
3037,觖望
3038,谲诈
3039,攫取
3040,倔
3041,倔犟
3042,倔强
3043,倔头倔脑
3044,军阀
3045,开除
3046,开倒车
3047,开后门
3048,开口子
3049,开炮
3050,开枪
3051,开玩笑
3052,开小差
3053,开小差儿
3054,揩油
3055,慨然
3056,慨叹
3057,堪虑
3058,坎坷
3059,坎坷不平
3060,砍掉
3061,砍断
3062,砍落
3063,砍死
3064,砍下
3065,看扁
3066,看不惯
3067,看不过去
3068,看不见
3069,看不开
3070,看不起
3071,看不上
3072,看不上眼
3073,看不顺眼
3074,看淡
3075,看低
3076,看风使船
3077,看风使舵
3078,看轻
3079,亢
3080,抗拒
3081,抗议
3082,靠啊
3083,靠北
3084,靠不住
3085,靠不住的
3086,靠母
3087,靠幺
3088,靠夭
3089,靠腰
3090,苛
3091,苛察
3092,苛待
3093,苛刻
3094,苛杂
3095,苛责
3096,苛政
3097,科盲
3098,窠臼
3099,磕磕绊绊
3100,磕头碰脑
3101,可悲
3102,可鄙
3103,可怖
3104,可耻
3105,可恶
3106,可骇
3107,可恨
3108,可惊
3109,可怜
3110,可怕
3111,可气
3112,可叹
3113,可望
3114,可惜
3115,可有可无
3116,可憎
3117,克扣
3118,克制
3119,刻板
3120,刻薄
3121,刻毒
3122,刻苦
3123,刻舟求剑
3124,课刑
3125,溘逝
3126,溘先朝露
3127,坑害
3128,坑坑洼洼
3129,坑蒙
3130,坑骗
3131,坑洼
3132,坑洼不平
3133,空
3134,空洞
3135,空洞洞
3136,空洞无聊
3137,空洞无物
3138,空乏
3139,空泛
3140,空耗
3141,空幻
3142,空空洞洞
3143,空论
3144,空落落
3145,空手而归
3146,空疏
3147,空谈
3148,空头
3149,空文
3150,空虚
3151,空中楼阁
3152,倥
3153,倥侗
3154,倥偬
3155,恐
3156,恐布
3157,恐布份子
3158,恐怖
3159,恐慌
3160,恐惧
3161,恐怕
3162,恐吓
3163,控告
3164,控诉
3165,抠
3166,抠门儿
3167,抠搜
3168,抠唆
3169,口不应心
3170,口不择言
3171,口齿不清
3172,口臭
3173,口腹蜜剑
3174,口蜜腹剑
3175,口舌
3176,口是心非
3177,口头上
3178,口诛笔伐
3179,口坠天花
3180,扣帽子
3181,枯
3182,枯槁
3183,枯寂
3184,枯竭
3185,枯脑焦心
3186,枯涩
3187,枯体灰心
3188,枯萎
3189,枯燥
3190,枯燥乏味
3191,枯燥无味
3192,哭爸
3193,哭妈
3194,哭闹
3195,哭丧着脸
3196,哭笑不得
3197,哭幺
3198,哭夭
3199,哭夭个屁
3200,哭妖
3201,窟窿
3202,窟穴
3203,窟宅
3204,苦
3205,苦不唧
3206,苦差
3207,苦楚
3208,苦大仇深
3209,苦的
3210,苦果
3211,苦海
3212,苦口
3213,苦苦
3214,苦脸
3215,苦闷
3216,苦命
3217,苦恼
3218,苦涩
3219,苦头
3220,苦味
3221,苦心
3222,酷
3223,酷吏
3224,酷烈
3225,酷虐
3226,酷热
3227,酷刑
3228,夸大
3229,夸大的
3230,夸诞
3231,夸夸其谈
3232,夸示
3233,夸耀
3234,夸耀的
3235,夸张
3236,侉
3237,垮掉
3238,快滚
3239,哙
3240,狯
3241,宽贷
3242,宽假
3243,宽免
3244,宽赦
3245,宽恕
3246,宽宥
3247,宽纵
3248,诓骗
3249,狂
3250,狂傲
3251,狂暴
3252,狂悖
3253,狂荡
3254,狂吠
3255,狂轰滥炸
3256,狂怒
3257,狂气
3258,狂人
3259,狂妄
3260,狂妄自大
3261,狂言
3262,狂躁
3263,狂恣
3264,诳话
3265,诳语
3266,旷废
3267,旷费
3268,旷工
3269,旷课
3270,旷课者
3271,亏本
3272,亏待
3273,亏负
3274,亏累
3275,亏马子
3276,亏缺
3277,亏死
3278,亏死了
3279,亏损
3280,亏心
3281,亏折
3282,窥测
3283,窥视
3284,窥伺
3285,窥探
3286,傀儡
3287,匮乏
3288,溃败
3289,溃不成军
3290,溃乱
3291,溃灭
3292,溃散
3293,溃逃
3294,溃退
3295,溃疡
3296,愦
3297,愦乱
3298,愧
3299,愧对
3300,愧汗
3301,愧恨
3302,愧悔
3303,愧疚
3304,愧赧
3305,愧恧
3306,愧色
3307,愧痛
3308,愧怍
3309,困顿
3310,困厄
3311,困窘
3312,困苦
3313,困难
3314,困难重重
3315,困迫
3316,困人
3317,困死
3318,困心衡虑
3319,困在
3320,扩张
3321,阔绰
3322,阔气
3323,阔少
3324,垃圾
3325,垃圾场
3326,拉帮结伙
3327,拉帮结派
3328,拉不下脸
3329,拉扯
3330,拉出
3331,拉出来
3332,拉关系
3333,拉后腿
3334,拉忽
3335,拉交情
3336,拉近乎
3337,拉拉杂杂
3338,拉拢
3339,拉山头儿
3340,拉屎
3341,拉下脸
3342,拉下脸来
3343,拉下水
3344,拉杂
3345,拉长个脸
3346,邋邋遢遢
3347,邋里邋遢
3348,邋遢
3349,邋遢的
3350,邋遢女人
3351,剌
3352,剌戾
3353,辣
3354,辣的
3355,辣手
3356,来火
3357,来路不明
3358,来气
3359,来日大难
3360,来者不善
3361,来之不易
3362,赖
3363,赖词儿
3364,赖皮
3365,赖学
3366,赖帐
3367,赖子
3368,拦劫
3369,拦路虎
3370,谰言
3371,褴褛
3372,懒
3373,懒虫
3374,懒怠
3375,懒到极点
3376,懒得
3377,懒得理你
3378,懒惰
3379,懒惰的
3380,懒惰鬼
3381,懒骨头
3382,懒汉
3383,懒趴
3384,懒人
3385,懒散
3386,懒散地
3387,懒洋洋
3388,烂
3389,烂车
3390,烂到
3391,烂到爆
3392,烂到极点
3393,烂掉
3394,烂额焦头
3395,烂货
3396,烂家伙
3397,烂老师
3398,烂女人
3399,烂人
3400,烂肉
3401,烂上
3402,烂上万倍
3403,烂摊子
3404,烂污
3405,烂污货
3406,烂戏
3407,烂校鸟系
3408,烂学校
3409,烂源
3410,烂仗
3411,烂帐
3412,滥
3413,滥捕
3414,滥打
3415,滥打人
3416,滥砍
3417,滥老师
3418,滥调
3419,滥挖
3420,滥用
3421,滥用职权
3422,滥竽充数
3423,滥葬
3424,郎当
3425,狼狈
3426,狼狈不堪
3427,狼狈万状
3428,狼狈为奸
3429,狼奔鼠偷
3430,狼奔豸突
3431,狼顾鸢视
3432,狼号鬼哭
3433,狼藉
3434,狼籍
3435,狼心狗肺
3436,狼子野心
3437,稂莠
3438,浪
3439,浪荡
3440,浪费
3441,浪费时间
3442,浪M
3443,捞本
3444,捞摸
3445,捞取
3446,捞一把
3447,劳而无功
3448,劳民伤财
3449,劳神
3450,劳心焦思
3451,牢笼
3452,老
3453,老八辈子
3454,老不休
3455,老巢
3456,老大
3457,老大难
3458,老到
3459,老掉牙
3460,老二
3461,老赶
3462,老猴
3463,老狐狸
3464,老奸巨猾
3465,老奸巨滑
3466,老辣
3467,老练
3468,老谋深算
3469,老娘
3470,老牛破车
3471,老派
3472,老气
3473,老气横秋
3474,老弱病残
3475,老实
3476,老式
3477,老是
3478,老死
3479,老态龙锺
3480,老调
3481,老顽固
3482,老窝
3483,老相
3484,老羞成怒
3485,老朽
3486,老油条
3487,老子
3488,唠叨
3489,唠唠叨叨
3490,唠里唠叨
3491,烙跑
3492,涝害
3493,乐极则悲
3494,乐尽悲来
3495,勒逼
3496,勒派
3497,勒抑
3498,勒诈
3499,了不得
3500,了不起
3501,了草
3502,雷霹
3503,雷同
3504,羸弱
3505,肋
3506,泪动
3507,泪流
3508,泪流满面
3509,泪如雨下
3510,泪下
3511,累牍连篇
3512,累累
3513,累卵
3514,累赘
3515,楞头呆脑
3516,楞住
3517,冷
3518,冷冰冰
3519,冷嘲热讽
3520,冷淡
3521,冷风
3522,冷害
3523,冷汗
3524,冷箭
3525,冷噤
3526,冷静
3527,冷静下来
3528,冷峻
3529,冷酷
3530,冷酷无情
3531,冷冷
3532,冷冷清清
3533,冷厉
3534,冷落
3535,冷门
3536,冷漠
3537,冷峭
3538,冷清
3539,冷清清
3540,冷然
3541,冷若冰霜
3542,冷销
3543,冷血
3544,冷言冷语
3545,冷眼
3546,冷眼旁观
3547,冷遇
3548,冷战
3549,愣
3550,愣神儿
3551,愣头愣脑
3552,愣怔
3553,愣怔怔
3554,愣住
3555,睁
3556,离格
3557,离合悲欢
3558,离婚
3559,离间
3560,离开
3561,离开正道
3562,离乱
3563,离谱
3564,离谱儿
3565,离奇
3566,离群
3567,离散
3568,离索
3569,离题
3570,离题万里
3571,离乡
3572,离乡背井
3573,离心离德
3574,李广未封
3575,里出外进
3576,里通外国
3577,俚俗
3578,哩哩啦啦
3579,哩哩罗罗
3580,哩溜歪斜
3581,理亏
3582,理亏|
3583,理屈
3584,理屈词穷
3585,厉
3586,厉鬼
3587,厉声
3588,利己
3589,利令智昏
3590,利已
3591,利益输送
3592,利用
3593,利用别人
3594,利用人
3595,利用我们
3596,利诱
3597,利欲熏心
3598,戾
3599,詈
3600,詈骂
3601,詈夷为跖
3602,连昏达曙
3603,连篇累册
3604,连篇累牍
3605,怜
3606,怜悯
3607,怜惜
3608,怜新厌旧
3609,怜恤
3610,联合
3611,联络
3612,敛财
3613,脸红耳热
3614,脸皮薄
3615,脸皮厚
3616,脸青鼻肿
3617,脸上发红
3618,恋酒贪花
3619,良莠不齐
3620,凉
3621,粮食不足
3622,两道三科
3623,两面光
3624,两面三刀
3625,两难
3626,亮红灯
3627,谅
3628,谅解
3629,寥
3630,寥寂
3631,潦草
3632,潦倒
3633,缭乱
3634,劣
3635,劣等
3636,劣根
3637,劣根性
3638,劣迹
3639,劣绅
3640,劣势
3641,劣质
3642,劣中之劣
3643,烈
3644,烈性子
3645,猎取
3646,猎食
3647,裂缝
3648,裂痕
3649,裂开
3650,裂开的
3651,裂口
3652,裂隙
3653,拎背
3654,临时
3655,临时地
3656,临时手段
3657,临死
3658,临阵脱逃
3659,嶙嶙
3660,嶙峋
3661,鳞状
3662,凛
3663,凛凛
3664,凛然
3665,吝
3666,吝啬
3667,伶仃
3668,凌迟
3669,凌轹
3670,凌乱
3671,凌虐
3672,凌侮
3673,凌夷
3674,凌杂
3675,陵轹
3676,陵夷
3677,零
3678,零丁
3679,零零散散
3680,零零碎碎
3681,零乱
3682,零落
3683,零七八碎
3684,零散
3685,零碎
3686,零星
3687,令人不安
3688,令人齿冷
3689,令人恶心
3690,令人发指
3691,令人费解
3692,令人寒心
3693,令人敬畏
3694,令人困倦
3695,令人恼火
3696,令人疲倦
3697,令人伤心
3698,令人生气
3699,令人生厌
3700,令人失望
3701,令人讨厌
3702,令人厌恶
3703,令人厌倦
3704,令人遗憾
3705,令人窒息
3706,令人作呕
3707,溜边
3708,溜号
3709,溜门
3710,溜须拍马
3711,留难
3712,流弊
3713,流窜
3714,流毒
3715,流寇
3716,流里流气
3717,流痞
3718,流气
3719,流俗
3720,流眼泪
3721,六亲不认
3722,六神无主
3723,聋的
3724,笼络
3725,笼统
3726,垄断
3727,娄子
3728,陋
3729,陋规
3730,陋俗
3731,陋习
3732,漏丑
3733,漏出
3734,漏电
3735,漏洞
3736,漏洞百出
3737,漏气
3738,漏球
3739,漏税
3740,漏损
3741,漏损量
3742,漏损物
3743,漏网
3744,漏卮
3745,漏子
3746,漏做
3747,喽
3748,撸
3749,卤莽
3750,掳掠
3751,鲁
3752,鲁钝
3753,鲁莽
3754,鲁莽的
3755,鲁莽行为
3756,碌
3757,碌碌
3758,碌碌无为
3759,露骨
3760,露怯
3761,乱
3762,乱辩
3763,乱兵
3764,乱嘈嘈
3765,乱扯
3766,乱臣
3767,乱成一团
3768,乱吃
3769,乱吃豆腐
3770,乱吹牛
3771,乱窜
3772,乱丢
3773,乱丢垃圾
3774,乱吠
3775,乱纷纷
3776,乱盖
3777,乱搞
3778,乱烘烘
3779,乱哄哄
3780,乱吼
3781,乱乎
3782,乱讲
3783,乱叫
3784,乱结
3785,乱砍
3786,乱了方寸
3787,乱了营
3788,乱离
3789,乱乱哄哄
3790,乱麻麻
3791,乱骂
3792,乱骂人
3793,乱民
3794,乱虐并生
3795,乱蓬蓬
3796,乱批评
3797,乱屁
3798,乱七八糟
3799,乱杀
3800,乱世
3801,乱说
3802,乱说话
3803,乱撕
3804,乱套
3805,乱腾
3806,乱腾腾
3807,乱想
3808,乱用
3809,乱语
3810,乱杂
3811,乱糟糟
3812,乱真
3813,乱诌
3814,乱子
3815,掠取
3816,沦落
3817,沦丧
3818,沦亡
3819,沦陷
3820,论调
3821,论战
3822,论争
3823,论争的
3824,里唆
3825,里嗦
3826,唆唆
3827,嗦嗦
3828,唆
3829,嗦
3830,罗哩吧唆
3831,罗唆
3832,罗嗦
3833,罗网
3834,落后
3835,落後
3836,落後程度
3837,落後的
3838,落後於
3839,落荒
3840,落荒而逃
3841,落架
3842,落井下石
3843,落空
3844,落泪
3845,落落寡合
3846,落马
3847,落漠
3848,落寞
3849,落难
3850,落魄
3851,落入
3852,落市
3853,落俗套
3854,落套
3855,落拓
3856,落网
3857,落伍
3858,落下
3859,落选
3860,虑
3861,率
3862,率尔
3863,率然
3864,妈ㄉ
3865,妈的
3866,麻
3867,麻痹
3868,麻烦
3869,麻麻黑
3870,麻木
3871,麻木不仁
3872,马大哈
3873,马的
3874,马的逼
3875,马的咧
3876,马糊
3877,马虎
3878,马脚
3879,马马虎虎
3880,马屁
3881,马屁话
3882,马贼
3883,码的
3884,骂
3885,骂不绝口
3886,骂出
3887,骂出来
3888,骂粗话
3889,骂大街
3890,骂得很惨
3891,骂街
3892,骂骂咧咧
3893,骂名
3894,骂娘
3895,骂人
3896,骂他
3897,骂一顿
3898,骂v话
3899,埋没
3900,埋汰
3901,埋怨
3902,买好
3903,买通
3904,卖不掉
3905,卖不动
3906,卖国
3907,卖国贼
3908,卖好
3909,卖弄
3910,卖弄风骚
3911,卖友
3912,颟顸
3913,蛮不讲理
3914,蛮缠
3915,蛮干
3916,蛮贵的
3917,蛮悍
3918,蛮横
3919,蛮横的
3920,蛮横行为
3921,蛮横无理
3922,蛮荒
3923,瞒哄
3924,满
3925,满不在乎
3926,满得溢出
3927,满腹
3928,满腹牢骚
3929,满腹疑云
3930,满脸愁雾
3931,满脸横肉
3932,满脸烂肉
3933,满面愁容
3934,满目疮痍
3935,谩
3936,谩骂
3937,蔓生
3938,蔓生的
3939,蔓延
3940,漫
3941,漫不经心
3942,漫不经意
3943,漫漶
3944,漫骂
3945,漫无边际
3946,漫无目标
3947,漫无目的
3948,慢的
3949,慢慢腾腾
3950,慢慢吞吞
3951,慢慢悠悠
3952,慢腾腾
3953,慢吞吞
3954,慢吞吞地
3955,慢性
3956,慢性的
3957,盲从
3958,盲动
3959,盲干
3960,盲目
3961,盲人瞎马
3962,盲用
3963,茫
3964,茫茫
3965,茫茫然
3966,莽
3967,莽苍
3968,莽莽苍苍
3969,莽莽撞撞
3970,莽撞
3971,猫哭老鼠
3972,猫腻
3973,毛
3974,毛糙
3975,毛骨悚然
3976,毛坑
3977,毛毛躁躁
3978,毛手毛脚
3979,毛头毛脑
3980,毛躁
3981,毛子
3982,矛盾
3983,蟊贼
3984,冒
3985,冒充
3986,冒渎
3987,冒犯
3988,冒功
3989,冒火
3990,冒进
3991,冒冷汗
3992,冒昧
3993,冒牌
3994,冒牌货
3995,冒失
3996,冒险
3997,冒有风险
3998,贸贸然
3999,贸然
4000,贸然轻率
4001,貌合神离
4002,貌似强大
4003,没把握
4004,没办法
4005,没边儿
4006,没才华
4007,没出息
4008,没大没小
4009,没到
4010,没道理
4011,没得
4012,没动逃
4013,没法
4014,没法儿
4015,没法子
4016,没个好脸
4017,没骨头
4018,没关系
4019,没规矩
4020,没好气
4021,没脚
4022,没觉察到
4023,没教养
4024,没劲
4025,没精
4026,没精打采
4027,没精打彩
4028,没救
4029,没救了
4030,没来由
4031,没礼貌
4032,没理
4033,没脸
4034,没良心
4035,没两下子
4036,没落
4037,没落子
4038,没脑袋
4039,没能
4040,没能力
4041,没皮没脸
4042,没屁眼
4043,没品
4044,没品德
4045,没轻没重
4046,没去
4047,没去理会
4048,没趣
4049,没事
4050,没事做
4051,没手
4052,没手没脚
4053,没受
4054,没水准
4055,没天理
4056,没头没脑
4057,没头脑
4058,没完没了
4059,没卫生
4060,没味
4061,没想
4062,没想到
4063,没效
4064,没心没肺
4065,没心眼儿
4066,没羞
4067,没样儿
4068,没意思
4069,没用
4070,没有
4071,没有好脸
4072,没有教养
4073,没有礼貌
4074,没有能力
4075,没有头脑
4076,没有学问
4077,没有勇气
4078,没有用
4079,没辄
4080,没治
4081,没种
4082,没注意到
4083,酶烂
4084,霉气
4085,每况愈下
4086,昧心
4087,媚骨
4088,媚世
4089,媚俗
4090,媚态
4091,媚外
4092,闷
4093,闷沉沉
4094,闷棍
4095,闷倦
4096,闷闷
4097,闷闷不乐
4098,闷气
4099,闷热
4100,闷热的
4101,闷死
4102,闷郁
4103,闷着
4104,闷住
4105,蒙蔽
4106,蒙哄
4107,蒙混
4108,蒙胧
4109,蒙昧
4110,蒙蒙
4111,蒙蒙胧胧
4112,蒙骗
4113,蒙事
4114,蒙受
4115,蒙受耻辱
4116,蒙羞
4117,蒙冤
4118,瞢
4119,朦
4120,朦胧
4121,朦朦胧胧
4122,猛烈
4123,猛然
4124,懵
4125,懵懂
4126,懵里懵懂
4127,懵懵懂懂
4128,孟浪
4129,梦魇
4130,弥漫
4131,弥天
4132,弥天大罪
4133,迷宫般
4134,迷糊
4135,迷惑
4136,迷离
4137,迷离扑朔
4138,迷离倘恍
4139,迷恋
4140,迷漫
4141,迷茫
4142,迷蒙
4143,迷蒙蒙
4144,迷
4145,迷迷糊糊
4146,迷迷茫茫
4147,迷迷蒙蒙
4148,迷迷怔怔
4149,迷雾
4150,迷信
4151,糜
4152,糜费
4153,糜烂
4154,靡丽
4155,靡靡
4156,米珠薪桂
4157,秘
4158,秘密
4159,密
4160,密不透风
4161,绵里藏针
4162,绵软
4163,免谈
4164,勉勉强强
4165,勉强
4166,腼腆
4167,面呈病色
4168,面斥
4169,面带嗔色
4170,面带怒色
4171,面黄肌瘦
4172,面面相觑
4173,面目可憎
4174,面目狰狞
4175,面如死灰
4176,面如土色
4177,面色蜡黄
4178,面生
4179,面无表情
4180,面无人色
4181,面有愧色
4182,面有难色
4183,面有愠色
4184,渺
4185,渺茫
4186,渺渺
4187,渺然
4188,渺若烟云
4189,渺小
4190,缈
4191,藐视
4192,藐小
4193,灭迹
4194,灭绝
4195,灭绝的
4196,灭绝人性
4197,灭口
4198,灭亡
4199,蔑
4200,蔑称
4201,蔑视
4202,民怨沸腾
4203,民贼
4204,悯
4205,愍
4206,名不符实
4207,名不副实
4208,名过其实
4209,名利
4210,名落孙山
4211,名义
4212,名义上
4213,名誉扫地
4214,明火执仗
4215,明目张胆
4216,明枪暗箭
4217,明抢
4218,明哲保身
4219,明争暗斗
4220,明知故犯
4221,鸣不平
4222,鸣冤叫屈
4223,冥
4224,冥冥
4225,冥顽
4226,冥顽不化
4227,冥顽不灵
4228,暝
4229,瞑
4230,命苦
4231,谬
4232,谬错
4233,谬见
4234,谬论
4235,谬说
4236,谬误
4237,谬误的
4238,谬种
4239,摸不清
4240,摸不准
4241,摸弄
4242,模糊
4243,模糊不清
4244,模糊的
4245,模棱两可
4246,模模糊糊
4247,摩擦
4248,摩肩接踵
4249,磨不开
4250,磨缠
4251,磨烦
4252,磨坏
4253,磨磨蹭蹭
4254,磨难
4255,磨损
4256,磨损处
4257,磨损的
4258,魔怪
4259,魔鬼
4260,魔鬼般
4261,魔鬼的
4262,魔鬼似
4263,魔鬼似的
4264,魔窟
4265,魔难
4266,魔女
4267,魔王
4268,魔掌
4269,魔爪
4270,魔怔
4271,抹不开
4272,抹黑
4273,抹杀
4274,抹煞
4275,末流
4276,末路
4277,陌生
4278,莫名
4279,莫名其妙
4280,莫明
4281,莫明奇妙
4282,莫能
4283,莫须有
4284,漠
4285,漠不
4286,漠不关心
4287,漠漠
4288,漠然
4289,漠然视之
4290,漠然置之
4291,漠视
4292,寞
4293,墨
4294,墨吏
4295,墨守成规
4296,默默
4297,默默承受
4298,牟利
4299,牟取
4300,谋财害命
4301,谋得
4302,谋反
4303,谋反者
4304,谋害
4305,谋划
4306,谋略
4307,谋杀
4308,谋私
4309,谋陷
4310,木
4311,木雕泥塑
4312,木讷
4313,木然
4314,木石心肠
4315,木头木脑
4316,木心石腹
4317,目不识丁
4318,目瞪口呆
4319,目光短浅
4320,目光如豆
4321,目光凶狠
4322,目空一切
4323,目论
4324,目无法纪
4325,目无余子
4326,目中无人
4327,墓穴
4328,幕后
4329,暮气
4330,暮气沉沉
4331,暮色苍茫
4332,拿大
4333,拿捏
4334,拿腔拿调
4335,拿腔作势
4336,拿乔
4337,拿人
4338,那麽干
4339,那麽烂
4340,那麽没用
4341,呐喊
4342,纳粹
4343,纳罕
4344,纳贿
4345,奶声奶气
4346,男盗女娼
4347,南辕北辙
4348,难
4349,难办
4350,难吃
4351,难处
4352,难处理
4353,难处理的
4354,难达成
4355,难达成的
4356,难达到
4357,难达到的
4358,难点
4359,难过
4360,难驾驭
4361,难驾驭的
4362,难接近
4363,难接近的
4364,难解
4365,难解的
4366,难堪
4367,难看
4368,难看的
4369,难看死了
4370,难控制
4371,难控制的
4372,难民
4373,难耐
4374,难耐的
4375,难取悦
4376,难取悦的
4377,难人
4378,难上加难
4379,难上难
4380,难事
4381,难受
4382,难说话
4383,难题
4384,难听
4385,难为情
4386,难闻
4387,难相处
4388,难相处的
4389,难信
4390,难信的
4391,难驯服
4392,难以
4393,难以沟通
4394,难以明了
4395,难以取悦
4396,难以相信
4397,难以置信
4398,难以捉摸
4399,难治疗
4400,难治疗的
4401,难捉摸
4402,难捉摸的
4403,赧然
4404,赧颜
4405,囊空如洗
4406,囊中羞涩
4407,孬
4408,孬种
4409,呶呶
4410,恼
4411,恼恨
4412,恼火
4413,恼怒
4414,恼人
4415,恼人的
4416,恼人事
4417,恼羞成怒
4418,脑满肠肥
4419,闹
4420,闹别扭
4421,闹大
4422,闹得慌
4423,闹法庭
4424,闹翻
4425,闹革命
4426,闹鬼
4427,闹哄哄
4428,闹架
4429,闹僵
4430,闹剧
4431,闹闹哄哄
4432,闹闹嚷嚷
4433,闹脾气
4434,闹情绪
4435,闹嚷嚷
4436,闹事
4437,闹腾
4438,闹性子
4439,闹灾
4440,讷
4441,馁
4442,内斗
4443,内耗
4444,内哄
4445,内讧
4446,内奸
4447,内疚
4448,内乱
4449,内幕
4450,内难
4451,内外交困
4452,内忧
4453,内忧外患
4454,内阻
4455,嫩
4456,泥古
4457,泥沙俱下
4458,泥塑木雕
4459,你管我
4460,你就完了
4461,你妈
4462,你妈的
4463,你去死
4464,你是怎样
4465,你死我活
4466,你他妈
4467,你他妈的
4468,你她妈
4469,你完了
4470,逆
4471,逆产
4472,逆耳
4473,逆流
4474,逆子
4475,匿名
4476,腻
4477,腻烦
4478,腻人
4479,腻歪
4480,腻味
4481,溺爱
4482,溺死
4483,拈轻怕重
4484,蔫不唧儿
4485,蔫儿坏
4486,蔫头耷脑
4487,年久失修
4488,年老体弱
4489,年迈力衰
4490,黏糊
4491,撵走
4492,碾碎
4493,鸟不拉机
4494,鸟东西
4495,鸟话
4496,鸟尽弓藏
4497,鸟屎
4498,鸟态度
4499,鸟样
4500,捏把汗
4501,捏弄
4502,捏一把汗
4503,捏造
4504,啮噬
4505,孽根
4506,孽种
4507,宁可
4508,宁愿
4509,狞
4510,狞恶
4511,狞笑
4512,凝滞
4513,凝重
4514,佞笑
4515,佞幸
4516,泞
4517,牛刀小试
4518,牛气
4519,扭捏
4520,扭捏作态
4521,扭扭捏捏
4522,忸怩
4523,忸怩作态
4524,忸忸怩怩
4525,拗
4526,拗客
4527,拗口
4528,浓烈
4529,浓烟
4530,浓艳
4531,脓包
4532,弄跛
4533,弄错
4534,弄翻
4535,弄鬼
4536,弄坏
4537,弄乱
4538,弄权
4539,弄碎
4540,弄歪
4541,弄虚作假
4542,弄糟
4543,弄皱
4544,奴才
4545,奴化
4546,奴隶
4547,奴性
4548,奴颜婢膝
4549,奴颜媚骨
4550,驽
4551,驽钝
4552,驽马
4553,努牙突嘴
4554,怒
4555,怒不可遏
4556,怒叱
4557,怒斥
4558,怒冲冲
4559,怒发冲冠
4560,怒喝
4561,怒火
4562,怒火冲天
4563,怒火中烧
4564,怒骂
4565,怒目
4566,怒目而视
4567,怒目切齿
4568,怒气
4569,怒气冲冲
4570,怒气冲天
4571,怒视
4572,怒形于色
4573,虐
4574,虐待
4575,虐杀
4576,虐政
4577,挪用
4578,懦
4579,懦夫
4580,懦怯
4581,懦弱
4582,懦弱的人
4583,女流
4584,殴打
4585,呕气
4586,呕吐
4587,呕吐物
4588,怄
4589,怄气
4590,爬行
4591,怕
4592,怕苦怕累
4593,怕生
4594,怕事
4595,怕死
4596,怕死鬼
4597,怕羞
4598,拍案而起
4599,拍马
4600,拍马屁
4601,排场
4602,排斥
4603,排除
4604,排挤
4605,排外
4606,排揎
4607,徘徊
4608,派不是
4609,攀附
4610,攀高枝儿
4611,攀诬
4612,盘剥
4613,盘根错节
4614,盘踞
4615,盘u
4616,盘问
4617,蹒跚
4618,蹒跚地走
4619,叛变
4620,叛离
4621,叛卖
4622,叛逃
4623,滂
4624,彷
4625,彷徨
4626,庞大
4627,庞杂
4628,旁徨
4629,旁敲侧击
4630,旁若无人
4631,旁骛
4632,胖的
4633,胖子
4634,抛费
4635,抛荒
4636,抛脸
4637,抛弃
4638,抛头露面
4639,跑跑跳跳
4640,跑辙
4641,泡病号
4642,泡蘑菇
4643,泡汤
4644,泡影
4645,炮灰
4646,炮制
4647,赔本
4648,赔钱
4649,赔帐
4650,配不上
4651,喷出
4652,喷粪
4653,喷溅
4654,喷溅出来
4655,喷溅声
4656,抨
4657,抨击
4658,朋比为奸
4659,朋党
4660,蓬乱
4661,蓬蓬
4662,蓬散
4663,蓬首垢面
4664,蓬头垢面
4665,蓬头散发
4666,捧场
4667,碰壁
4668,碰击
4669,碰伤
4670,碰运气
4671,碰运气的
4672,碰撞
4673,批
4674,批臭
4675,批斗
4676,批发
4677,批评别人
4678,批评为
4679,纰漏
4680,纰缪
4681,披靡
4682,劈开
4683,劈开的
4684,劈脸
4685,劈啪
4686,劈啪声
4687,皮
4688,皮里阳秋
4689,皮脸
4690,皮毛
4691,皮囊
4692,皮条客
4693,皮相
4694,蚍蜉撼树
4695,疲惫
4696,疲敝
4697,疲倦
4698,疲困
4699,疲劳
4700,疲累
4701,疲软
4702,疲弱
4703,疲塌
4704,疲沓
4705,脾气
4706,脾气暴
4707,脾气暴躁
4708,脾气爆躁
4709,脾气坏
4710,脾气坏的
4711,脾气火暴
4712,脾气急躁
4713,匹夫
4714,痞棍
4715,痞子
4716,屁滚尿流
4717,屁话
4718,屁啦
4719,屁事
4720,屁眼
4721,屁用
4722,僻
4723,僻静
4724,僻陋
4725,偏
4726,偏爱
4727,偏安
4728,偏差
4729,偏废
4730,偏护
4731,偏激
4732,偏见
4733,偏枯
4734,偏僻
4735,偏颇
4736,偏失
4737,偏食
4738,偏私
4739,偏听偏信
4740,偏狭
4741,偏向
4742,偏斜
4743,偏心
4744,偏心眼
4745,偏执
4746,骈枝
4747,片断
4748,片面
4749,骗
4750,骗吃混喝
4751,骗局
4752,骗取
4753,骗人
4754,骗人的
4755,骗术
4756,骗子
4757,剽悍
4758,剽窃
4759,剽取
4760,剽袭
4761,漂泊
4762,漂泊的
4763,漂泊者
4764,漂浮
4765,缥缈
4766,飘零
4767,G
4768,贫
4769,贫寒
4770,贫瘠
4771,贫贱
4772,贫苦
4773,贫困
4774,贫气
4775,贫穷
4776,贫弱
4777,贫嘴
4778,贫嘴薄舌
4779,频繁
4780,频仍
4781,品头论足
4782,平白
4783,平白无故
4784,平板
4785,平常
4786,平淡
4787,平淡无奇
4788,平淡无味
4789,平凡
4790,平铺直序
4791,平铺直叙
4792,平庸
4793,评头论足
4794,评头品足
4795,凭白无故
4796,凭空
4797,凭什麽
4798,坡
4799,泼
4800,泼妇
4801,泼悍
4802,泼剌
4803,泼辣
4804,泼冷水
4805,泼皮
4806,颇有微词
4807,婆婆妈妈
4808,叵测
4809,迫不
4810,迫不得已
4811,迫不及待
4812,迫切
4813,破
4814,破败
4815,破财
4816,破掉
4817,破罐破摔
4818,破坏
4819,破坏心情
4820,破坏性
4821,破机八
4822,破旧
4823,破口
4824,破口大骂
4825,破烂
4826,破烂不堪
4827,破脸
4828,破裂
4829,破陋
4830,破落
4831,破麻
4832,破灭
4833,破碎
4834,破铜烂铁
4835,破约
4836,破绽
4837,破绽百出
4838,魄散魂飞
4839,掊击
4840,扑灭
4841,扑朔迷离
4842,扑腾
4843,铺张
4844,铺张浪费
4845,仆人
4846,仆人的
4847,七零八落
4848,七窍生烟
4849,凄
4850,凄惨
4851,凄恻
4852,凄楚
4853,凄怆
4854,凄寒
4855,凄惶
4856,凄寂
4857,凄苦
4858,凄冷
4859,凄厉
4860,凄凉
4861,凄迷
4862,凄切
4863,凄然
4864,凄酸
4865,凄婉
4866,凄怨
4867,萋迷
4868,戚戚
4869,戚然
4870,欺负
4871,欺哄
4872,欺凌
4873,欺瞒
4874,欺蒙
4875,欺骗
4876,欺辱
4877,欺软怕硬
4878,欺生
4879,欺世盗名
4880,欺天诳地
4881,欺侮
4882,欺压
4883,欺诈
4884,欺诈的
4885,欺诈性
4886,欺诈者
4887,漆黑
4888,漆黑一团
4889,其反
4890,其貌不扬
4891,奇丑无比
4892,奇怪
4893,奇怪的
4894,奇货可居
4895,奇形怪状
4896,歧视
4897,崎
4898,崎岖
4899,崎岖不平
4900,骑虎难下
4901,骑墙
4902,旗号
4903,乞降
4904,乞怜
4905,乞食
4906,岂有此理
4907,企图
4908,杞人忧天
4909,启衅
4910,起哄
4911,起诉
4912,起疑心
4913,起意
4914,起褶子
4915,起绉
4916,气
4917,气昂昂
4918,气不忿
4919,气不过
4920,气不平
4921,气冲冲
4922,气冲斗牛
4923,气冲牛斗
4924,气粗
4925,气得
4926,气的半死
4927,气短
4928,气忿
4929,气忿忿
4930,气愤
4931,气愤愤
4932,气愤填膺
4933,气疯
4934,气鼓鼓
4935,气狠狠
4936,气哼哼
4937,气乎乎
4938,气呼呼
4939,气坏
4940,气昏
4941,气急
4942,气急败坏
4943,气绝身亡
4944,气闷
4945,气恼
4946,气馁
4947,气盛
4948,气势汹汹
4949,气死
4950,气死ㄌ
4951,气死了
4952,气死人
4953,气死我了
4954,气头上
4955,气味相投
4956,气息奄奄
4957,气汹汹
4958,气咻咻
4959,气焰
4960,气焰嚣张
4961,气壮如牛
4962,弃信忘义
4963,器焰嚣张
4964,千变万化
4965,千部一腔
4966,千疮百孔
4967,千方百计
4968,千金一掷
4969,千钧一发
4970,千篇一律
4971,千人一面
4972,迁就
4973,迁怒
4974,牵肠挂肚
4975,牵挂
4976,牵累
4977,牵念
4978,牵强
4979,悭吝
4980,愆尤
4981,前功尽弃
4982,前呼后拥
4983,前倨后恭
4984,前科
4985,前愆
4986,前途渺茫
4987,前嫌
4988,钳制
4989,乾阴阳
4990,潜
4991,潜藏
4992,潜伏
4993,潜伏者
4994,潜行
4995,潜行於
4996,潜入
4997,潜逃
4998,潜踪
4999,黔驴技穷
5000,黔驴之技
5001,浅
5002,浅薄
5003,浅尝
5004,浅尝辄止
5005,浅的
5006,浅近
5007,浅陋
5008,浅学
5009,谴
5010,谴责
5011,谴谪
5012,欠扁
5013,欠打
5014,欠干
5015,欠佳
5016,欠骂
5017,欠你的
5018,欠缺
5019,欠妥
5020,欠完善
5021,欠周到
5022,欠揍
5023,歉疚
5024,歉然
5025,歉甚
5026,歉收
5027,枪毙
5028,枪声
5029,枪替
5030,戕害
5031,戕贼
5032,强
5033,强暴
5034,强逼
5035,强辩
5036,强词夺理
5037,强行
5038,强横
5039,强横霸道
5040,强加
5041,强梁
5042,强迫
5043,强求
5044,强权
5045,强硬
5046,强占
5047,强制
5048,强制性
5049,强嘴
5050,抢夺
5051,抢劫
5052,抢掠
5053,抢占
5054,抢走
5055,呛声
5056,硗薄
5057,硗瘠
5058,敲打
5059,敲骨吸髓
5060,敲诈
5061,敲诈勒索
5062,敲诈者
5063,敲竹杠
5064,憔悴
5065,憔悴的
5066,瞧不起
5067,瞧不起人
5068,瞧不上
5069,瞧不上眼
5070,巧
5071,巧立名目
5072,巧取豪夺
5073,巧舌如簧
5074,巧黠
5075,巧言利口
5076,巧言令色
5077,巧言偏辞
5078,愀
5079,愀然
5080,诮
5081,诮呵
5082,峭
5083,峭直
5084,翘尾巴
5085,撬动
5086,撬起
5087,切齿
5088,切齿痛恨
5089,怯
5090,怯懦
5091,怯然
5092,怯弱
5093,怯生生
5094,怯阵
5095,窃
5096,窃夺
5097,窃国
5098,窃据
5099,窃取
5100,窃听
5101,窃听器
5102,窃贼
5103,趄
5104,侵凌
5105,侵权
5106,侵越
5107,亲信
5108,禽兽不如
5109,青面獠牙
5110,青皮
5111,轻
5112,轻薄
5113,轻淡
5114,轻敌
5115,轻浮
5116,轻忽
5117,轻贱
5118,轻举妄动
5119,轻看
5120,轻狂
5121,轻率
5122,轻率的
5123,轻慢
5124,轻描淡写
5125,轻蔑
5126,轻蔑的
5127,轻蔑地笑
5128,轻飘
5129,轻世做物
5130,轻视
5131,轻佻
5132,轻佻的
5133,轻侮
5134,轻信
5135,轻信的
5136,轻易
5137,轻易停止
5138,倾侧
5139,倾巢
5140,倾倒
5141,倾覆
5142,倾销
5143,倾销商品
5144,倾斜
5145,倾斜的
5146,倾卸
5147,倾轧
5148,清淡
5149,清高
5150,清规戒律
5151,清寒
5152,清苦
5153,清冷
5154,清贫
5155,清算
5156,蜻蜓点水
5157,情何以堪
5158,情怨理遣
5159,罄竹难书
5160,穷
5161,穷兵黩武
5162,穷乏
5163,穷光蛋
5164,穷极潦倒
5165,穷极无聊
5166,穷境
5167,穷寇
5168,穷苦
5169,穷匮
5170,穷困
5171,穷困的
5172,穷困潦倒
5173,穷人
5174,穷奢极侈
5175,穷奢极欲
5176,穷酸
5177,穷途
5178,穷途潦倒
5179,穷途末路
5180,穷凶
5181,穷凶极恶
5182,茕茕
5183,茕茕孑立
5184,丘八
5185,囚禁
5186,囚首垢面
5187,囚徒
5188,求教
5189,求解
5190,求救
5191,求乞
5192,求情
5193,求求
5194,求全
5195,求全责备
5196,求饶
5197,求助
5198,区区
5199,诎
5200,驱散
5201,驱使
5202,驱逐
5203,屈才
5204,屈从
5205,屈伏
5206,屈服
5207,屈节
5208,屈节辱命
5209,屈理
5210,屈辱
5211,屈枉
5212,屈膝
5213,蛆虫
5214,趋奉
5215,趋炎附势
5216,黢
5217,黢黑
5218,曲曲折折
5219,曲意逢迎
5220,曲折
5221,曲折的
5222,取得
5223,取闹
5224,取巧
5225,取消
5226,取笑
5227,去搞
5228,去你
5229,去你的
5230,去你妈
5231,去你妈的
5232,去去去
5233,去死
5234,去死吧
5235,去死啦
5236,圈拢
5237,权臣
5238,权贵
5239,权门
5240,权谋
5241,权势
5242,权术
5243,权宜
5244,权宜的
5245,权宜之计
5246,权诈
5247,拳打脚踢
5248,犬牙交错
5249,劝告
5250,劝阻
5251,缺
5252,缺德
5253,缺点
5254,缺乏才智
5255,缺乏教养
5256,缺乏幽默
5257,缺憾
5258,缺欠
5259,缺失
5260,缺损
5261,缺心眼
5262,缺心眼儿
5263,瘸的
5264,阙陋
5265,阙略
5266,裙带
5267,群氓
5268,群魔乱舞
5269,燃烧
5270,染缸
5271,染指
5272,攘臂嗔目
5273,攘攘
5274,让渡
5275,让你好看
5276,让你死
5277,让人讦
5278,饶
5279,饶人
5280,饶舌
5281,饶恕
5282,娆
5283,扰乱
5284,扰民
5285,扰攘
5286,扰扰
5287,绕脖子
5288,绕圈子
5289,绕圈子的
5290,惹到
5291,惹到你
5292,惹的祸
5293,惹祸
5294,惹毛
5295,惹恼
5296,惹怒
5297,惹气
5298,惹人恼怒
5299,惹人厌
5300,惹上
5301,惹事
5302,惹是非
5303,惹是生非
5304,热病
5305,人祸
5306,人面兽心
5307,人穷志短
5308,人人自危
5309,人身攻击
5310,人神共愤
5311,人声嘈杂
5312,人声鼎沸
5313,人头攒动
5314,人心惶惶
5315,人心似铁
5316,人云亦云
5317,人渣
5318,忍耐
5319,忍气吞声
5320,忍让
5321,忍受
5322,忍受不了
5323,忍痛
5324,忍下来
5325,忍心
5326,荏
5327,荏弱
5328,认命
5329,认输
5330,认死理
5331,认死理儿
5332,认头
5333,任其自流
5334,任情
5335,任人唯亲
5336,任性
5337,任意
5338,任重道远
5339,任纵
5340,轫
5341,日薄西山
5342,日本鬼子
5343,日暮途穷
5344,日食万钱
5345,容忍
5346,冗
5347,冗笔
5348,冗繁
5349,冗余
5350,冗员
5351,冗杂
5352,冗长
5353,冗赘
5354,柔肠百结
5355,柔肠寸断
5356,柔弱
5357,揉磨
5358,蹂躏
5359,肉
5360,肉脚
5361,肉了叭叽
5362,肉麻
5363,肉欲
5364,如鲠在喉
5365,如临大敌
5366,如临深渊
5367,如履薄冰
5368,如泣如诉
5369,如丧考妣
5370,蠕动
5371,乳臭未干
5372,辱骂
5373,辱没
5374,辱命
5375,入寇
5376,入迷
5377,入迷的
5378,入迷的人
5379,入魔
5380,入侵
5381,溽热
5382,溽暑
5383,缛
5384,软
5385,软绵绵
5386,软磨
5387,软弱
5388,软弱无力
5389,若明若暗
5390,若隐若现
5391,弱
5392,弱不禁风
5393,弱不胜衣
5394,弱点
5395,弱势
5396,弱小
5397,弱智
5398,撒村
5399,撒旦
5400,撒刁
5401,撒谎
5402,撒赖
5403,撒尿
5404,撒泼
5405,撒气
5406,撒野
5407,塞八
5408,塞到
5409,塞拎娘
5410,塞满
5411,塞人
5412,塞责
5413,赛林良
5414,赛你娘
5415,赛人
5416,赛人样
5417,三八
5418,三流
5419,三心二意
5420,毵毵
5421,散
5422,散布
5423,散乱
5424,散落
5425,散漫
5426,嗓子不好
5427,丧胆
5428,丧德
5429,丧魂落魄
5430,丧尽天良
5431,丧乱
5432,丧命
5433,丧气
5434,丧失
5435,丧心
5436,丧心病狂
5437,丧志
5438,丧钟
5439,骚
5440,骚动
5441,骚乱
5442,骚乱性
5443,骚扰
5444,
5445,扫地
5446,扫兴
5447,臊
5448,色狼
5449,色厉内荏
5450,色迷迷
5451,色魔
5452,色情
5453,涩
5454,涩苦
5455,涩滞
5456,啬
5457,啬刻
5458,瑟瑟
5459,瑟缩
5460,森然
5461,杀
5462,杀风景
5463,杀机
5464,杀气
5465,杀气腾腾
5466,杀千刀
5467,杀人如麻
5468,铩羽
5469,鲨鱼
5470,啥玩意
5471,傻
5472,傻的
5473,傻瓜
5474,傻呵呵
5475,傻乎乎
5476,傻劲儿
5477,傻里瓜唧
5478,傻里傻气
5479,傻气
5480,傻事
5481,傻头傻脑
5482,傻笑
5483,傻眼
5484,傻子
5485,煞车
5486,煞费
5487,煞费苦心
5488,煞风景
5489,煞风景的
5490,煞气
5491,晒焦
5492,山南海北
5493,山穷水尽
5494,删除
5495,删去
5496,煽动
5497,煽动者
5498,煽风点火
5499,煽惑
5500,潸然
5501,潸然泪下
5502,膻
5503,膻气
5504,膻腥
5505,闪边
5506,闪人
5507,闪失
5508,闪烁
5509,闪烁其辞
5510,讪讪
5511,讪笑
5512,善罢干休
5513,善变
5514,善变的
5515,擅离
5516,擅权
5517,擅自
5518,擅自摸弄
5519,伤
5520,伤疤
5521,伤悲
5522,伤残
5523,伤风
5524,伤风败俗
5525,伤感
5526,伤感情
5527,伤感情的
5528,伤害
5529,伤害的
5530,伤耗
5531,伤痕
5532,伤怀
5533,伤口
5534,伤脑筋
5535,伤人
5536,伤人感情
5537,伤神
5538,伤生
5539,伤天害理
5540,伤痛欲绝
5541,伤亡
5542,伤心
5543,伤心惨目
5544,伤心的
5545,伤心事
5546,伤心死了
5547,伤元气
5548,上当
5549,上吊
5550,上赶着
5551,上台
5552,烧包
5553,烧坏
5554,烧毁
5555,烧焦
5556,烧伤
5557,烧制
5558,少不更事
5559,少烦
5560,少烦我
5561,少惹
5562,少惹我
5563,奢
5564,奢侈
5565,奢糜
5566,奢靡
5567,赊购
5568,赊欠
5569,赊帐
5570,舌头断掉
5571,蛇头
5572,蛇蝎
5573,蛇蝎心肠
5574,蛇欲吞象
5575,舍本逐末
5576,涉世不深
5577,涉嫌
5578,慑
5579,慑服
5580,申斥
5581,申饬
5582,申明
5583,申述
5584,申诉
5585,申讨
5586,伸手
5587,伸腿
5588,身败名裂
5589,身单力薄
5590,身无分文
5591,深仇大恨
5592,深恶痛绝
5593,深恨
5594,深以为异
5595,深重
5596,什锦
5597,什麽德性
5598,什麽东西
5599,什麽世界
5600,什麽态度
5601,神经兮兮
5602,神秘
5603,神气活现
5604,神气十足
5605,神伤
5606,神神秘秘
5607,神志委靡
5608,沈浸
5609,沈沦
5610,沈默
5611,沈默不语
5612,沈郁
5613,审判
5614,哂笑
5615,渗漏
5616,渗透
5617,渗透活动
5618,渗透物
5619,}
5620,}得慌
5621,}人
5622,生
5623,生搬硬套
5624,生变
5625,生番
5626,生恨
5627,生惧
5628,生恐
5629,生拉硬拽
5630,生怕
5631,生气
5632,生涩
5633,生杀予夺
5634,生事
5635,生疏
5636,生吞活剥
5637,生厌
5638,生疑
5639,生硬
5640,生造
5641,声称
5642,声名狼藉
5643,声明放弃
5644,声明拒付
5645,声气相投
5646,声色俱厉
5647,声讨
5648,声音
5649,盛气凌人
5650,剩余
5651,尸体
5652,尸位
5653,失败
5654,失常
5655,失当
5656,失德
5657,失掉
5658,失范
5659,失和
5660,失怙
5661,失悔
5662,失魂落魄
5663,失计
5664,失检
5665,失焦
5666,失节
5667,失控
5668,失礼
5669,失利
5670,失恋
5671,失落
5672,失盲
5673,失密
5674,失去理性
5675,失去勇气
5676,失去知觉
5677,失却
5678,失色
5679,失闪
5680,失身
5681,失神
5682,失慎
5683,失实
5684,失手
5685,失算
5686,失态
5687,失望
5688,失误
5689,失笑
5690,失信
5691,失序
5692,失血
5693,失宜
5694,失意
5695,失约
5696,失着
5697,失职
5698,失志
5699,失足
5700,师心自用
5701,施暴
5702,施以
5703,施展
5704,十恶不赦
5705,十室九空
5706,时弊
5707,实利
5708,实利的
5709,实属不易
5710,食而不化
5711,食古不化
5712,食言
5713,食言而肥
5714,蚀本
5715,蚀坏
5716,蚀坏的
5717,矢序
5718,使不安
5719,使不得
5720,使不合格
5721,使不正常
5722,使不足
5723,使坏
5724,使人反感
5725,使人疲劳
5726,使人生气
5727,使性子
5728,始作俑者
5729,驶你母
5730,示不满
5731,示不同意
5732,示怒
5733,示弱
5734,示众
5735,世弊
5736,世故
5737,世侩
5738,世情冷暖
5739,世俗
5740,世态炎凉
5741,市侩
5742,似
5743,似乎
5744,似是而非
5745,势不两立
5746,势成骑虎
5747,势均力敌
5748,势利
5749,势利眼
5750,势焰
5751,事倍功半
5752,事端
5753,事故
5754,事情
5755,事态
5756,试尝辄止
5757,试图
5758,视而不见
5759,视若草芥
5760,视若无睹
5761,视同草芥
5762,视同儿戏
5763,视同蝼蚁
5764,是非
5765,是非不分
5766,是怎样
5767,适得其反
5768,适於屠宰
5769,恃才傲物
5770,嗜杀
5771,嗜杀成性
5772,嗜杀的
5773,嗜血
5774,嗜血成性
5775,誓不两立
5776,收罗
5777,手段
5778,手法
5779,手黑
5780,手紧
5781,手生
5782,手头紧
5783,手腕
5784,手重
5785,守旧
5786,守株待兔
5787,首恶
5788,首犯
5789,首鼠两端
5790,受不了
5791,受罚
5792,受过
5793,受害
5794,受贿
5795,受惊
5796,受窘
5797,受苦
5798,受累
5799,受难
5800,受骗
5801,受气
5802,受穷
5803,受屈
5804,受辱
5805,受伤
5806,受伤的
5807,受损害
5808,受损失
5809,受制
5810,受罪
5811,兽行
5812,兽性
5813,瘦
5814,瘦的
5815,瘦瘠
5816,瘦弱
5817,瘦削
5818,书生气
5819,疏
5820,疏放
5821,疏忽
5822,疏阔
5823,疏懒
5824,疏失
5825,疏松
5826,输光
5827,输家
5828,输理
5829,熟视无睹
5830,鼠辈
5831,鼠窜
5832,鼠胆
5833,鼠目寸光
5834,树敌
5835,恕
5836,恕宥
5837,数不上
5838,数不着
5839,数落
5840,数说
5841,耍狠
5842,耍横
5843,耍滑
5844,耍奸
5845,耍贱
5846,耍贱招
5847,耍赖
5848,耍弄
5849,耍脾气
5850,耍起狠
5851,耍色
5852,耍什麽狠
5853,耍我
5854,耍心机
5855,衰弱
5856,衰替
5857,衰颓
5858,衰亡
5859,衰萎
5860,衰朽
5861,摔倒
5862,甩不掉
5863,甩不甩
5864,甩得
5865,甩掉
5866,甩都不甩
5867,甩了
5868,双关话
5869,谁死谁亡
5870,水火不容
5871,水泄不通
5872,水性杨花
5873,水中捞月
5874,睡不着
5875,顺从
5876,顺风转舵
5877,瞬息万变
5878,说不
5879,说不过去
5880,说蠢话
5881,说粗话
5882,说打就打
5883,说反话
5884,说反话的
5885,说风凉话
5886,说怪话
5887,说胡话
5888,说谎
5889,说谎者
5890,说教
5891,说客
5892,说来话长
5893,说梦
5894,说鸟话
5895,说嘴
5896,硕大
5897,丝毫
5898,私
5899,私弊
5900,私藏
5901,私仇
5902,私底下
5903,私愤
5904,私货
5905,私见
5906,私密
5907,私念
5908,私图
5909,私吞
5910,私下
5911,私下里
5912,私枭
5913,私心
5914,私欲
5915,私自
5916,斯文扫地
5917,厮混
5918,撕毁
5919,撕裂
5920,撕裂处
5921,撕破
5922,撕破脸
5923,撕碎
5924,嘶哑
5925,死
5926,死爱
5927,死爱面子
5928,死爱滋
5929,死澳门仔
5930,死板
5931,死板板
5932,死玻璃
5933,死不
5934,死不瞑目
5935,死不认帐
5936,死缠
5937,死缠活缠
5938,死沉沉
5939,死臭酸
5940,死党
5941,死得难看
5942,死德性
5943,死地
5944,死
5945,死掉
5946,死东西
5947,死肥猪
5948,死狗
5949,死光
5950,死光光
5951,死鬼
5952,死黑店
5953,死灰复燃
5954,死活
5955,死寂
5956,死家伙
5957,死赖
5958,死老百姓
5959,死老太婆
5960,死老头
5961,死了
5962,死了算了
5963,死里逃生
5964,死路
5965,死猫
5966,死命
5967,死囡仔
5968,死脑筋
5969,死胖女
5970,死胖子
5971,死皮赖脸
5972,死期
5973,死棋
5974,死乞白赖
5975,死气白赖
5976,死气沉沉
5977,死去活来
5978,死人
5979,死三八
5980,死色呸
5981,死死
5982,死蚊子
5983,死小鬼
5984,死心
5985,死心塌地
5986,死心眼
5987,死心眼儿
5988,死薪水
5989,死刑
5990,死性
5991,死样子
5992,死要面子
5993,死一般
5994,死硬
5995,死有余辜
5996,死鱼
5997,死鱼脸
5998,死蟑螂
5999,死猪头
6000,四大皆空
6001,四分五裂
6002,四面楚歌
6003,肆
6004,肆行
6005,肆行无忌
6006,肆虐
6007,肆扰
6008,肆无忌惮
6009,肆意
6010,肆意妄为
6011,忪
6012,松弛
6013,松垮
6014,松垮垮
6015,松散
6016,松散散
6017,松松垮垮
6018,松懈
6019,怂恿
6020,耸肩
6021,耸肩表示
6022,耸人
6023,耸人听闻
6024,悚
6025,悚然
6026,竦
6027,送死
6028,搜捕
6029,搜刮
6030,搜括
6031,搜罗
6032,搜索
6033,嗾使
6034,酥
6035,酥软
6036,酥松
6037,俗
6038,俗辣
6039,俗气
6040,俗套
6041,夙仇
6042,夙嫌
6043,夙怨
6044,诉苦
6045,肃
6046,肃杀
6047,素不相识
6048,素昧平生
6049,酸
6050,酸不溜丢
6051,酸臭
6052,酸楚
6053,酸的
6054,酸的东西
6055,酸腐
6056,酸腐的
6057,酸刻
6058,酸溜溜
6059,酸涩
6060,酸味
6061,酸辛
6062,算计
6063,算了
6064,算你厉害
6065,算啥
6066,随便
6067,随便的
6068,随风倒
6069,随风使舵
6070,随风转舵
6071,随口
6072,随口泄漏
6073,随你便
6074,随声附和
6075,随随便便
6076,随心所欲
6077,谇
6078,碎
6079,碎布条
6080,碎裂
6081,碎片
6082,碎嘴子
6083,损
6084,损公肥私
6085,损害
6086,损耗
6087,损坏
6088,损毁
6089,损己为人
6090,损人
6091,损人利己
6092,损人利已
6093,损伤
6094,损伤痕
6095,损失
6096,损失惨重
6097,损失物
6098,损失者
6099,损污
6100,唆使
6101,缩减
6102,缩头缩脑
6103,缩小
6104,所谓
6105,索
6106,索贿
6107,索寞
6108,索然
6109,索然乏味
6110,索然寡味
6111,索然无味
6112,索要
6113,琐
6114,琐碎
6115,琐碎的
6116,琐细
6117,琐细的
6118,琐屑
6119,锁链
6120,他妈
6121,他妈的
6122,他妈妈
6123,他马
6124,他马的
6125,他奶奶
6126,他奶奶的
6127,塌落
6128,塌台
6129,塌陷
6130,沓
6131,台独
6132,台湾之耻
6133,太贵了
6134,太随便
6135,太闲
6136,太虚
6137,坍台
6138,贪
6139,贪杯
6140,贪财
6141,贪吃
6142,贪得无厌
6143,贪官
6144,贪贿
6145,贪婪
6146,贪墨
6147,贪念
6148,贪色
6149,贪生
6150,贪生不死
6151,贪生怕死
6152,贪图
6153,贪污
6154,贪小
6155,贪心
6156,贪心不足
6157,贪赃
6158,贪嘴
6159,瘫痪
6160,瘫软
6161,昙花一现
6162,谈不拢
6163,谈何容易
6164,谈虎色变
6165,袒护
6166,叹气
6167,叹息
6168,唐突
6169,搪塞
6170,搪塞过去
6171,糖弹
6172,螳臂当车
6173,淌混水
6174,傥
6175,傥荡
6176,烫伤
6177,烫手
6178,烫痛
6179,滔天
6180,韬晦之计
6181,饕
6182,饕餮
6183,逃避
6184,逃避责任
6185,逃兵
6186,逃不过
6187,逃窜
6188,逃票
6189,逃生
6190,逃税
6191,逃学
6192,逃之夭夭
6193,桃色
6194,昧
6195,淘
6196,淘气
6197,淘神
6198,讨
6199,讨价还价
6200,讨人嫌
6201,讨人厌
6202,讨嫌
6203,讨厌
6204,讨厌鬼
6205,套购
6206,套话
6207,套汇
6208,套近乎
6209,特困
6210,特贫
6211,疼痛
6212,提防
6213,提心吊胆
6214,啼哭
6215,啼笑皆非
6216,体罚
6217,体力不支
6218,体谅
6219,体念
6220,体弱
6221,体衰
6222,体惜
6223,体恤
6224,倜然
6225,天昏地暗
6226,天南地北
6227,天南海北
6228,天怒人怨
6229,天杀
6230,天杀的
6231,天下大乱
6232,天晓得
6233,天真
6234,添堵
6235,添乱
6236,恬不知耻
6237,恬淡
6238,甜言蜜语
6239,腆
6240,舔鸟蛋
6241,佻薄
6242,佻达
6243,佻巧
6244,挑拨离间
6245,挑拨是非
6246,挑刺儿
6247,挑动
6248,挑逗性
6249,挑肥拣瘦
6250,挑毛病
6251,挑毛拣刺
6252,挑弄
6253,挑三拣四
6254,挑食
6255,挑唆
6256,挑剔
6257,挑眼
6258,调拨
6259,调皮
6260,调唆
6261,调戏
6262,跳梁
6263,铁杆
6264,铁杆儿
6265,铁石心肠
6266,铁蹄
6267,铁血
6268,听不清
6269,听任
6270,听天由命
6271,听之任之
6272,停止
6273,停滞
6274,通病
6275,同病相怜
6276,同床异梦
6277,同伙
6278,同流合污
6279,同情
6280,同日而语
6281,铜臭
6282,恸哭
6283,痛
6284,痛不欲生
6285,痛斥
6286,痛处
6287,痛打
6288,痛恶
6289,痛恨
6290,痛哭
6291,痛哭流涕
6292,痛苦
6293,痛苦的
6294,痛骂
6295,痛惜
6296,痛心
6297,痛心的
6298,痛心疾首
6299,痛责
6300,偷
6301,偷安
6302,偷盗
6303,偷东西
6304,偷工减料
6305,偷懒
6306,偷骂
6307,偷摸
6308,偷窃
6309,偷取
6310,偷人
6311,偷生
6312,偷税
6313,偷偷
6314,偷偷摸摸
6315,偷闲
6316,头壳坏掉
6317,头壳坏去
6318,头目
6319,头难
6320,头脑空虚
6321,头皮发麻
6322,头痛
6323,头晕
6324,头晕的
6325,头晕眼花
6326,头子
6327,投敌
6328,投合
6329,投机
6330,投井下石
6331,投石下并
6332,投诉
6333,透顶
6334,秃
6335,秃头
6336,图
6337,图谋
6338,荼毒
6339,徒
6340,徒劳
6341,徒劳无功
6342,徒劳无益
6343,徒然
6344,徒托空言
6345,涂炭
6346,屠夫
6347,屠戮
6348,土
6349,土崩瓦解
6350,土得掉渣
6351,土豪
6352,土里土气
6353,土气
6354,土俗
6355,土头土脑
6356,吐痰
6357,吐一口痰
6358,兔死狗烹
6359,兔死狐悲
6360,团伙
6361,推波助澜
6362,推残
6363,推翻
6364,推挤
6365,推涛作浪
6366,颓
6367,颓败
6368,颓放
6369,颓废
6370,颓废的
6371,颓废期
6372,颓废期的
6373,颓废者
6374,颓风
6375,颓靡
6376,颓然
6377,颓丧
6378,颓势
6379,颓唐
6380,退步
6381,退出
6382,退化
6383,退坡
6384,蜕化
6385,蜕化变质
6386,吞剥
6387,拖后腿
6388,拖拉
6389,拖累
6390,拖泥带水
6391,拖欠
6392,拖沓
6393,拖拖拉拉
6394,拖延
6395,拖着
6396,脱离
6397,脱落
6398,脱误
6399,唾骂
6400,唾弃
6401,挖空心思
6402,挖苦
6403,哇靠
6404,哇哩
6405,哇哩咧
6406,哇咧
6407,瓦全
6408,歪
6409,歪缠
6410,歪道
6411,歪的
6412,歪风
6413,歪理
6414,歪门外道
6415,歪门邪道
6416,歪曲
6417,歪歪扭扭
6418,歪斜
6419,外行
6420,外患
6421,外祸
6422,外寇
6423,外面儿光
6424,外强中干
6425,外侮
6426,完蛋
6427,完了
6428,完全丧失
6429,完完全全
6430,玩忽
6431,玩火自焚
6432,玩人家
6433,玩世不恭
6434,顽
6435,顽敌
6436,顽钝
6437,顽梗
6438,顽固
6439,顽固不化
6440,顽固的
6441,顽固地
6442,顽抗
6443,顽劣
6444,顽皮
6445,顽皮的
6446,顽强
6447,顽强的
6448,顽强地
6449,顽童
6450,惋惜
6451,万恶
6452,万花筒似
6453,万箭穿心
6454,万劫不复
6455,万马齐喑
6456,万难
6457,万念俱灰
6458,亡命之徒
6459,亡羊补牢
6460,王八蛋
6461,王八羔子
6462,网罗
6463,枉
6464,枉法
6465,枉费心机
6466,枉然
6467,罔
6468,往心里去
6469,惘
6470,惘然
6471,惘然若失
6472,妄
6473,妄称
6474,妄断
6475,妄念
6476,妄取
6477,妄人
6478,妄说
6479,妄图
6480,妄为
6481,妄想
6482,妄言
6483,妄语
6484,妄自菲薄
6485,妄自尊大
6486,忘本
6487,忘不了
6488,忘恩负义
6489,忘记
6490,忘情
6491,忘形
6492,忘义
6493,望而生畏
6494,望梅止渴
6495,危殆
6496,危害
6497,危机
6498,危机四伏
6499,危机重重
6500,危急
6501,危如累卵
6502,危亡
6503,危险
6504,危言耸听
6505,危在旦夕
6506,威
6507,威逼
6508,威力
6509,威厉
6510,威迫
6511,威势
6512,微暗
6513,微暗的
6514,微不足道
6515,微尘
6516,微贱
6517,微茫
6518,微末
6519,微弱
6520,微弱的
6521,微瑕
6522,微小
6523,微愠
6524,为耻
6525,为德不卒
6526,为非作歹
6527,为富不仁
6528,为害
6529,为祸
6530,为难
6531,为人作嫁
6532,为什麽还
6533,为所欲为
6534,违背
6535,违背习俗
6536,违悖
6537,违法
6538,违法的
6539,违反
6540,违反的
6541,违反行为
6542,违反教规
6543,违犯
6544,违规
6545,违纪
6546,违建
6547,违禁
6548,违抗
6549,违抗命令
6550,违命
6551,违拗
6552,违误
6553,违宪
6554,违心
6555,违约
6556,违章
6557,违章式
6558,围殴
6559,唯恐
6560,唯恐不及
6561,唯利是图
6562,唯唯诺诺
6563,唯我
6564,唯我独尊
6565,惟恐
6566,惟利是图
6567,惟我独尊
6568,伪
6569,伪劣
6570,伪人
6571,伪人之心
6572,伪善
6573,伪造
6574,伪装
6575,委决不下
6576,委靡
6577,委靡不振
6578,委屈
6579,委琐
6580,委婉
6581,委罪
6582,萎靡
6583,萎靡不振
6584,萎缩
6585,猥
6586,猥鄙
6587,猥辞
6588,猥贱
6589,猥劣
6590,猥陋
6591,猥琐
6592,猥亵
6593,猥亵的
6594,未必
6595,未便
6596,未成熟
6597,未归类
6598,未揭露
6599,未经
6600,未老先衰
6601,未列计划
6602,未遂
6603,未雨绸缪
6604,未知
6605,味道不好
6606,味同嚼醋
6607,味同嚼蜡
6608,畏
6609,畏忌
6610,畏惧
6611,畏难
6612,畏强欺弱
6613,畏怯
6614,畏首畏尾
6615,畏缩不前
6616,畏葸
6617,畏葸不前
6618,畏罪
6619,温吞
6620,瘟神
6621,瘟疫
6622,文不对题
6623,文抄公
6624,文过饰非
6625,文句不通
6626,文侩
6627,文痞
6628,文弱
6629,文恬武嬉
6630,闻风丧胆
6631,紊
6632,紊乱
6633,问道于盲
6634,问心有愧
6635,倭寇
6636,窝憋
6637,窝藏
6638,窝点
6639,窝火
6640,窝囊
6641,窝气
6642,窝心
6643,窝赃
6644,窝主
6645,蜗行牛步
6646,我操
6647,我操你妈
6648,我好恨
6649,我恨你
6650,我靠
6651,我咧
6652,我咧看
6653,握风揖缝
6654,龌
6655,龌龊
6656,乌沉沉
6657,乌灯黑火
6658,乌洞洞
6659,乌合之众
6660,乌七八糟
6661,乌漆墨黑
6662,乌涂
6663,乌托邦
6664,乌压压
6665,乌烟瘴气
6666,乌云
6667,污
6668,污秽
6669,污七八糟
6670,污染
6671,污辱
6672,污浊
6673,巫婆
6674,呜哩哩
6675,呜呜咽咽
6676,呜咽
6677,呜咽地说
6678,呜咽着说
6679,诬告
6680,诬害
6681,诬赖
6682,诬蔑
6683,诬枉
6684,诬陷
6685,诬栽
6686,无爱情的
6687,无把握
6688,无伴
6689,无帮助
6690,无帮助的
6691,无变化
6692,无变化的
6693,无表情
6694,无病呻吟
6695,无病自灸
6696,无补
6697,无补于事
6698,无策
6699,无常
6700,无常的
6701,无诚意
6702,无耻
6703,无耻的
6704,无耻之尤
6705,无慈悲心
6706,无道德
6707,无道德的
6708,无德
6709,无的放矢
6710,无底洞
6711,无地自容
6712,无动於衷
6713,无动于衷
6714,无度
6715,无端
6716,无端端
6717,无端生事
6718,无恶不作
6719,无法
6720,无法计数
6721,无法解决
6722,无法忍受
6723,无法挽回
6724,无法无天
6725,无法预料
6726,无方
6727,无风起浪
6728,无风生浪
6729,无感觉
6730,无感觉的
6731,无感情
6732,无感情的
6733,无根据
6734,无故
6735,无关
6736,无关大局
6737,无关宏旨
6738,无关紧要
6739,无关痛痒
6740,无关重要
6741,无光
6742,无光泽
6743,无规
6744,无涵养
6745,无行
6746,无恒
6747,无稽
6748,无稽谰言
6749,无稽之谈
6750,无计划
6751,无计可施
6752,无记名
6753,无纪律
6754,无济于事
6755,无家
6756,无家可归
6757,无价值
6758,无价值的
6759,无教养
6760,无节制
6761,无精打采
6762,无救
6763,无救的
6764,无决断力
6765,无靠
6766,无可
6767,无可奈何
6768,无可争辩
6769,无可置疑
6770,无孔不入
6771,无口才
6772,无赖
6773,无礼
6774,无礼的
6775,无礼的人
6776,无礼貌
6777,无礼貌的
6778,无理
6779,无理取闹
6780,无理性
6781,无理性的
6782,无理由
6783,无理由的
6784,无力
6785,无力的
6786,无利益
6787,无利益的
6788,无怜悯心
6789,无聊
6790,无聊毙
6791,无聊的
6792,无聊死了
6793,无眉目
6794,无魅力
6795,无魅力的
6796,无名
6797,无名火起
6798,无名小卒
6799,无目的
6800,无目的的
6801,无奈
6802,无能
6803,无能力
6804,无能力的
6805,无能力者
6806,无能为力
6807,无凭无据
6808,无奇
6809,无情
6810,无情的
6811,无情无义
6812,无趣
6813,无趣的
6814,无趣味
6815,无趣味的
6816,无权
6817,无权的
6818,无人
6819,无人过问
6820,无人理睬
6821,无人情味
6822,无人问津
6823,无人遵守
6824,无伤大雅
6825,无深虑
6826,无深虑的
6827,无生命
6828,无生命的
6829,无生气
6830,无声音
6831,无声音的
6832,无实效
6833,无实质
6834,无事生非
6835,无事自扰
6836,无视
6837,无所帮助
6838,无所不为
6839,无所不至
6840,无所不作
6841,无所事事
6842,无所谓
6843,无所用心
6844,无所作为
6845,无特色
6846,无望
6847,无威严
6848,无威严的
6849,无为
6850,无味
6851,无谓
6852,无吸引力
6853,无希望
6854,无希望的
6855,无限制
6856,无效
6857,无效的
6858,无效果
6859,无效果的
6860,无效率
6861,无效能
6862,无效能的
6863,无心
6864,无信用
6865,无形
6866,无形的
6867,无兴趣
6868,无休止
6869,无厌
6870,无恙
6871,无依
6872,无依无靠
6873,无益
6874,无益的
6875,无意
6876,无意识
6877,无意识的
6878,无意义
6879,无意义的
6880,无勇气
6881,无勇气的
6882,无用
6883,无用的
6884,无语
6885,无原则
6886,无缘无故
6887,无远见
6888,无远见的
6889,无遮蔽
6890,无遮蔽的
6891,无证据
6892,无知
6893,无知的
6894,无知觉
6895,无知觉的
6896,无知识
6897,无知识的
6898,无志
6899,无志气
6900,无秩序
6901,无秩序的
6902,无智
6903,无智的
6904,无中生有
6905,无重要性
6906,无助
6907,无助的
6908,无准备
6909,无准备的
6910,无资格
6911,无资格的
6912,无子
6913,无子的
6914,无子可动
6915,无足轻重
6916,芜鄙
6917,芜劣
6918,芜杂
6919,五味杂陈
6920,怃
6921,忤逆
6922,武断
6923,侮蔑
6924,侮辱
6925,舞弊
6926,兀傲
6927,兀突
6928,阢
6929,物伤其类
6930,误
6931,误差
6932,误传
6933,误导
6934,误导的
6935,误会
6936,误解
6937,误期
6938,误期的
6939,误区
6940,误人
6941,误人子弟
6942,误认
6943,误入
6944,误入歧途
6945,误用
6946,误诊
6947,雾里看花
6948,雾朦胧
6949,西风
6950,西化
6951,西崽
6952,吸血鬼
6953,希图
6954,息息相关
6955,奚落
6956,奚幸
6957,惜
6958,稀巴烂
6959,稀薄
6960,稀罕
6961,稀烂
6962,稀里糊涂
6963,稀松
6964,稀松平常
6965,稀碎
6966,
6967,犀利
6968,嘻嘻哈哈
6969,嬉皮士
6970,嬉皮笑脸
6971,嬉笑怒骂
6972,熹微
6973,习惯
6974,习气
6975,习性
6976,袭击
6977,袭取
6978,洗荡
6979,洗劫
6980,洗劫一空
6981,喜新厌旧
6982,戏剧化
6983,戏剧性
6984,戏弄
6985,戏侮
6986,系
6987,系念
6988,细
6989,细弱
6990,细瘦
6991,细碎
6992,细小
6993,瞎
6994,瞎扯
6995,瞎吹
6996,瞎的
6997,瞎话
6998,瞎了狗眼
6999,瞎了眼
7000,瞎闹
7001,瞎说
7002,瞎眼
7003,瞎抓
7004,狎
7005,狎昵
7006,狎亵
7007,狭隘
7008,狭窄
7009,瑕疵
7010,瑕玷
7011,黠
7012,黠棍
7013,黠慧
7014,下不来台
7015,下不了台
7016,下场
7017,下乘
7018,下道儿
7019,下等
7020,下等的
7021,下毒
7022,下毒手
7023,下贱
7024,下流
7025,下品
7026,下三赖
7027,下三烂
7028,下三滥
7029,下手
7030,下游
7031,下作
7032,吓出
7033,吓呆
7034,吓呆的
7035,吓到
7036,吓坏
7037,吓了一跳
7038,吓跑
7039,吓人
7040,吓人的
7041,吓一跳
7042,罅漏
7043,纤弱
7044,掀风鼓浪
7045,闲荡
7046,闲混
7047,闲磨
7048,闲散
7049,闲闲
7050,闲闲没事
7051,闲言冷语
7052,闲言碎语
7053,闲言闲语
7054,闲言杂语
7055,衔恨
7056,衔冤
7057,嫌
7058,嫌东嫌西
7059,嫌恶
7060,嫌恶的
7061,嫌忌
7062,嫌贫
7063,嫌贫爱富
7064,嫌弃
7065,嫌厌
7066,嫌疑
7067,嫌疑犯
7068,嫌怨
7069,嫌憎
7070,显摆
7071,显怒容
7072,险
7073,险毒
7074,险厄
7075,险恶
7076,险恶的
7077,险境
7078,险峻
7079,险僻
7080,险峭
7081,险象
7082,险象环生
7083,险要
7084,险诈
7085,险兆
7086,险症
7087,险阻
7088,现丑
7089,现臭
7090,现行
7091,现实
7092,现实的
7093,现世报
7094,现眼
7095,限定
7096,限度
7097,限止
7098,限制
7099,陷害
7100,陷井
7101,陷阱
7102,陷身
7103,羡慕
7104,羡余
7105,献媚
7106,献殷勤
7107,相差
7108,相反
7109,相反的
7110,相反地
7111,相提并论
7112,相同
7113,相异
7114,相异的
7115,香艳
7116,享乐
7117,响而刺耳
7118,想不到
7119,想不到的
7120,想不到地
7121,想不开
7122,想方设法
7123,想呕吐
7124,想呕吐的
7125,想抢走
7126,想入非非
7127,向上倾斜
7128,向下倾斜
7129,向隅
7130,向隅而泣
7131,象征性
7132,枭雄
7133,消沉
7134,消耗
7135,消极
7136,消极的
7137,消磨
7138,消失
7139,萧
7140,萧然
7141,萧飒
7142,萧瑟
7143,萧森
7144,萧疏
7145,萧索
7146,萧条
7147,萧条的
7148,嚣浮
7149,嚣闹
7150,嚣杂
7151,嚣张
7152,淆惑
7153,淆乱
7154,淆杂
7155,小
7156,小报告
7157,小鼻子
7158,小便
7159,小辫子
7160,小丑
7161,小肚鸡肠
7162,小儿科
7163,小家子气
7164,小家子相
7165,小看
7166,小里小气
7167,小气
7168,小气的
7169,小器
7170,小瞧
7171,小时了了
7172,小视
7173,小手小脚
7174,小提大做
7175,小小不言
7176,小鞋
7177,小心眼
7178,小心眼儿
7179,小眼睛
7180,笑话
7181,笑里藏刀
7182,笑骂
7183,效率很差
7184,效颦
7185,效尤
7186,歇斯底里
7187,邪
7188,邪财
7189,邪道
7190,邪恶
7191,邪行
7192,邪路
7193,邪门
7194,邪魔
7195,邪念
7196,邪僻
7197,邪气
7198,邪曲
7199,邪说
7200,邪祟
7201,胁从
7202,斜
7203,斜体
7204,斜歪
7205,携贰
7206,泄恨
7207,泄劲
7208,泄漏
7209,泄露
7210,泄气
7211,卸磨杀驴
7212,亵
7213,亵渎
7214,谢绝
7215,懈弛
7216,懈怠
7217,懈劲
7218,心不在焉
7219,心粗
7220,心胆俱裂
7221,心地狭窄
7222,心毒
7223,心烦
7224,心烦意乱
7225,心浮
7226,心高气傲
7227,心寒
7228,心黑手辣
7229,心狠
7230,心狠手辣
7231,心慌
7232,心灰意懒
7233,心灰意冷
7234,心机
7235,心机很重
7236,心急
7237,心急火燎
7238,心急如焚
7239,心急如火
7240,心焦
7241,心焦如焚
7242,心惊胆颤
7243,心惊胆寒
7244,心惊胆战
7245,心惊肉跳
7246,心口不一
7247,心劳日拙
7248,心力交疲
7249,心切
7250,心情不好
7251,心情沉重
7252,心情恶劣
7253,心如刀割
7254,心如刀绞
7255,心如蛇蝎
7256,心如死灰
7257,心如铁石
7258,心软
7259,心神不宁
7260,心生畏惧
7261,心术
7262,心死
7263,心酸
7264,心碎
7265,心疼
7266,心痛
7267,心为形役
7268,心胸狭隘
7269,心胸狭窄
7270,心虚
7271,心绪不宁
7272,心绪沉落
7273,心眼多
7274,心眼儿小
7275,心眼儿窄
7276,心眼小
7277,心硬
7278,心有余悸
7279,心有馀悸
7280,心猿意马
7281,心窄
7282,辛苦
7283,辛酸
7284,辛辛苦苦
7285,新仇旧恨
7286,信不过
7287,信口雌黄
7288,信口开河
7289,星星点点
7290,腥
7291,腥臭
7292,腥臊
7293,腥膻
7294,形单影只
7295,形格势禁
7296,形同路人
7297,形同虚设
7298,形影相吊
7299,兴风作浪
7300,兴叹
7301,兴妖作怪
7302,杏眼圆睁
7303,幸灾乐祸
7304,性格内向
7305,性急
7306,性情急躁
7307,悻然
7308,悻悻
7309,悻悻然
7310,
7311,直
7312,凶
7313,凶巴巴
7314,凶暴
7315,凶残
7316,凶毒
7317,凶多吉少
7318,凶恶
7319,凶犯
7320,凶悍
7321,凶耗
7322,凶狠
7323,凶横
7324,凶荒
7325,凶狂
7326,凶戾
7327,凶蛮
7328,凶猛
7329,凶年
7330,凶虐
7331,凶气
7332,凶器
7333,凶煞
7334,凶什麽
7335,凶神
7336,凶顽
7337,凶险
7338,凶相
7339,凶焰
7340,凶宅
7341,汹汹
7342,
7343,r
7344,胸无城府
7345,胸无点墨
7346,熊
7347,熊包
7348,羞
7349,羞惭
7350,羞耻
7351,羞答答
7352,羞恶
7353,羞愤
7354,羞窘
7355,羞愧
7356,羞赧
7357,羞怯
7358,羞怯怯
7359,羞人
7360,羞人答答
7361,羞臊
7362,羞涩
7363,羞羞答答
7364,羞羞羞
7365,羞於
7366,羞于
7367,朽败
7368,朽腐
7369,朽坏
7370,朽木
7371,宿弊
7372,宿命
7373,秀逗
7374,袖手旁观
7375,虚
7376,虚报
7377,虚诞
7378,虚度
7379,虚浮
7380,虚构
7381,虚华
7382,虚话
7383,虚幻
7384,虚幻的
7385,虚谎
7386,虚假
7387,虚假的
7388,虚骄
7389,虚矫
7390,虚惊
7391,虚空
7392,虚夸
7393,虚诳
7394,虚名
7395,虚拟
7396,虚怯
7397,虚情假意
7398,虚荣
7399,虚荣的
7400,虚荣心
7401,虚弱
7402,虚设
7403,虚饰
7404,虚脱
7405,虚妄
7406,虚伪
7407,虚伪的
7408,虚无
7409,虚无缥缈
7410,虚无飘渺
7411,虚虚实实
7412,虚言
7413,虚有其表
7414,虚造
7415,虚诈
7416,虚张
7417,虚张声势
7418,虚掷
7419,嘘
7420,恤
7421,酗酒
7422,续貂
7423,絮
7424,絮叨
7425,絮烦
7426,絮聒
7427,絮絮
7428,蓄谋
7429,蓄意
7430,宣称
7431,喧
7432,喧扰
7433,喧天
7434,喧嚣
7435,喧杂
7436,喧噪
7437,儇薄
7438,玄
7439,玄奥
7440,玄而又玄
7441,玄乎
7442,玄妙
7443,玄虚
7444,悬
7445,悬乎
7446,悬空
7447,悬念
7448,悬系
7449,悬心
7450,炫惑
7451,炫弄
7452,炫耀
7453,眩惑
7454,学不来
7455,学坏
7456,学究气
7457,学识谫陋
7458,学识浅薄
7459,噱头
7460,雪上加霜
7461,雪特
7462,血口
7463,血淋淋
7464,血腥
7465,血雨腥风
7466,寻仇
7467,寻花问柳
7468,寻衅
7469,恂
7470,循规蹈矩
7471,训斥
7472,训戒
7473,训诫
7474,驯化
7475,徇私
7476,逊色
7477,逊位
7478,巽
7479,压倒
7480,压倒性
7481,压倒性的
7482,压坏
7483,压力
7484,压迫
7485,压迫的
7486,压破
7487,压碎
7488,压误
7489,压下
7490,压抑
7491,压抑住
7492,压榨
7493,压制
7494,压制性
7495,压制性的
7496,压治
7497,压治统治
7498,压皱
7499,牙碜
7500,牙痒痒
7501,哑口无言
7502,亚
7503,讶
7504,讶然
7505,讶然失色
7506,讶异
7507,恹
7508,恹恹
7509,烟鬼
7510,烟幕
7511,烟雾
7512,烟雾弥漫
7513,烟雾腾腾
7514,阉割
7515,湮没
7516,延迟
7517,延缓
7518,延期
7519,延误
7520,严
7521,严惩
7522,严格
7523,严格的
7524,严寒
7525,严寒的
7526,严加
7527,严峻
7528,严峻的
7529,严苛
7530,严酷
7531,严酷的
7532,严冷
7533,严厉
7534,严厉的
7535,严厉对待
7536,严厉拒绝
7537,严厉批评
7538,严肃
7539,严肃的
7540,严重
7541,严重的
7542,严重地
7543,严重破坏
7544,严重事故
7545,言不及义
7546,言不由衷
7547,言而无情
7548,言而无信
7549,言行不一
7550,言之无物
7551,炎凉
7552,炎热
7553,沿袭
7554,阎罗
7555,阎王
7556,m?
7557,m陋
7558,掩鼻而过
7559,掩护
7560,掩饰
7561,眼巴巴
7562,眼光短浅
7563,眼睛瞎调
7564,眼皮子高
7565,眼皮子浅
7566,眼生
7567,眼睁睁
7568,厌
7569,厌薄
7570,厌恶
7571,厌恶的
7572,厌烦
7573,厌烦的
7574,厌恨
7575,厌倦
7576,厌腻
7577,厌气
7578,厌弃
7579,厌世
7580,艳情
7581,赝
7582,扬言
7583,扬长
7584,羊质虎皮
7585,阳奉阴违
7586,洋鬼子
7587,洋洋得意
7588,仰赖
7589,仰攀
7590,养不起
7591,养肥
7592,养伤
7593,养尊处优
7594,怏
7595,怏然
7596,怏然不悦
7597,怏怏
7598,怏怏不乐
7599,幺麽
7600,夭逝
7601,夭寿
7602,夭折
7603,吆三喝四
7604,吆五喝六
7605,妖
7606,妖风
7607,妖怪
7608,妖精
7609,妖里妖气
7610,妖媚
7611,妖魔
7612,妖孽
7613,妖术
7614,妖妄
7615,妖物
7616,妖雾
7617,妖言
7618,妖艳
7619,妖冶
7620,侥
7621,窑子
7622,谣传
7623,谣言
7624,摇摆
7625,摇动
7626,摇晃
7627,摇尾乞怜
7628,摇摇
7629,摇摇晃晃
7630,摇摇欲坠
7631,遥遥无期
7632,窈冥
7633,要被当了
7634,要不得
7635,要饭
7636,要饭的
7637,要挟
7638,要紧
7639,要面子
7640,要命
7641,要死
7642,要死要活
7643,耀武扬威
7644,揶揄
7645,揶揄者
7646,野
7647,野鸡
7648,野蛮
7649,野人
7650,野心
7651,野心勃勃
7652,业障
7653,叶公好龙
7654,夜郎自大
7655,一把死拿
7656,一败涂地
7657,一般
7658,一帮
7659,一暴十寒
7660,一波三折
7661,一不小心
7662,一场空
7663,一成不变
7664,一触即溃
7665,一错再错
7666,一刀两段
7667,一刀两断
7668,一点点
7669,一肚子气
7670,一发千钧
7671,一个屁
7672,一个心眼
7673,一锅粥
7674,一簧两舌
7675,一箭之仇
7676,一脚踹开
7677,一脸横肉
7678,一脸稚气
7679,一毛不拔
7680,一面倒
7681,一怒之下
7682,一屁股
7683,一偏
7684,一贫如洗
7685,一曝十寒
7686,一气
7687,一气之下
7688,一钱不值
7689,一钱如命
7690,一窍不通
7691,一仍旧贯
7692,一手
7693,一手遮天
7694,一塌糊涂
7695,一头儿沉
7696,一团乱麻
7697,一团漆黑
7698,一团糟
7699,一味
7700,一文不名
7701,一文不值
7702,一文如命
7703,一窝蜂
7704,一无可取
7705,一无是处
7706,一无所得
7707,一无所有
7708,一无所长
7709,一厢情愿
7710,一言堂
7711,一意孤行
7712,一隅
7713,一再
7714,一再叮嘱
7715,一张臭脸
7716,一怔
7717,一掷百万
7718,一掷千金
7719,衣冠禽兽
7720,衣衫不整
7721,依附
7722,依赖
7723,依然如故
7724,依违
7725,依稀
7726,依仗
7727,夷灭
7728,夷平
7729,姨太太
7730,遗臭万年
7731,遗憾
7732,遗恨
7733,遗祸
7734,遗漏
7735,遗弃
7736,遗失
7737,遗失者
7738,遗赠
7739,颐指气使
7740,疑
7741,疑窦
7742,疑惑
7743,疑忌
7744,疑惧
7745,疑惧的
7746,疑虑
7747,疑虑重重
7748,疑难
7749,疑神疑鬼
7750,疑问
7751,疑心
7752,疑心病
7753,疑心的
7754,疑有
7755,疑云
7756,以讹传讹
7757,以邻为壑
7758,以貌取人
7759,以偏概全
7760,以商逼政
7761,以退为进
7762,以怨
7763,以怨报德
7764,以怨报怨
7765,倚靠
7766,倚老卖老
7767,倚仗
7768,义愤
7769,义愤填膺
7770,义正词严
7771,议论
7772,亦步亦趋
7773,异
7774,异常
7775,异常兴奋
7776,异端
7777,异乎寻常
7778,异说
7779,异想天开
7780,异形
7781,异议
7782,抑郁
7783,抑郁不平
7784,抑郁寡欢
7785,抑止
7786,抑制
7787,役使
7788,易变
7789,易坏
7790,易怒
7791,易受
7792,易碎
7793,易损坏
7794,悒闷
7795,悒悒不乐
7796,悒郁
7797,悒郁寡欢
7798,意见
7799,意见不合
7800,意见分歧
7801,意乱
7802,意马心猿
7803,意气相投
7804,意图
7805,意外
7806,意外的
7807,意外事件
7808,意意思思
7809,意欲
7810,意志消沈
7811,溢出
7812,溢价
7813,臆
7814,臆测
7815,臆断
7816,臆见
7817,臆说
7818,臆造
7819,因魂不散
7820,因袭
7821,因循守旧
7822,阴
7823,阴暗
7824,阴沉
7825,阴沉沉
7826,阴毒
7827,阴恶
7828,阴奉阳违
7829,阴黑
7830,阴狠
7831,阴晦
7832,阴冷
7833,阴霾
7834,阴凄
7835,阴森
7836,阴森森
7837,阴湿
7838,阴私
7839,阴损
7840,阴险
7841,阴险毒辣
7842,阴性
7843,阴阳怪气
7844,阴郁
7845,阴云
7846,阴贼
7847,阴鸷
7848,阴骘
7849,荫
7850,殷
7851,殷切
7852,殷忧
7853,堙
7854,银根紧
7855,银根紧的
7856,淫
7857,淫词
7858,淫辞
7859,淫荡
7860,淫荡样
7861,淫风
7862,淫棍
7863,淫画
7864,淫秽
7865,淫贱
7866,淫乐
7867,淫乱
7868,淫糜
7869,淫靡
7870,淫书
7871,淫威
7872,淫猥
7873,淫污
7874,淫邪
7875,淫亵
7876,淫逸
7877,淫雨
7878,引颈企盼
7879,引咎
7880,引咎自责
7881,引起反感
7882,引绳批根
7883,引诱
7884,饮恨
7885,饮恨吞声
7886,饮泣
7887,隐
7888,隐蔽
7889,隐蔽处
7890,隐蔽的
7891,隐藏
7892,隐伏
7893,隐伏的
7894,隐患
7895,隐讳
7896,隐晦
7897,隐君子
7898,隐瞒
7899,隐秘
7900,隐秘的
7901,隐密
7902,隐密的
7903,隐僻
7904,隐然
7905,隐身
7906,隐退
7907,隐退处
7908,隐形
7909,隐性
7910,隐隐
7911,隐隐绰绰
7912,隐隐约约
7913,隐忧
7914,隐约
7915,鹰犬
7916,迎合
7917,营私
7918,蝇蝇
7919,影影绰绰
7920,应斥责
7921,应斥责的
7922,应负责的
7923,应该谴责
7924,应名儿
7925,应声虫
7926,硬
7927,硬背
7928,硬逼
7929,硬挤
7930,硬挤过去
7931,硬撅撅
7932,硬气
7933,硬生生
7934,硬性
7935,拥挤
7936,拥挤不堪
7937,拥挤的
7938,拥塞
7939,痈疽
7940,庸
7941,庸才
7942,庸碌
7943,庸人
7944,庸人自扰
7945,庸俗
7946,庸医
7947,庸庸碌碌
7948,慵懒
7949,壅塞
7950,臃肿
7951,永诀
7952,勇略
7953,用不着
7954,用心良苦
7955,优柔
7956,优柔寡断
7957,忧
7958,忧愁
7959,忧烦
7960,忧愤
7961,忧愤成疾
7962,忧国忧民
7963,忧患
7964,忧惧
7965,忧虑
7966,忧虑的
7967,忧闷
7968,忧伤
7969,忧沈
7970,忧思
7971,忧心
7972,忧心忡忡
7973,忧心如焚
7974,忧悒
7975,忧郁
7976,忧郁的
7977,忧怨
7978,幽
7979,幽暗
7980,幽黯
7981,幽晦
7982,幽寂
7983,幽灵
7984,幽冥
7985,幽忧
7986,幽幽
7987,幽怨
7988,悠谬
7989,悠缪
7990,由爱生恨
7991,由不得
7992,由他去
7993,犹疑
7994,犹犹豫豫
7995,犹豫
7996,犹豫不决
7997,犹豫不前
7998,犹豫的
7999,油
8000,油乎乎
8001,油滑
8002,油煎火燎
8003,油腻
8004,油腻腻
8005,油水
8006,油头滑脑
8007,油汪汪
8008,油脂麻花
8009,油渍渍
8010,油嘴
8011,疣赘
8012,游荡
8013,游荡的
8014,游击
8015,游击队
8016,游街
8017,游街示众
8018,游手好闲
8019,游移
8020,有碍
8021,有碍观瞻
8022,有弊
8023,有差别
8024,有差异
8025,有仇
8026,有出息
8027,有得瞧
8028,有点贵
8029,有点火
8030,有点旧
8031,有点小贵
8032,有点硬
8033,有毒
8034,有毒性
8035,有个屁用
8036,有够
8037,有够蠢
8038,有够累
8039,有害
8040,有好有坏
8041,有口无心
8042,有愧
8043,有困难
8044,有名无实
8045,有难度
8046,有屁用
8047,有气
8048,有缺点
8049,有缺陷
8050,有啥
8051,有伤风化
8052,有失检点
8053,有失偏颇
8054,有失身分
8055,有始无终
8056,有恃无恐
8057,有头无尾
8058,有危险
8059,有问题
8060,有一套
8061,有义务
8062,有意
8063,有种
8064,有资格
8065,有罪
8066,黝
8067,黝暗
8068,黝黯
8069,黝黝
8070,又气
8071,右倾
8072,幼稚
8073,宥
8074,诱捕
8075,诱捕野兽
8076,诱饵
8077,诱发
8078,诱拐
8079,诱拐走
8080,诱获
8081,诱惑
8082,诱惑力
8083,诱惑物
8084,诱骗
8085,诱入
8086,诱使
8087,诱胁
8088,迂
8089,迂夫子
8090,迂腐
8091,迂缓
8092,迂回曲折
8093,迂见
8094,迂拘
8095,迂阔
8096,迂论
8097,迂气
8098,迂儒
8099,迂远
8100,迂执
8101,迂拙
8102,淤积
8103,于事无补
8104,于心何忍
8105,于心有愧
8106,余剩
8107,鱼龙混杂
8108,鱼目混珠
8109,鱼肉
8110,鱼游釜中
8111,馀
8112,馀地
8113,渔利
8114,逾分
8115,虞
8116,愚
8117,愚暗
8118,愚笨
8119,愚笨的
8120,愚不可及
8121,愚痴
8122,愚蠢
8123,愚蠢的
8124,愚蠢的人
8125,愚钝
8126,愚钝的
8127,愚行
8128,愚陋
8129,愚鲁
8130,愚氓
8131,愚昧
8132,愚昧无知
8133,愚蒙
8134,愚民
8135,愚弄
8136,愚懦
8137,愚人
8138,愚傻
8139,愚顽
8140,愚妄
8141,愚味
8142,愚直
8143,愚拙
8144,与虎谋皮
8145,与世隔绝
8146,与世无争
8147,予取予求
8148,羽毛未丰
8149,语病
8150,语无伦次
8151,语焉不详
8152,龉
8153,窳败
8154,窳惰
8155,窳劣
8156,玉石俱焚
8157,郁
8158,郁愤
8159,郁积
8160,郁结
8161,郁闷
8162,郁怒
8163,郁气
8164,郁然
8165,郁热
8166,郁悒
8167,郁郁
8168,郁郁不乐
8169,郁郁寡欢
8170,预谋
8171,欲壑难填
8172,欲哭无泪
8173,欲呕
8174,欲望
8175,遇刺
8176,遇害
8177,遇难
8178,遇难船
8179,遇险
8180,御用
8181,冤仇
8182,冤大头
8183,冤愤
8184,冤府
8185,冤魂
8186,冤家
8187,冤结
8188,冤苦
8189,冤孽
8190,冤气
8191,冤钱
8192,冤情
8193,冤屈
8194,冤死
8195,冤头
8196,冤枉
8197,冤诬
8198,冤抑
8199,冤狱
8200,元恶
8201,元凶
8202,原谅
8203,原始
8204,原宥
8205,圆滑
8206,援交
8207,远点
8208,远离
8209,远去
8210,怨
8211,怨艾
8212,怨仇
8213,怨怼
8214,怨愤
8215,怨怪
8216,怨恨
8217,怨悔
8218,怨嗟
8219,怨苦
8220,怨詈
8221,怨懑
8222,怨命
8223,怨怒
8224,怨偶
8225,怨气
8226,怨声载道
8227,怨天尤人
8228,怨尤
8229,约略
8230,越轨
8231,越境
8232,越礼
8233,越气
8234,越权
8235,越想越气
8236,晕头转向
8237,晕眩
8238,晕眩的
8239,云谲波诡
8240,云遮雾障
8241,陨落
8242,陨灭
8243,殒越
8244,运气好
8245,愠怒
8246,愠怒的
8247,蕴藉
8248,咂嘴
8249,杂
8250,杂草
8251,杂草丛生
8252,杂凑
8253,杂多
8254,杂多的
8255,杂烩
8256,杂交
8257,杂乱
8258,杂乱无章
8259,杂念
8260,杂牌
8261,杂七杂八
8262,杂糅
8263,杂事
8264,杂税
8265,杂碎
8266,杂沓
8267,杂e
8268,杂物
8269,杂讯
8270,杂音
8271,杂质
8272,杂种
8273,砸锅
8274,咋舌
8275,灾病
8276,灾荒
8277,灾难性
8278,灾年
8279,灾殃
8280,栽跟头
8281,栽诬
8282,栽赃
8283,宰
8284,宰割
8285,崽子
8286,再犯
8287,在乎
8288,在困难中
8289,在那边混
8290,暂时
8291,暂停
8292,赃官
8293,赃款
8294,赃物
8295,脏
8296,脏乎乎
8297,脏话
8298,脏乱
8299,脏乱差
8300,脏污
8301,脏兮兮
8302,脏心烂肺
8303,v话
8304,v唐烂汉
8305,v污
8306,葬身
8307,葬送
8308,遭报
8309,遭劫
8310,遭难
8311,遭受
8312,遭瘟
8313,遭殃
8314,遭遇
8315,遭灾
8316,遭罪
8317,糟
8318,糟报
8319,糟糕
8320,糟践
8321,糟糠
8322,糟烂
8323,糟粕
8324,糟蹋
8325,糟透
8326,糟透的
8327,糟透了
8328,糟透了的
8329,糟心
8330,糟朽
8331,凿空
8332,凿死理儿
8333,早衰
8334,造成破坏
8335,造成损害
8336,造成损失
8337,造次
8338,造假
8339,造孽
8340,造谣
8341,造作
8342,噪聒
8343,噪叫
8344,噪嚷
8345,噪声
8346,噪音
8347,燥热
8348,躁
8349,躁动
8350,躁急
8351,躁狂
8352,责
8353,责备
8354,责斥
8355,责罚
8356,责怪
8357,责骂
8358,责难
8359,责问
8360,责怨
8361,啧有烦言
8362,贼
8363,贼巢
8364,贼骨头
8365,贼喊捉贼
8366,贼溜溜
8367,贼眉鼠眼
8368,贼去关门
8369,贼头贼脑
8370,贼窝
8371,贼心
8372,贼眼
8373,贼赃
8374,怎麽搞
8375,怎麽搞的
8376,怎麽混
8377,怎麽混的
8378,怎麽这样
8379,怎样
8380,增恶
8381,增剧
8382,憎
8383,憎恶
8384,憎恨
8385,憎恨之物
8386,扎手
8387,扎眼
8388,渣滓
8389,轧
8390,诈唬
8391,诈骗
8392,L着头发
8393,炸
8394,榨出
8395,榨取
8396,窄
8397,窄狭
8398,窄小
8399,债务
8400,债务人
8401,沾沾自喜
8402,瞻前顾后
8403,辗转
8404,占便宜
8405,占据
8406,占领
8407,占去
8408,占用
8409,占着
8410,战败
8411,战场
8412,战斗
8413,战斗的
8414,战犯
8415,战火
8416,战祸
8417,战兢兢
8418,战栗
8419,战乱
8420,战役
8421,战云
8422,战战兢兢
8423,战争
8424,战争的
8425,张冠李戴
8426,张皇
8427,张口结舌
8428,张狂
8429,张牙舞爪
8430,张扬
8431,獐头鼠目
8432,长的丑
8433,长短
8434,长篇大论
8435,长篇累牍
8436,长舌
8437,长线
8438,长夜
8439,长长短短
8440,长痔疮
8441,掌掴
8442,掌击
8443,仗持
8444,仗势
8445,仗势欺人
8446,仗恃
8447,仗着
8448,胀大
8449,障碍
8450,障碍船具
8451,障碍物
8452,招风
8453,招牌
8454,招摇
8455,招摇撞骗
8456,招灾
8457,招致不幸
8458,爪牙
8459,找茬
8460,找茬儿
8461,找碴
8462,找碴儿
8463,找岔子
8464,找麻烦
8465,找事
8466,找谁干啊
8467,照本宣科
8468,肇祸
8469,肇事
8470,遮暗
8471,遮蔽
8472,遮丑
8473,遮盖
8474,遮掩
8475,折本
8476,折辱
8477,谪
8478,谪居
8479,褶
8480,这麽烂
8481,着慌
8482,着火
8483,着急
8484,着急的
8485,着忙
8486,着魔
8487,针砭
8488,真蠢
8489,真干
8490,真给他
8491,真烂
8492,真气
8493,真是蠢
8494,真是够了
8495,真是烂
8496,真他ㄇㄉ
8497,真他ㄉ滥
8498,真他妈
8499,真他妈的
8500,真他妈贱
8501,轸
8502,震
8503,震颤
8504,震动
8505,震惊
8506,震怒
8507,震悚
8508,镇压
8509,争宠
8510,争多论少
8511,争气点
8512,争嘴
8513,怔
8514,怔神儿
8515,怔忪
8516,怔怔
8517,怔住
8518,狰狞
8519,睁大
8520,整垮
8521,整死
8522,正色
8523,正凶
8524,正颜厉色
8525,政变
8526,政客
8527,之耻
8528,之仇
8529,之恨
8530,之嫌
8531,支绌
8532,支解
8533,支离
8534,支离破碎
8535,支使
8536,卮
8537,枝蔓
8538,知法犯法
8539,肢解
8540,执傲
8541,执迷不悟
8542,执拗
8543,执性
8544,直呆呆
8545,直瞪瞪
8546,直盯盯
8547,直勾勾
8548,直愣愣
8549,直眉瞪眼
8550,殖民
8551,殖民地
8552,止步不前
8553,纸老虎
8554,纸上谈兵
8555,纸醉金迷
8556,指斥
8557,指鸡骂狗
8558,指靠
8559,指控
8560,指鹿为马
8561,指桑骂槐
8562,指使
8563,指手画脚
8564,指责
8565,指摘
8566,趾高气扬
8567,徵收
8568,徵税
8569,至毒
8570,至死不悟
8571,志大才疏
8572,忮
8573,制止
8574,质次价高
8575,质地薄
8576,质地薄的
8577,质量差
8578,质问
8579,质疑
8580,治罪
8581,桎梏
8582,致命
8583,致人死命
8584,致死
8585,鸷悍
8586,痔疮
8587,窒闷
8588,智障
8589,滞
8590,滞背
8591,滞呆
8592,滞钝
8593,滞后
8594,滞後
8595,滞後於
8596,滞缓
8597,滞涩
8598,滞销
8599,置辩
8600,置若罔闻
8601,置疑
8602,置于脑后
8603,置之不顾
8604,置之不理
8605,置之度外
8606,置之脑后
8607,稚气
8608,中饱
8609,中饱私囊
8610,中不溜儿
8611,中毒
8612,中计
8613,中溜儿
8614,中魔
8615,中山狼
8616,中邪
8617,终止
8618,肿瘤
8619,肿痛
8620,种族隔离
8621,众叛亲离
8622,重
8623,重婚
8624,重沓
8625,重现
8626,重演
8627,重浊
8628,张
8629,周恤
8630,周折
8631,啁哳
8632,肘掖生变
8633,咒
8634,咒骂
8635,咒死
8636,咒诅
8637,皱
8638,皱巴
8639,皱巴巴
8640,皱眉
8641,皱眉表示
8642,皱眉头
8643,皱缩
8644,皱纹
8645,皱皱巴巴
8646,侏儒
8647,诛除
8648,诛戮
8649,诛灭
8650,诛求
8651,株连
8652,猪八戒
8653,猪哥
8654,猪狗
8655,猪狗不如
8656,猪就是猪
8657,猪母
8658,猪头
8659,竹篮打水
8660,逐臭
8661,主观
8662,主观上
8663,煮豆燃萁
8664,助长
8665,住监狱
8666,贮藏货物
8667,蛀虫
8668,抓辫子
8669,抓来
8670,抓瞎
8671,J个屁
8672,J屁
8673,J什麽
8674,J什麽鬼
8675,J什麽J
8676,专断
8677,专横
8678,专横跋扈
8679,专门
8680,专权
8681,专擅
8682,专制
8683,颛蒙
8684,转嫁
8685,转蓬
8686,转移性
8687,装备不良
8688,装点门面
8689,装糊涂
8690,装可怜
8691,装门面
8692,装模作样
8693,装模做样
8694,装腔
8695,装腔作势
8696,装窃听器
8697,装傻
8698,装屎
8699,装死
8700,装蒜
8701,装相
8702,装肖唯
8703,装样子
8704,装作
8705,撞击
8706,撞击声
8707,撞墙
8708,撞死
8709,追悔
8710,追悔莫及
8711,追究
8712,追杀
8713,追诉
8714,椎心泣血
8715,锥心
8716,坠毁
8717,惴
8718,惴惴
8719,惴惴不安
8720,赘
8721,赘词
8722,赘述
8723,赘言
8724,赘疣
8725,赘余
8726,
8727,拙
8728,拙笨
8729,拙劣
8730,拙涩
8731,捉襟见肘
8732,捉摸不定
8733,捉弄
8734,捉贼
8735,浊
8736,浊浪
8737,浊流
8738,浊世
8739,浊重
8740,擢发难数
8741,滋蔓
8742,滋生
8743,滋事
8744,滋长
8745,趑趄
8746,锱铢必较
8747,子虚
8748,子虚乌有
8749,訾议
8750,自傲
8751,自暴自弃
8752,自卑
8753,自闭
8754,自不量力
8755,自惭形秽
8756,自大
8757,自负
8758,自缚
8759,自甘堕落
8760,自高自大
8761,自豪
8762,自咎
8763,自疚
8764,自居
8765,自掘坟墓
8766,自怜
8767,自恋
8768,自卖自夸
8769,自满
8770,自鸣得意
8771,自命不凡
8772,自命清高
8773,自命为
8774,自馁
8775,自欺
8776,自弃
8777,自轻自贱
8778,自求
8779,自求多福
8780,自取灭亡
8781,自认
8782,自认为
8783,自杀
8784,自食恶果
8785,自食其果
8786,自视
8787,自是
8788,自恃
8789,自私
8790,自私自利
8791,自危
8792,自慰
8793,自相残杀
8794,自相矛盾
8795,自诩
8796,自诩为
8797,自炫
8798,自寻烦恼
8799,自以为
8800,自以为是
8801,自由心证
8802,自怨
8803,自怨自艾
8804,自责
8805,自专
8806,自作
8807,自作聪明
8808,自作多情
8809,自作主张
8810,自作自受
8811,恣
8812,恣肆
8813,恣睢
8814,恣意
8815,恣意妄为
8816,恣纵
8817,宗派
8818,总行了吧
8819,总是
8820,纵情
8821,纵情於
8822,纵容
8823,纵恿
8824,纵欲
8825,纵恣
8826,走得慢
8827,走狗
8828,走过场
8829,走后门
8830,走开
8831,走开啦
8832,走马观花
8833,走内线
8834,走人
8835,走散
8836,走神
8837,走失
8838,走投无路
8839,走下坡
8840,走油
8841,走着瞧
8842,走卒
8843,揍一顿
8844,卒仔
8845,卒仔脸
8846,诅
8847,诅骂
8848,诅咒
8849,阻碍
8850,阻挡
8851,阻遏
8852,阻隔
8853,阻梗
8854,阻绝
8855,阻力
8856,阻挠
8857,阻止
8858,钻后门
8859,钻牛角
8860,钻牛角尖
8861,钻头觅缝
8862,钻心
8863,钻营
8864,嘴巴烂掉
8865,嘴笨
8866,嘴馋
8867,嘴敞
8868,嘴尖
8869,嘴快
8870,嘴皮子
8871,嘴贫
8872,嘴硬
8873,嘴长
8874,最差
8875,最低
8876,最
8877,最恨
8878,最坏
8879,最糟的是
8880,最J
8881,罪不容诛
8882,罪大恶极
8883,罪的
8884,罪的宣告
8885,罪恶
8886,罪恶多端
8887,罪恶深重
8888,罪恶滔天
8889,罪恶昭彰
8890,罪恶昭著
8891,罪犯
8892,罪该万死
8893,罪过
8894,罪行
8895,罪迹
8896,罪咎
8897,罪魁
8898,罪名
8899,罪孽
8900,罪孽深重
8901,罪愆
8902,罪情
8903,罪人
8904,罪尤
8905,罪有应得
8906,罪在不赦
8907,罪责
8908,罪证
8909,罪状
8910,醉汉
8911,醉生梦死
8912,醉醺醺
8913,左右两难
8914,左右袒
8915,左右为难
8916,作弊
8917,作对
8918,作恶多端
8919,作废
8920,作梗
8921,作怪
8922,作假
8923,作奸犯科
8924,作茧自缚
8925,作践
8926,作乐
8927,作乱
8928,作梦
8929,作难
8930,作孽
8931,作嗓子
8932,作色
8933,作势
8934,作死
8935,作态
8936,作威作福
8937,作伪
8938,作秀
8939,作俑
8940,作贼
8941,坐待
8942,坐地分脏
8943,坐地虎
8944,坐而论道
8945,坐监
8946,坐监狱
8947,坐井观天
8948,坐食
8949,坐视不救
8950,坐收渔利
8951,坐守
8952,坐探
8953,坐误
8954,坐享其成
8955,怍
8956,做错
8957,做鬼
8958,做坏
8959,做坏事
8960,做假
8961,做梦
8962,做人情
8963,做手脚
8964,做死做活
8965,做戏
8966,做秀
8967,做贼心虚
8968,做作
8969,#add
8970,空间小
8971,空间一般
8972,太少
8973,太小
8974,一般
8975,空间低
8976,凸起
8977,放不下
8978,不多
8979,没地方放
8980,要小点
8981,偏弱
8982,提速慢
8983,很肉
8984,偏肉
8985,较肉
8986,太肉
8987,肉肉
8988,有点慢
8989,不怎么样
8990,比较慢
8991,费尽
8992,费劲
8993,吃力
8994,老旧
8995,响应慢
8996,力不从心
8997,较缓
8998,较慢
8999,起步慢
9000,没太大的力气
9001,加速很难
9002,起步不是很快
9003,提速有点慢
9004,不行
9005,就那样
9006,提速比较慢
9007,太弱
9008,跑不动
9009,略慢
9010,比预想的差点
9011,很强
9012,略有不足
9013,速度上升慢
9014,要弱
9015,方向盘有点沉
9016,感觉悬挂硬
9017,弱弱
9018,就更好了
9019,很痛
9020,迟缓
9021,不如
9022,没操控可言
9023,顿锉感
9024,太硬
9025,操控就免了
9026,悬挂不行
9027,转弯不爽
9028,不爽
9029,方向较重
9030,偏硬
9031,油耗比预期的高
9032,超过自己的预期
9033,超预期
9034,超出预期
9035,市区会稍多点
9036,太费
9037,差挺多
9038,油耗偏高
9039,油耗偏大
9040,偏高
9041,蛮高
9042,会降
9043,减下来
9044,能再降
9045,降下来了
9046,应该会下降
9047,能否降下来
9048,逐渐就下来了
9049,慢慢下来了
9050,会不会有变化 
9051,还会再降
9052,应该会好些
9053,估计会好点
9054,费油
9055,醉了
9056,不低
9057,偏大
9058,超出
9059,耗油
9060,不要选这车
9061,油耗多了点
9062,真的不低
9063,让人头疼
9064,有点坑
9065,坑人
9066,比工信部高多了
9067,不及工信部
9068,比预期高多了
9069,油耗太搞了
9070,太费油
9071,瞬间油耗
9072,有点耗油
9073,油耗是硬伤
9074,硬伤
9075,油耗略大
9076,油耗太高
9077,油耗有点高
9078,有点高
9079,略大
9080,和官方说的不一样
9081,挺高
9082,耗油挺高
9083,下不去了
9084,不算太省
9085,争取更低
9086,油耗高点
9087,隆起
9088,很累
9089,觉得累
9090,太累
9091,比较累
9092,好累
9093,有点累
9094,累
9095,隔音差
9096,吃不消
9097,不适
9098,有点颠
9099,颠
9100,扯蛋
9101,离喇叭好近
9102,有点抖
9103,抖
9104,鼓包
9105,不好 
9106,太硬
9107,异响
9108,稍微软点
9109,闷人
9110,差一点
9111,差点
9112,蛋疼
9113,很硬
9114,腰累
9115,腰疼
9116,差了点
9117,有胎噪
9118,再软一点
9119,人造
9120,有点吵
9121,吵
9122,中等
9123,真的不能和
9124,风燥
9125,不是电动的
9126,没皮椅
9127,太差
9128,胎噪太大
9129,吐槽
9130,丑
9131,味儿太大
9132,味太大
9133,味大
9134,有点味
9135,不透气
9136,比不过
9137,塑料多
9138,塑料的
9139,不显档次
9140,塑料感
9141,塑料用太多了
9142,掉色
9143,非常差
9144,仿皮
9145,全塑料
9146,全是塑料
9147,塑料的居多
9148,塑料都是
9149,塑料太多
9150,太黑
9151,不好打理
9152,不走心
9153,不耐脏
9154,不经脏
9155,不奢求
9156,但是用料
9157,不匹配
9158,差了一些
9159,比较青睐
9160,硬塑太多
9161,建议用好点的
9162,太重
9163,不是软包
9164,差
9165,木有车载导航
9166,塑料太多
9167,都用的塑料
9168,全硬塑料
9169,差了一点
9170,地板不平
9171,闹心
9172,不是真皮
9173,不档次
9174,不上档次
9175,不是更好
9176,再改一点
9177,有待加强
9178,做工粗燥
9179,塑料用得多
9180,不谈用料
9181,敢不敢用软包
9182,乞丐版
9183,易脏
9184,不喜欢
