1,10分
2,5分
3,666
4,牛
5,ok
6,OK
7,哀婉
8,哀艳
9,挨边
10,矮墩墩
11,蔼然可亲
12,爱不忍释
13,爱不释手
14,爱戴
15,爱抚
16,爱国
17,爱国心
18,爱好
19,爱好和平
20,爱护
21,爱怜
22,爱恋
23,爱慕
24,爱情
25,爱人如己
26,爱上
27,爱屋及乌
28,爱惜
29,爱心
30,爱憎分明
31,安安静静
32,安安稳稳
33,安定
34,安定团结
35,安顿
36,安分
37,安分守己
38,安好
39,安和乐利
40,安静
41,安静的
42,安居
43,安居乐业
44,安康
45,安可
46,安澜
47,安乐
48,安乐窝
49,安谧
50,安眠
51,安命
52,安宁
53,安宁的
54,安全
55,安全的
56,安然
57,安然无事
58,安然无恙
59,安如磐石
60,安如泰山
61,安身
62,安身立命
63,安生
64,安适
65,安适的
66,安睡
67,安泰
68,安恬
69,安妥
70,安外
71,安慰
72,安稳
73,安闲
74,安详
75,安详的
76,安祥
77,安心
78,安逸
79,安逸的
80,安於
81,谙练
82,岸然
83,按期
84,按时
85,昂昂
86,昂藏
87,昂奋
88,昂然
89,昂扬
90,盎然
91,遨游
92,翱翔
93,傲骨
94,傲然
95,奥博
96,奥秘
97,奥妙
98,奥旨
99,八面威风
100,巴不得
101,巴结
102,巴望
103,拔萃
104,拔翠
105,拔刀相助
106,拔尖
107,拔尖儿
108,拔举
109,拔冗
110,拔俗
111,拔擢
112,把关
113,把牢
114,把稳
115,把握
116,把细
117,霸气
118,白璧微瑕
119,白璧无瑕
120,白璧无暇
121,白金
122,白净
123,白皙
124,白纸黑字
125,百倍
126,百不一失
127,百读不厌
128,百废俱兴
129,百里挑一
130,百炼成钢
131,百听不厌
132,百无一失
133,百依百顺
134,百折不回
135,百折不挠
136,摆好
137,摆平
138,拜拜
139,拜别
140,拜祷
141,拜读
142,拜访
143,拜服
144,拜贺
145,拜候
146,拜会
147,拜恳
148,拜聆
149,拜领
150,拜请
151,拜认
152,拜识
153,拜托
154,拜望
155,拜谒
156,班班
157,班配
158,般配
159,颁布
160,颁赐
161,颁发
162,颁赏
163,颁示
164,斑斓
165,板板正正
166,板实
167,板正
168,半公开
169,半透明
170,伴侣
171,伴陪
172,伴送
173,伴随
174,帮补
175,帮扶
176,帮教
177,帮忙
178,帮手
179,帮助
180,榜首
181,榜样
182,磅礴
183,包涵
184,包容
185,包准
186,褒奖
187,褒美
188,褒扬
189,褒义
190,褒誉
191,饱满
192,饱学
193,饱雨
194,宝爱
195,宝宝
196,宝贝
197,宝藏
198,宝刀
199,宝地
200,宝典
201,宝贵
202,宝贵的
203,宝号
204,宝盒
205,宝货
206,宝剑
207,宝眷
208,宝库
209,宝山
210,宝石
211,宝书
212,宝塔
213,宝物
214,宝重
215,宝座
216,保不定
217,保不齐
218,保不住
219,保存良好
220,保护
221,保皇
222,保荐
223,保健
224,保洁
225,保密
226,保全
227,保释
228,保送
229,保卫
230,保鲜
231,保险
232,保养
233,保佑
234,保障
235,保证
236,保值
237,保质
238,保重
239,保准
240,报偿
241,报酬
242,报答
243,报答的
244,报德
245,报恩
246,报功
247,报国
248,报奖
249,报捷
250,报喜
251,报效
252,报谢
253,抱负
254,爆满
255,悲怜
256,悲悯
257,悲壮
258,备细
259,备至
260,倍儿棒
261,被喜爱
262,被喜爱的
263,辈出
264,蓓蕾
265,奔驰
266,奔放
267,奔赴
268,奔流
269,奔腾
270,本分
271,本份
272,本领
273,本色
274,本事
275,本着良心
276,本质
277,笨鸟先飞
278,迸发
279,逼肖
280,逼真
281,逼真的
282,逼真地
283,鼻祖
284,比肩
285,比较低
286,比较好
287,比较宽
288,比较爽的
289,比较足
290,比美
291,比翼
292,笔触
293,笔锋
294,笔耕
295,笔力
296,笔立
297,笔势
298,笔挺
299,笔意
300,笔直
301,必备
302,必不可少
303,必得
304,必定
305,必恭必敬
306,必然
307,必须
308,必需
309,必要
310,毕恭毕敬
311,毕力
312,毕生
313,毕肖
314,闭月羞花
315,裨益
316,碧澄
317,碧空
318,碧蓝
319,碧落
320,碧绿
321,碧血
322,碧油油
323,避开
324,避免
325,髀肉复生
326,璧还
327,璧人
328,璧谢
329,璧赵
330,边式
331,编订
332,编修
333,编著
334,编撰
335,编纂
336,鞭辟近里
337,鞭辟入里
338,忭跃
339,变得较好
340,变好
341,变化无穷
342,变平静
343,变清
344,变通
345,便当
346,便捷
347,便利
348,便利的
349,便民
350,便宜
351,便于
352,遍历
353,辩才
354,辩证
355,标兵
356,标定
357,标致
358,标致的
359,标准
360,标准的
361,标准化
362,彪柄
363,彪炳
364,彪炳春秋
365,彪炳千古
366,彪炳史册
367,彪悍
368,彪形
369,彪壮
370,骠勇
371,飙升
372,表观
373,表里如一
374,表里一致
375,表率
376,表示赞成
377,表现突出
378,表扬
379,表彰
380,别才
381,别材
382,别具匠心
383,别具一格
384,别开生面
385,别趣
386,别有风味
387,别有情趣
388,别致
389,别致的
390,宾馆
391,宾客
392,宾礼
393,宾朋
394,彬彬
395,彬彬有礼
396,缤纷
397,摈弃
398,冰肌玉骨
399,冰清玉洁
400,冰释
401,冰心
402,冰雪聪明
403,兵家
404,兵强马壮
405,秉承
406,秉持公正
407,秉公
408,秉正
409,秉直
410,炳耀
411,禀呈
412,禀承
413,禀赋
414,并行不悖
415,并驾齐驱
416,并肩
417,并进
418,并力
419,并茂
420,并辔
421,并世
422,并重
423,波光粼粼
424,波澜
425,波澜壮阔
426,播扬
427,伯乐
428,勃勃
429,勃勃生机
430,勃发
431,勃然
432,勃兴
433,博爱
434,博爱的
435,博爱者
436,博采
437,博达
438,博大
439,博大精深
440,博古
441,博古通今
442,博览
443,博洽
444,博识
445,博闻
446,博闻广识
447,博闻强记
448,博学
449,博学多才
450,博学多能
451,博学多闻
452,博雅
453,博引
454,搏大精深
455,补充
456,补济
457,补救
458,补台
459,补养
460,补遗
461,补正
462,补助
463,补足
464,补足的
465,不暴力
466,不卑不亢
467,不变
468,不憋屈
469,不耻下问
470,不错
471,不错眼
472,不e
473,不大不小
474,不大离
475,不大离儿
476,不担心
477,不惮其烦
478,不到
479,不掉面子
480,不丢人
481,不动摇
482,不动摇的
483,不乏
484,不凡
485,不凡的
486,不凡的人
487,不费劲
488,不费力
489,不敢当
490,不苟
491,不苟言笑
492,不含糊
493,不含糊的
494,不慌不忙
495,不慌忙
496,不慌忙的
497,不会腐败
498,不会弄错
499,不会拥挤
500,不惑
501,不挤
502,不加区别
503,不加渲染
504,不加掩饰
505,不假
506,不简单
507,不骄不躁
508,不觉得挤
509,不觉得累
510,不咎既往
511,不拘泥
512,不拘泥的
513,不亢不卑
514,不可否认
515,不可或缺
516,不可名状
517,不可侵犯
518,不可缺
519,不可缺少
520,不可思议
521,不愧
522,不赖
523,不离儿
524,不吝
525,不落窠臼
526,不落俗套
527,不谋私利
528,不难
529,不难看
530,不偏不倚
531,不迫
532,不屈
533,不屈不挠
534,不屈不饶
535,不屈服
536,不屈服的
537,不忍
538,不任性
539,不任性的
540,不容怀疑
541,不容置辩
542,不容置疑
543,不胜欣忭
544,不失为
545,不是夸张
546,不受拘束
547,不受约束
548,不俗
549,不俗气
550,不算高
551,不同
552,不同凡响
553,不同寻常
554,不为瓦全
555,不为已甚
556,不畏艰险
557,不谓
558,不无裨益
559,不无道理
560,不无小补
561,不武断
562,不惜
563,不显疲软
564,不限
565,不泄气
566,不懈
567,不懈怠
568,不朽
569,不徇私情
570,不压抑
571,不言而喻
572,不厌
573,不厌其烦
574,不厌其详
575,不遗馀力
576,不亦乐乎
577,不易疲劳
578,不拥挤
579,不庸俗
580,不用担心
581,不犹豫
582,不犹豫的
583,不渝
584,不在话下
585,不张扬
586,不争
587,不整齐
588,不知疲倦
589,不忮不求
590,不中庸
591,不自私
592,不自私的
593,布施
594,部署
595,部优
596,才分
597,才赋
598,才干
599,才高八斗
600,才华
601,才华横溢
602,才俊
603,才路
604,才略
605,才略过人
606,才买的
607,才貌
608,才名
609,才能
610,才女
611,才气
612,才气横溢
613,才情
614,才识
615,才思
616,才思敏捷
617,才调
618,才望
619,才学
620,才学兼优
621,才艺
622,才智
623,才子
624,财宝
625,财产
626,财大气粗
627,财富
628,财礼
629,财路
630,财气
631,财喜
632,财运
633,采风
634,采纳
635,彩车
636,彩绸
637,彩带
638,彩灯
639,彩虹
640,彩礼
641,彩楼
642,彩门
643,彩牌
644,彩牌楼
645,彩旗
646,彩霞
647,彩云
648,参拜
649,参加
650,参谒
651,餐风露宿
652,惨淡
653,惨烈
654,灿烂
655,灿烂的
656,灿烂夺目
657,灿亮
658,灿然
659,灿若云霞
660,粲然
661,璨然
662,苍葱
663,苍翠
664,苍古
665,苍劲
666,苍绿
667,苍茫
668,苍F
669,苍穹
670,苍天
671,苍郁
672,沧海
673,操持
674,操劳
675,操守
676,操心
677,草创
678,草圣
679,侧重
680,恻隐
681,策略
682,策勉
683,岑寂
684,曾经沧海
685,查看
686,查明
687,查清
688,查实
689,察访
690,察觉
691,差不多
692,搀扶
693,婵蝉
694,婵娟
695,婵媛
696,缠绵
697,蝉联
698,潺潺
699,产量多
700,产量多的
701,阐发
702,阐明
703,阐述
704,阐扬
705,忏悔
706,昌隆
707,昌明
708,昌盛
709,昌盛的
710,尝鲜
711,常规
712,偿清
713,徜徉
714,嫦娥
715,敞开
716,敞开儿
717,敞口
718,敞快
719,敞阔
720,敞亮
721,畅达
722,畅行
723,畅怀
724,畅快
725,畅茂
726,畅适
727,畅抒
728,畅顺
729,畅谈
730,畅谈的
731,畅通
732,畅旺
733,畅销
734,畅叙
735,畅饮
736,畅游
737,倡导
738,倡始
739,倡首
740,倡议
741,唱酬
742,唱喏
743,绰绰有余
744,绰约
745,绰约多姿
746,超拔
747,超产
748,超常
749,超尘拔俗
750,超大
751,超等
752,超凡
753,超凡技术
754,超凡入圣
755,超凡脱俗
756,超好
757,超级
758,超绝
759,超绝尘寰
760,超伦
761,超迈
762,超前
763,超群
764,超群绝伦
765,超人
766,超俗
767,超俗绝世
768,超脱
769,超逸
770,超越
771,超卓
772,超擢
773,朝拜
774,朝贺
775,朝晖
776,朝气
777,朝气勃勃
778,朝气蓬勃
779,朝思暮想
780,朝霞
781,朝阳
782,潮流
783,车水马龙
784,彻底
785,彻亮
786,彻悟
787,澈底
788,沉厚
789,沉寂
790,沉静
791,沉思
792,沉稳
793,沉雄
794,沉毅
795,沉勇
796,沉鱼落雁
797,沉着
798,沉挚
799,晨曦
800,称道
801,称号
802,称贺
803,称快
804,称美
805,称庆
806,称赏
807,称身
808,称颂
809,称叹
810,称羡
811,称谢
812,称心
813,称心如意
814,称心如愿
815,称雄
816,称许
817,称扬
818,称意
819,称誉
820,称愿
821,称赞
822,称职
823,撑台面
824,撑腰
825,成才
826,成材
827,成功
828,成功的
829,成果
830,成绩
831,成就
832,成立
833,成名
834,成气候
835,成器
836,成趣
837,成全
838,成仁
839,成事
840,成熟
841,成熟的
842,成诵
843,成为
844,成效
845,成章
846,成长
847,呈报
848,呈递
849,呈请
850,呈文
851,呈现
852,呈献
853,呈祥
854,呈正
855,呈政
856,诚笃
857,诚服
858,诚恳
859,诚恳的
860,诚朴
861,诚实
862,诚实的
863,诚心
864,诚心诚意
865,诚心敬意
866,诚意
867,诚挚
868,诚挚的
869,承担
870,承教
871,承蒙
872,承诺
873,承平
874,承情
875,承认
876,承头
877,承望
878,承应
879,乘风破浪
880,乘龙
881,澄碧
882,澄彻
883,澄澈
884,澄净
885,澄空
886,澄明
887,澄清
888,骋怀
889,骋目
890,吃醋
891,吃得开
892,吃得来
893,吃得消
894,吃得住
895,吃苦
896,吃苦耐劳
897,吃香
898,痴痴
899,痴狂
900,痴恋
901,痴迷
902,痴情
903,痴心
904,痴心不改
905,痴心妄想
906,驰骋
907,驰名
908,驰念
909,驰思
910,驰誉
911,持久
912,持久的
913,持平
914,持正不阿
915,持之以恒
916,持之有故
917,持重
918,叱咤风云
919,赤忱
920,赤诚
921,赤胆
922,赤胆忠心
923,赤金
924,赤裸
925,赤裸裸
926,赤色
927,赤心
928,赤子
929,炽烈
930,炽热
931,炽盛
932,冲锋
933,冲锋陷阵
934,冲劲
935,冲破
936,冲杀
937,冲霄
938,冲要
939,充畅
940,充分
941,充份
942,充份的
943,充满
944,充满深情
945,充沛
946,充实
947,充溢
948,充盈
949,充裕
950,充足
951,充足的
952,憧憬
953,崇拜
954,崇奉
955,崇高
956,崇敬
957,崇尚
958,崇信
959,崇仰
960,宠爱
961,宠爱的
962,宠幸
963,绸缪
964,酬报
965,酬宾
966,酬唱
967,酬答
968,酬对
969,酬和
970,酬金
971,酬劳
972,酬谢
973,酬应
974,酬酢
975,愁云
976,筹办
977,筹备
978,筹措
979,筹划
980,筹集
981,筹建
982,筹借
983,筹谋
984,筹募
985,筹拍
986,筹商
987,筹议
988,踌躇
989,踌躇满志
990,出尘
991,出乎意料
992,出尖
993,出口不凡
994,出口成章
995,出蓝
996,出类拔萃
997,出名
998,出名的
999,出人意表
1000,出色
1001,出色的
1002,出身高贵
1003,出身名门
1004,出神
1005,出神的
1006,出神入化
1007,出手不凡
1008,出手大方
1009,出头
1010,出息
1011,出现
1012,出线
1013,出以公心
1014,出迎
1015,出众
1016,出众的
1017,初度
1018,初绽
1019,初衷
1020,除旧布新
1021,厨师
1022,楚楚
1023,楚楚动人
1024,楚楚可怜
1025,楚楚可人
1026,m傥
1027,触类旁通
1028,矗立
1029,传灯
1030,传家宝
1031,传经
1032,传名
1033,传奇性
1034,传奇性的
1035,传神
1036,传世
1037,传授
1038,传诵
1039,传颂
1040,传统
1041,传扬
1042,窗口
1043,窗明几净
1044,闯将
1045,闯劲
1046,创办
1047,创汇
1048,创获
1049,创见
1050,创建
1051,创举
1052,创刊
1053,创立
1054,创立者
1055,创设
1056,创始
1057,创收
1058,创树
1059,创新
1060,创新的
1061,创演
1062,创业
1063,创议
1064,创意
1065,创造
1066,创造的
1067,创造力
1068,创造性
1069,创造性的
1070,创制
1071,创作
1072,吹拂
1073,垂爱
1074,垂钓
1075,垂范
1076,垂念
1077,垂盼
1078,垂青
1079,垂手
1080,垂涎
1081,垂涎三尺
1082,垂涎欲滴
1083,垂询
1084,春潮
1085,春风
1086,春风得意
1087,春风满面
1088,春光
1089,春光明媚
1090,春晖
1091,春联
1092,春牛
1093,春秋鼎盛
1094,春秋正富
1095,春色
1096,春色满园
1097,春山
1098,春心
1099,春阳
1100,春意
1101,春意融融
1102,纯粹
1103,纯厚
1104,纯洁
1105,纯洁的
1106,纯谨
1107,纯净
1108,纯良
1109,纯美
1110,纯朴
1111,纯情
1112,纯熟
1113,纯一
1114,纯贞
1115,纯真
1116,纯正
1117,纯挚
1118,纯稚
1119,纯种
1120,唇红齿白
1121,淳风
1122,淳古
1123,淳厚
1124,淳化
1125,淳良
1126,淳美
1127,淳朴
1128,醇?
1129,醇？
1130,醇的
1131,醇和
1132,醇厚
1133,醇化
1134,醇酒
1135,醇美
1136,醇浓
1137,醇朴
1138,醇香
1139,醇雅
1140,踔厉
1141,词锋
1142,词华
1143,词令
1144,词藻
1145,词章
1146,词宗
1147,瓷实
1148,辞别
1149,辞行
1150,辞令
1151,辞让
1152,辞谢
1153,辞章
1154,辞宗
1155,慈蔼
1156,慈爱
1157,慈悲
1158,慈悲的
1159,慈悲为怀
1160,慈悲心
1161,慈和
1162,慈惠
1163,慈慧
1164,慈怜
1165,慈眉善目
1166,慈命
1167,慈亲
1168,慈善
1169,慈善的
1170,慈祥
1171,慈祥的
1172,慈心
1173,慈颜
1174,刺眼
1175,赐光
1176,赐教
1177,葱葱
1178,葱翠
1179,葱茏
1180,葱笼
1181,葱绿
1182,葱茂
1183,葱郁
1184,璁珑
1185,聪慧
1186,聪慧的
1187,聪敏
1188,聪明
1189,聪明的
1190,聪明过人
1191,聪明绝顶
1192,聪明伶俐
1193,聪明能干
1194,聪睿
1195,聪悟
1196,聪颖
1197,聪颖的
1198,从不
1199,从谏如流
1200,从宽
1201,从良
1202,从密
1203,从轻
1204,从权
1205,从戎
1206,从容
1207,从容不迫
1208,从善如流
1209,从师
1210,从实
1211,从始至终
1212,从头到底
1213,从头到尾
1214,从头至尾
1215,从一而终
1216,从优
1217,从征
1218,粗放
1219,粗犷
1220,粗豪
1221,粗实
1222,粗中有细
1223,粗壮
1224,促成
1225,促成的
1226,促进
1227,促请
1228,促使
1229,促膝
1230,醋意大发
1231,簇新
1232,崔巍
1233,崔嵬
1234,催劲
1235,催人奋进
1236,摧枯拉朽
1237,璀璨
1238,璀璨夺目
1239,脆亮
1240,脆美
1241,脆嫩
1242,脆生
1243,脆爽
1244,脆响
1245,萃集
1246,萃聚
1247,粹白
1248,翠蓝
1249,翠绿
1250,翠微
1251,存抚
1252,存问
1253,存恤
1254,存续
1255,存蓄
1256,存余
1257,寸心
1258,磋磨
1259,磋切
1260,磋商
1261,撮合
1262,嵯峨
1263,措辞
1264,措意
1265,错落有致
1266,搭救
1267,搭桥
1268,搭手
1269,达标
1270,达成
1271,达到
1272,达观
1273,达人
1274,达意
1275,答拜
1276,答报
1277,答访
1278,答礼
1279,答谢
1280,答应
1281,答允
1282,打扮
1283,打冲锋
1284,打春
1285,打动
1286,打恭
1287,打躬
1288,打拱
1289,打击
1290,打开
1291,打破
1292,打气
1293,打千
1294,打趣
1295,打通
1296,打下
1297,打先锋
1298,打响
1299,打心底里
1300,打心眼里
1301,打眼
1302,大白
1303,大宝
1304,大才
1305,大慈大悲
1306,大大方方
1307,大胆
1308,大胆的
1309,大胆泼辣
1310,大刀阔斧
1311,大道
1312,大纛
1313,大典
1314,大度
1315,大端
1316,大而全
1317,大发慈悲
1318,大法
1319,大方
1320,大方的
1321,大夫
1322,大革命
1323,大公无私
1324,大功率
1325,大观
1326,大好
1327,大红大紫
1328,大户
1329,大吉
1330,大吉大利
1331,大计
1332,大节
1333,大捷
1334,大局
1335,大军
1336,大快人心
1337,大力
1338,大量
1339,大量的
1340,大路
1341,大略
1342,大名
1343,大名鼎鼎
1344,大气
1345,大器
1346,大权
1347,大人物
1348,大儒
1349,大厦
1350,大师
1351,大士
1352,大势
1353,大事
1354,大手笔
1355,大寿
1356,大同
1357,大统
1358,大团结
1359,大团圆
1360,大为
1361,大无畏
1362,大无畏的
1363,大席
1364,大喜
1365,大喜过望
1366,大喜若狂
1367,大显身手
1368,大显神通
1369,大笑
1370,大型
1371,大幸
1372,大姓
1373,大雄
1374,大雅
1375,大要
1376,大义
1377,大义凛然
1378,大印
1379,大有裨益
1380,大有文章
1381,大有希望
1382,大有益处
1383,大有作为
1384,大札
1385,大丈夫
1386,大众
1387,大著
1388,大宗
1389,大族
1390,大作
1391,代表
1392,代代红
1393,带动
1394,带劲
1395,带来福气
1396,带领
1397,带头
1398,带头人
1399,带孝
1400,带引
1401,带有灵感
1402,待承
1403,待客
1404,待人如友
1405,黛蓝
1406,黛绿
1407,黛紫
1408,丹青
1409,丹心
1410,担保
1411,担承
1412,担待
1413,担当
1414,担负
1415,担任
1416,单纯
1417,单刀直入
1418,单一
1419,耽爱
1420,胆大
1421,胆大如斗
1422,胆大如牛
1423,胆大心细
1424,胆敢
1425,胆力
1426,胆量
1427,胆略
1428,胆气
1429,胆识
1430,淡泊
1431,淡泊名利
1432,淡泊明志
1433,淡然
1434,淡雅
1435,淡远
1436,淡妆
1437,弹冠相庆
1438,弹性
1439,澹泊
1440,当红
1441,当机立断
1442,当面
1443,当然
1444,当然的
1445,当仁不让
1446,当先
1447,当心
1448,当真
1449,当之无愧
1450,当众
1451,荡荡
1452,荡气回肠
1453,荡漾
1454,导师
1455,导引
1456,倒海翻江
1457,倒向
1458,祷告
1459,祷念
1460,祷求
1461,祷祝
1462,到家
1463,道别
1464,道不拾遗
1465,道道地地
1466,道德
1467,道德崇高
1468,道德的
1469,道地
1470,道贺
1471,道理
1472,道喜
1473,道谢
1474,道义
1475,得当
1476,得到
1477,得道
1478,得法
1479,得分
1480,得行
1481,得济
1482,得奖
1483,得奖的
1484,得劲
1485,得救
1486,得力
1487,得名
1488,得人
1489,得人心
1490,得胜
1491,得时
1492,得势
1493,得手
1494,得体
1495,得体的
1496,得天独厚
1497,得心应手
1498,得要领
1499,得宜
1500,得益
1501,得意
1502,得意忘形
1503,得意扬扬
1504,得用
1505,得志
1506,得中
1507,得主
1508,德操
1509,德高望重
1510,德化
1511,德育
1512,德泽
1513,德政
1514,的当
1515,的确
1516,的确地
1517,的真
1518,的证
1519,灯火辉煌
1520,灯火通明
1521,灯塔
1522,登程
1523,登峰造极
1524,登高
1525,登临
1526,登门
1527,登攀
1528,等候
1529,等内
1530,等身
1531,低价
1532,低价位
1533,低廉
1534,低柔
1535,低首下心
1536,低调
1537,滴溜儿
1538,滴溜溜
1539,滴水不漏
1540,滴水穿石
1541,敌忾
1542,涤荡
1543,抵抗
1544,抵事
1545,抵用
1546,抵御
1547,底气
1548,底蕴
1549,砥砺
1550,砥柱
1551,砥柱中流
1552,地道
1553,地地道道
1554,地动山摇
1555,地覆天翻
1556,地利
1557,地望
1558,地位
1559,递交
1560,递升
1561,递送
1562,第一流
1563,第一流的
1564,第一线
1565,谛视
1566,谛听
1567,缔造
1568,缔造者
1569,颠扑不破
1570,典范
1571,典籍
1572,典礼
1573,典丽
1574,典型
1575,典型性
1576,典雅
1577,典雅的
1578,典要
1579,典则
1580,典重
1581,点拨
1582,点定
1583,点化
1584,点将
1585,点睛
1586,点明
1587,点破
1588,点首
1589,点题
1590,点头
1591,点头称是
1592,点头哈腰
1593,点醒
1594,点缀
1595,电贺
1596,惦挂
1597,惦记
1598,惦念
1599,奠定
1600,奠基
1601,奠基者
1602,奠祭
1603,殿堂
1604,殿宇
1605,雕鞍
1606,吊祭
1607,吊死问疾
1608,跌宕
1609,跌荡
1610,叠翠
1611,丁当
1612,丁东
1613,丁冬
1614,丁宁
1615,丁一确三
1616,叮当
1617,叮咚
1618,叮咛
1619,叮嘱
1620,玎
1621,玎玲
1622,盯紧
1623,盯住
1624,顶峰
1625,顶呱呱
1626,顶刮刮
1627,顶级
1628,顶尖
1629,顶礼
1630,顶礼膜拜
1631,顶事
1632,顶数
1633,顶天
1634,顶天立地
1635,顶用
1636,鼎鼎
1637,鼎鼎大名
1638,鼎力
1639,鼎盛
1640,鼎新
1641,鼎助
1642,订交
1643,订正
1644,定当
1645,定夺
1646,定然
1647,定心丸
1648,定型
1649,定准
1650,东道
1651,东道主
1652,东风
1653,懂行
1654,懂礼
1655,懂门儿
1656,懂事
1657,动感
1658,动力
1659,动目
1660,动平衡
1661,动情
1662,动人
1663,动人心魄
1664,动人心弦
1665,动容
1666,动态各异
1667,动态平衡
1668,动听
1669,洞察
1670,洞彻
1671,洞达
1672,洞见
1673,洞究
1674,洞明
1675,洞然
1676,洞识
1677,洞视
1678,洞天
1679,洞悉
1680,洞晓
1681,洞烛
1682,都丽
1683,都雅
1684,抖擞
1685,斗胆
1686,斗巧
1687,斗士
1688,斗妍
1689,斗艳
1690,斗争
1691,斗志
1692,斗志昂扬
1693,斗智
1694,豆腐心
1695,豆蔻
1696,逗趣
1697,逗人
1698,督察
1699,督促
1700,督导
1701,督教
1702,督理
1703,督励
1704,督率
1705,督师
1706,督帅
1707,督责
1708,嘟嘟
1709,独步
1710,独出心裁
1711,独创
1712,独创性
1713,独胆
1714,独到
1715,独行
1716,独具慧眼
1717,独具匠心
1718,独具特色
1719,独具一格
1720,独具只眼
1721,独立
1722,独立自主
1723,独领风骚
1724,独擅
1725,独特
1726,独特的
1727,独秀一枝
1728,独一无二
1729,独有
1730,独有的
1731,独占鳌头
1732,独尊
1733,笃诚
1734,笃行不倦
1735,笃厚
1736,笃论
1737,笃情
1738,笃实
1739,笃守
1740,笃信
1741,笃学
1742,笃志
1743,笃挚
1744,睹物思人
1745,肚才
1746,妒恨
1747,妒火中烧
1748,妒嫉
1749,妒忌
1750,妒羡
1751,度量大
1752,度越
1753,端端正正
1754,端方
1755,端静
1756,端丽
1757,端凝
1758,端平
1759,端然
1760,端详
1761,端秀
1762,端雅
1763,端整
1764,端正
1765,端直
1766,端重
1767,端庄
1768,端庄的
1769,短平快
1770,短小精悍
1771,断根
1772,断然
1773,缎打
1774,锻炼
1775,对不起
1776,对不住
1777,对称
1778,对得起
1779,对号
1780,对劲
1781,对劲儿
1782,对路
1783,对头
1784,对味儿
1785,对症下药
1786,敦敦实实
1787,敦厚
1788,敦睦
1789,敦聘
1790,敦朴
1791,敦请
1792,敦劝
1793,敦实
1794,墩墩实实
1795,墩朴
1796,墩请
1797,顿悟
1798,多才多艺
1799,多彩
1800,多产
1801,多产的
1802,多福
1803,多快好省
1804,多劳多得
1805,多谋善断
1806,多情
1807,多情善感
1808,多趣
1809,多趣的
1810,多数
1811,多闻
1812,多谢
1813,多幸
1814,多样
1815,多智
1816,多智的
1817,多姿
1818,多姿多采
1819,多姿多彩
1820,夺标
1821,夺得
1822,夺冠
1823,夺获
1824,夺金
1825,夺魁
1826,夺目
1827,朵颐
1828,舵手
1829,堕入爱河
1830,堕入情网
1831,婀娜
1832,婀娜多姿
1833,娥眉
1834,鹅黄
1835,蛾眉
1836,额手称庆
1837,扼要
1838,恩爱
1839,恩德
1840,恩典
1841,恩恩爱爱
1842,恩公
1843,恩惠
1844,恩情
1845,恩人
1846,恩荣
1847,恩物
1848,恩义
1849,恩遇
1850,恩泽
1851,恩重如山
1852,尔雅
1853,耳聪目明
1854,耳濡
1855,耳熟
1856,耳熟能详
1857,耳顺
1858,耳闻目睹
1859,二话不说
1860,二话没说
1861,发财
1862,发财致富
1863,发达
1864,发奋
1865,发奋图强
1866,发愤
1867,发愤图强
1868,发光
1869,发挥
1870,发家
1871,发觉
1872,发掘
1873,发亮
1874,发明
1875,发起
1876,发人深省
1877,发人深思
1878,发轫
1879,发现
1880,发祥地
1881,发噱
1882,发扬
1883,发育
1884,发育完全
1885,发展
1886,发自肺腑
1887,法宝
1888,法典
1889,法定
1890,法定的
1891,法律
1892,法律的
1893,法网
1894,法制
1895,法治
1896,蕃茂
1897,翻然改进
1898,翻身
1899,翻天覆地
1900,翻新
1901,翻越
1902,繁博
1903,繁多
1904,繁富
1905,繁花
1906,繁花似锦
1907,繁华
1908,繁丽
1909,繁茂
1910,繁茂的
1911,繁密
1912,繁荣
1913,繁荣昌盛
1914,繁荣的
1915,繁荣富强
1916,繁盛
1917,繁盛的
1918,繁庶
1919,繁蔚
1920,繁星
1921,反哺
1922,范本
1923,范例
1924,范文
1925,方便
1926,方便的
1927,方方正正
1928,方略
1929,方兴未艾
1930,方针
1931,方正
1932,方舟
1933,芳醇
1934,芳菲
1935,芳烈
1936,芳邻
1937,芳龄
1938,芳名
1939,芳年
1940,芳容
1941,芳香
1942,芳香的
1943,芳心
1944,芳馨
1945,芳泽
1946,芳姿
1947,防备
1948,防水
1949,防水的
1950,防止
1951,访问
1952,放步
1953,放达
1954,放胆
1955,放歌
1956,放怀
1957,放晴
1958,放手
1959,放下武器
1960,放心
1961,放心的
1962,放眼
1963,放在心上
1964,飞奔
1965,飞笔
1966,飞驰
1967,飞动
1968,飞黄腾达
1969,飞快
1970,飞灵
1971,飞速
1972,飞腾
1973,飞舞
1974,飞翔
1975,飞扬
1976,飞^
1977,飞越
1978,非常大方
1979,非常好
1980,非常合适
1981,非常耐久
1982,非常热心
1983,非凡
1984,非凡的
1985,非同小可
1986,非同一般
1987,菲菲
1988,蜚声
1989,肥甘
1990,肥厚
1991,肥美
1992,肥硕
1993,肥沃
1994,肥沃的
1995,肥腴
1996,肥壮
1997,匪夷所思
1998,斐然
1999,翡翠
2000,废寝忘食
2001,沸腾
2002,费尽心血
2003,费心
2004,分寸
2005,分工
2006,分工合作
2007,分秒必争
2008,分明
2009,分外夺目
2010,分文不取
2011,分析纯
2012,分晓
2013,芬芳
2014,芬芳的
2015,芬芳馥郁
2016,芬芳袭人
2017,芬香
2018,纷华
2019,粉红
2020,粉嫩
2021,粉饰
2022,奋不顾身
2023,奋斗
2024,奋发
2025,奋发图强
2026,奋飞
2027,奋进
2028,奋力
2029,奋勉
2030,奋起
2031,奋迅
2032,奋勇
2033,奋勇向前
2034,奋勇直前
2035,奋战
2036,奋争
2037,奋志
2038,丰碑
2039,丰登
2040,丰富
2041,丰富的
2042,丰富多彩
2043,丰功伟绩
2044,丰厚
2045,丰满
2046,丰满的
2047,丰茂
2048,丰美
2049,丰年
2050,丰沛
2051,丰饶
2052,丰饶的
2053,丰稔
2054,丰润
2055,丰赡
2056,丰盛
2057,丰实
2058,丰收
2059,丰硕
2060,丰沃
2061,丰盈
2062,丰腴
2063,丰裕
2064,丰姿
2065,丰姿绰约
2066,丰足
2067,风采
2068,风操
2069,风度
2070,风度翩翩
2071,风发
2072,风范
2073,风风光光
2074,风风火火
2075,风格
2076,风骨
2077,风光
2078,风光如画
2079,风光旖旎
2080,风行
2081,风和日暖
2082,风华
2083,风华正茂
2084,风节
2085,风景如画
2086,风卷残云
2087,风快
2088,风流
2089,风流倜傥
2090,风靡
2091,风平浪静
2092,风起云涌
2093,风趣
2094,风尚
2095,风雅
2096,风义
2097,风谊
2098,风雨同舟
2099,风雨无阻
2100,风韵
2101,风致
2102,风姿
2103,风姿绰约
2104,封禅
2105,疯狂
2106,疯魔
2107,锋快
2108,锋利
2109,锋芒
2110,缝补
2111,讽诵
2112,凤凰
2113,凤毛麟角
2114,奉璧
2115,奉公守法
2116,奉还
2117,奉行
2118,奉若神明
2119,奉献
2120,奉养
2121,奉迎
2122,佛法
2123,伏帖
2124,伏贴
2125,扶持
2126,扶贫
2127,扶弱抑强
2128,扶疏
2129,扶绥
2130,扶摇
2131,扶掖
2132,扶植
2133,扶助
2134,服从
2135,服从的
2136,服服帖帖
2137,服帖
2138,服务
2139,俘获
2140,符合
2141,符合的
2142,符合要求
2143,符合预期
2144,福地
2145,福份
2146,福利
2147,福气
2148,福如东海
2149,福星
2150,福音
2151,福祉
2152,抚爱
2153,抚慰
2154,抚养
2155,抚育
2156,府上
2157,俯允
2158,辅导
2159,辅助
2160,辅助的
2161,辅佐
2162,父辈
2163,父老
2164,父兄
2165,负笈
2166,负荆请罪
2167,负有
2168,负有义务
2169,负责
2170,负责的
2171,妇孺皆知
2172,赴任
2173,赴汤蹈火
2174,赴宴
2175,复苏
2176,复兴
2177,赋有
2178,赋予
2179,富贵
2180,富国
2181,富甲一方
2182,富可敌国
2183,富丽
2184,富丽的
2185,富丽堂皇
2186,富民
2187,富强
2188,富饶
2189,富饶的
2190,富实
2191,富庶
2192,富岁
2193,富幽默感
2194,富有
2195,富有成果
2196,富有成效
2197,富有弹性
2198,富有的
2199,富有魅力
2200,富於
2201,富於的
2202,富於机智
2203,富余
2204,富裕
2205,富裕的
2206,富源
2207,富足
2208,馥馥
2209,馥郁
2210,该备
2211,赅备
2212,赅博
2213,改革
2214,改观
2215,改过
2216,改过自新
2217,改进
2218,改良
2219,改善
2220,改头换面
2221,改造
2222,盖了帽
2223,盖帽
2224,盖世
2225,甘醇
2226,甘脆
2227,甘当
2228,甘芳
2229,甘服
2230,甘贵
2231,甘洌
2232,甘霖
2233,甘露
2234,甘美
2235,甘美多汁
2236,甘泉
2237,甘甜
2238,甘味
2239,甘心
2240,甘心情愿
2241,甘于
2242,甘愿
2243,甘愿的
2244,甘之如饴
2245,甘旨
2246,肝胆
2247,肝胆过人
2248,肝胆相照
2249,赶上
2250,敢于
2251,敢作敢当
2252,敢作敢为
2253,感到满意
2254,感动
2255,感恩
2256,感恩戴德
2257,感发
2258,感奋
2259,感化
2260,感激
2261,感激不尽
2262,感激的
2263,感激涕零
2264,感觉不到
2265,感佩
2266,感染
2267,感染力
2268,感人
2269,感人的
2270,感人肺腑
2271,感同身受
2272,感悟
2273,感谢
2274,感谢的
2275,感兴趣
2276,感言
2277,感召
2278,干才
2279,干脆
2280,干脆利落
2281,干干净净
2282,干将
2283,干劲
2284,干净
2285,干净利落
2286,干练
2287,刚刚
2288,刚好
2289,刚健
2290,刚劲
2291,刚劲有力
2292,刚决
2293,刚烈
2294,刚气
2295,刚强
2296,刚韧
2297,刚柔
2298,刚性
2299,刚毅
2300,刚毅的
2301,刚硬
2302,刚勇
2303,刚正
2304,刚正不阿
2305,刚直
2306,刚直不阿
2307,纲纪
2308,纲领
2309,纲领性
2310,钢铁
2311,杠杠的
2312,戆直
2313,高昂
2314,高标号
2315,高标准
2316,高才
2317,高才生
2318,高材生
2319,高参
2320,高层
2321,高产
2322,高敞
2323,高唱
2324,高超
2325,高潮
2326,高处
2327,高矗
2328,高纯
2329,高醋
2330,高大
2331,高档
2332,高档化
2333,高等
2334,高等级
2335,高度
2336,高端
2337,高额
2338,高风
2339,高风峻节
2340,高风亮节
2341,高峰
2342,高高手儿
2343,高高兴兴
2344,高歌
2345,高歌猛进
2346,高古
2347,高贵
2348,高贵的
2349,高级
2350,高级的
2351,高级化
2352,高见
2353,高见远识
2354,高洁
2355,高精度
2356,高精尖
2357,高举
2358,高峻
2359,高看
2360,高亢
2361,高旷
2362,高朗
2363,高论
2364,高迈
2365,高妙
2366,高明
2367,高强
2368,高强度
2369,高人一等
2370,高山流水
2371,高山仰止
2372,高尚
2373,高尚的
2374,高深
2375,高深莫测
2376,高手
2377,高寿
2378,高爽
2379,高速
2380,高屋建瓴
2381,高效
2382,高效能
2383,高效益
2384,高新
2385,高兴
2386,高兴的
2387,高性能
2388,高雅
2389,高雅简朴
2390,高颜值
2391,高瞻远瞩
2392,高涨
2393,高质量
2394,高姿态
2395,膏腴
2396,杲杲
2397,歌唱
2398,歌颂
2399,革故鼎新
2400,革命
2401,革命性
2402,革新
2403,革新的
2404,个性鲜明
2405,各得其所
2406,给力
2407,给脸
2408,给面子
2409,给予
2410,根本
2411,根除
2412,根深柢固
2413,根深蒂固
2414,跟脚
2415,亘古未有
2416,耿耿
2417,耿耿忠心
2418,耿介
2419,耿介不阿
2420,耿直
2421,梗直
2422,鲠直
2423,更优越
2424,工工整整
2425,工巧
2426,工稳
2427,工细
2428,工整
2429,工整的
2430,工致
2431,公道
2432,公而忘私
2433,公祭
2434,公开
2435,公开的
2436,公平
2437,公平的
2438,公平地
2439,公平合理
2440,公平正直
2441,公然
2442,公私分明
2443,公允
2444,公正
2445,公正的
2446,公正地
2447,公正客观
2448,公正无私
2449,公直
2450,功不可没
2451,功德
2452,功德无量
2453,功绩
2454,功劳
2455,功勋
2456,攻读
2457,攻无不克
2458,恭而敬之
2459,恭恭敬敬
2460,恭贺
2461,恭候
2462,恭谨
2463,恭敬
2464,恭敬的
2465,恭顺
2466,恭肃
2467,恭维
2468,恭喜
2469,恭正
2470,恭祝
2471,觥筹交错
2472,觥觥
2473,巩固
2474,拱手
2475,贡献
2476,供奉
2477,供娱乐用
2478,勾魂
2479,勾魂摄魄
2480,够大
2481,够格
2482,够了
2483,够朋友
2484,够水平
2485,够味儿
2486,够意思
2487,够用
2488,孤高
2489,古道热肠
2490,古典
2491,古典的
2492,古劲
2493,古朴
2494,古色古香
2495,古香古色
2496,古雅
2497,古雅的
2498,骨鲠
2499,鼓乐喧天
2500,鼓励
2501,鼓舞
2502,鼓舞人心
2503,鼓掌
2504,鼓掌欢迎
2505,固定
2506,固定的
2507,固若金汤
2508,固守
2509,固守的
2510,顾及
2511,顾虑周到
2512,顾盼自雄
2513,顾全
2514,顾全大局
2515,顾惜
2516,呱呱叫
2517,挂牵
2518,乖觉
2519,乖巧
2520,关爱
2521,关怀
2522,关怀备至
2523,关键
2524,关键性
2525,关切
2526,关心
2527,关照
2528,关注
2529,管教好
2530,管理
2531,管事
2532,管事儿
2533,管用
2534,贯注
2535,冠军
2536,冠军的
2537,灌注
2538,光彩
2539,光彩夺目
2540,光彩炫目
2541,光彩照人
2542,光灿
2543,光灿灿
2544,光风霁月
2545,光顾
2546,光滑
2547,光滑的
2548,光滑滑
2549,光辉
2550,光辉灿烂
2551,光辉的
2552,光洁
2553,光可鉴人
2554,光亮
2555,光亮的
2556,光亮亮
2557,光临
2558,光溜
2559,光溜溜
2560,光芒
2561,光芒四射
2562,光芒万丈
2563,光明
2564,光明的
2565,光明磊落
2566,光明正大
2567,光明正道
2568,光荣
2569,光荣的
2570,光润
2571,光闪闪
2572,光鲜
2573,光艳
2574,光耀
2575,光泽
2576,广博
2577,广阔
2578,广袤
2579,广远
2580,归还
2581,龟鹤
2582,规范
2583,规矩
2584,规则
2585,规整
2586,瑰宝
2587,瑰丽
2588,瑰奇
2589,瑰伟
2590,瑰玮
2591,鬼斧神工
2592,鬼迷心窍
2593,贵姓
2594,贵重
2595,贵重的
2596,贵族
2597,贵族的
2598,跪拜
2599,跪叩
2600,滚瓜烂熟
2601,滚滚
2602,国富民安
2603,国富民强
2604,国色天香
2605,国是
2606,国泰民安
2607,国优
2608,果断
2609,果敢
2610,果决
2611,过得硬
2612,过关
2613,过奖
2614,过谦
2615,过人
2616,过问
2617,过细
2618,过瘾
2619,过硬
2620,过誉
2621,哈哈
2622,还过得去
2623,还行
2624,还好
2625,还可以
2626,还礼
2627,海枯石烂
2628,酣畅
2629,酣畅淋漓
2630,酣梦
2631,酣眠
2632,酣然
2633,酣适
2634,酣熟
2635,酣睡
2636,酣甜
2637,酣饮
2638,酣醉
2639,憨厚
2640,憨实
2641,憨态
2642,憨直
2643,含苞
2644,含蓼问疾
2645,含情
2646,含情脉脉
2647,含笑
2648,含蓄
2649,含义明确
2650,含蕴
2651,涵容
2652,涵蓄
2653,涵养
2654,寒素
2655,罕见
2656,罕见的
2657,汗马功劳
2658,汗青
2659,捍卫
2660,捍御
2661,悍勇
2662,翰墨
2663,行得通
2664,行家
2665,行礼
2666,行善
2667,行善的
2668,行时
2669,行云流水
2670,行之有效
2671,航向
2672,毫不
2673,毫不动摇
2674,毫不费力
2675,毫不含糊
2676,毫不利己
2677,毫不畏惧
2678,毫不犹豫
2679,毫发不差
2680,毫发不爽
2681,毫发无损
2682,毫厘不差
2683,毫厘不爽
2684,毫无
2685,毫无错误
2686,毫无问题
2687,毫无压力
2688,毫无疑义
2689,豪宕
2690,豪放
2691,豪放不羁
2692,豪华
2693,豪华的
2694,豪华型
2695,豪杰
2696,豪举
2697,豪迈
2698,豪气
2699,豪情
2700,豪情满怀
2701,豪爽
2702,豪侠
2703,豪兴
2704,豪言壮语
2705,豪勇
2706,豪语
2707,豪壮
2708,好办
2709,好办法
2710,好吃
2711,好吃的
2712,好处
2713,好端端
2714,好多
2715,好感
2716,好过
2717,好汉
2718,好好
2719,好话
2720,好家伙
2721,好看
2722,好客
2723,好客的
2724,好评
2725,好奇
2726,好奇的
2727,好强
2728,好情
2729,好人
2730,好日子
2731,好上加好
2732,好生生
2733,好声好气
2734,好使
2735,好事
2736,好手
2737,好受
2738,好说话
2739,好说话儿
2740,好天气
2741,好听
2742,好玩
2743,好玩儿
2744,好笑
2745,好笑的
2746,好心
2747,好心肠
2748,好心好意
2749,好心情
2750,好性儿
2751,好学
2752,好样儿的
2753,好意
2754,好意地
2755,好用
2756,好运
2757,好运的
2758,好整以暇
2759,好转
2760,号角
2761,号手
2762,浩博
2763,浩大
2764,浩荡
2765,浩瀚
2766,浩浩
2767,浩浩荡荡
2768,浩淼
2769,浩渺
2770,浩气
2771,浩然
2772,皓月当空
2773,呵护
2774,喝彩
2775,嗬嗬
2776,合当
2777,合度
2778,合法
2779,合法的
2780,合法性
2781,合格
2782,合乎
2783,合乎逻辑
2784,合乎情理
2785,合乎卫生
2786,合欢
2787,合口
2788,合口味
2789,合理
2790,合理的
2791,合理化
2792,合拍
2793,合情合理
2794,合情理
2795,合群
2796,合身
2797,合时
2798,合式
2799,合适
2800,合适的
2801,合适地
2802,合算
2803,合胃口
2804,合宜
2805,合意
2806,合意的
2807,合用
2808,合掌
2809,合作
2810,合作的
2811,和蔼
2812,和蔼的
2813,和蔼可亲
2814,和畅
2815,和风
2816,和风细雨
2817,和光同尘
2818,和好
2819,和和睦睦
2820,和和气气
2821,和缓
2822,和解
2823,和乐
2824,和美
2825,和睦
2826,和睦的
2827,和暖
2828,和平
2829,和平的
2830,和平鸽
2831,和气
2832,和洽
2833,和软
2834,和善
2835,和声
2836,和顺
2837,和调
2838,和婉
2839,和祥
2840,和谐
2841,和谐的
2842,和煦
2843,和颜悦色
2844,和易
2845,和易近人
2846,和悦
2847,和衷共济
2848,河山
2849,河晏水清
2850,河岳
2851,荷花
2852,核心
2853,贺匾
2854,贺词
2855,贺电
2856,贺函
2857,贺礼
2858,贺联
2859,贺年
2860,贺喜
2861,贺幛
2862,赫赫
2863,赫赫有名
2864,赫然
2865,赫奕
2866,鹤发童颜
2867,鹤立鸡群
2868,黑白分明
2869,嘿嘿
2870,很棒
2871,很棒的
2872,很大
2873,很多
2874,很多的
2875,很方便
2876,很好
2877,很好的
2878,很好地
2879,很灵
2880,很满意
2881,很容易
2882,很舒服
2883,很爽
2884,很稳
2885,很有抱负
2886,很有意义
2887,很赞
2888,很足
2889,狠狠
2890,狠抓
2891,恨不得
2892,恨不能
2893,亨通
2894,恒定
2895,恒久
2896,恒久不变
2897,恒量
2898,恒心
2899,恒性
2900,娥
2901,横心
2902,轰轰烈烈
2903,弘大
2904,弘论
2905,弘扬
2906,弘愿
2907,弘旨
2908,红榜
2909,红包
2910,红蛋
2911,红得发紫
2912,红豆
2913,红红火火
2914,红花
2915,红火
2916,红角儿
2917,红利
2918,红领巾
2919,红娘
2920,红旗
2921,红润
2922,红润的
2923,红色
2924,红心
2925,红星
2926,红艳艳
2927,红运
2928,红妆
2929,红装
2930,宏博
2931,宏才
2932,宏敞
2933,宏达
2934,宏大
2935,宏放
2936,宏富
2937,宏阔
2938,宏朗
2939,宏丽
2940,宏亮
2941,宏论
2942,宏儒
2943,宏赡
2944,宏图
2945,宏伟
2946,宏伟的
2947,宏愿
2948,洪大
2949,洪福
2950,洪福齐天
2951,洪亮
2952,洪量
2953,洪流
2954,洪炉
2955,洪钟
2956,鸿博
2957,鸿儒
2958,鸿运
2959,哄闹
2960,猴儿精
2961,后盾
2962,后福
2963,后生可畏
2964,厚爱
2965,厚待
2966,厚道
2967,厚道的
2968,厚恩
2969,厚礼
2970,厚实
2971,厚望
2972,厚谢
2973,厚谊
2974,厚意
2975,厚遇
2976,厚重
2977,呼之欲出
2978,鹄望
2979,虎背熊腰
2980,虎彪彪
2981,虎虎
2982,虎虎生气
2983,虎将
2984,虎劲
2985,虎势
2986,虎威
2987,互爱
2988,互惠
2989,互敬
2990,互利
2991,互让
2992,互通
2993,互助
2994,互助的
2995,互助合作
2996,护航
2997,护理
2998,护送
2999,护卫
3000,护养
3001,护佑
3002,花朵
3003,花繁叶茂
3004,花好月圆
3005,花魁
3006,花气袭人
3007,花容玉貌
3008,花容月貌
3009,花哨
3010,花团锦簇
3011,花香鸟语
3012,花絮
3013,花样翻新
3014,花枝招展
3015,划时代
3016,划一
3017,划一不二
3018,华彩
3019,华灯
3020,华贵
3021,华丽
3022,华丽的
3023,华美
3024,华年
3025,华艳
3026,华章
3027,滑不唧溜
3028,滑稽
3029,滑溜
3030,滑溜溜
3031,滑腻
3032,滑润
3033,滑爽
3034,化境
3035,化育
3036,怀恋
3037,怀念
3038,怀想
3039,怀着
3040,怀着希望
3041,欢蹦乱跳
3042,欢忭
3043,欢畅
3044,欢唱
3045,欢度
3046,欢歌
3047,欢好
3048,欢呼
3049,欢欢喜喜
3050,欢叫
3051,欢聚
3052,欢快
3053,欢乐
3054,欢乐的
3055,欢闹
3056,欢闹的
3057,欢洽
3058,欢庆
3059,欢庆胜利
3060,欢声
3061,欢声雷动
3062,欢实
3063,欢送
3064,欢腾
3065,欢腾的
3066,欢天喜地
3067,欢慰
3068,欢喜
3069,欢喜的
3070,欢笑
3071,欢欣
3072,欢欣鼓舞
3073,欢宴
3074,欢迎
3075,欢迎的
3076,欢娱
3077,欢愉
3078,欢悦
3079,欢跃
3080,缓和
3081,缓解
3082,幻想
3083,唤起
3084,唤醒
3085,涣然
3086,患得患失
3087,焕发
3088,焕然
3089,焕然一新
3090,皇皇
3091,黄金
3092,黄熟
3093,煌煌
3094,晃眼
3095,诙谐
3096,诙谐的
3097,挥斥
3098,挥戈
3099,挥毫
3100,挥洒
3101,挥师
3102,恢复
3103,恢弘
3104,恢宏
3105,恢廓
3106,晖映
3107,辉煌
3108,辉煌的
3109,辉耀
3110,辉映
3111,煌
3112,徽号
3113,回报
3114,回肠荡气
3115,回嗔作喜
3116,回春
3117,回归
3118,回敬
3119,回礼
3120,回天
3121,回味
3122,回味无穷
3123,悔改
3124,悔过自新
3125,悔悟
3126,汇集
3127,会师
3128,会心
3129,会心一笑
3130,荟萃
3131,诲人不倦
3132,绘声绘色
3133,绘声绘影
3134,绘影绘声
3135,惠存
3136,惠而不费
3137,惠风
3138,惠顾
3139,惠及
3140,惠临
3141,惠然
3142,慧心
3143,慧眼
3144,慧眼独具
3145,蕙质兰心
3146,婚生
3147,浑古
3148,浑厚
3149,浑金璞玉
3150,浑朴
3151,浑然
3152,浑然一体
3153,浑身是胆
3154,浑俗和光
3155,魂牵梦系
3156,魂牵梦萦
3157,豁达
3158,豁达大度
3159,豁朗
3160,豁亮
3161,豁免
3162,豁然
3163,豁然开朗
3164,活便
3165,活波
3166,活动家
3167,活泛
3168,活分
3169,活力
3170,活灵活现
3171,活溜
3172,活络
3173,活泼
3174,活泼的
3175,活泼地
3176,活泼泼
3177,活气
3178,活生生
3179,活脱脱
3180,活现
3181,活用
3182,活跃
3183,活着
3184,活着的
3185,火暴
3186,火爆
3187,火炽
3188,火红
3189,火花
3190,火热
3191,火速
3192,夥伴
3193,夥伴的
3194,货真价实
3195,获得
3196,获得胜利
3197,获利
3198,获利的
3199,获取
3200,获胜
3201,获胜的
3202,获准
3203,击赏
3204,机变
3205,机动
3206,机断
3207,机锋
3208,机会
3209,机警
3210,机灵
3211,机灵的
3212,机灵鬼
3213,机敏
3214,机敏的
3215,机敏地
3216,机谋
3217,机巧
3218,机要
3219,机遇
3220,机运
3221,机智
3222,机智的
3223,鸡犬不惊
3224,积德
3225,积极
3226,积极的
3227,积极性
3228,积蓄
3229,积余
3230,基本
3231,基部
3232,基础
3233,基础性
3234,基础扎实
3235,跻身
3236,稽首
3237,激昂
3238,激荡
3239,激动人心
3240,激发
3241,激奋
3242,激活
3243,激进
3244,激励
3245,激烈
3246,激流
3247,激切
3248,激情
3249,激赏
3250,激扬
3251,激越
3252,及格
3253,及时
3254,及时雨
3255,吉利
3256,吉利的
3257,吉期
3258,吉庆
3259,吉日
3260,吉时
3261,吉祥
3262,吉祥的
3263,吉祥如意
3264,吉祥物
3265,吉星
3266,吉星高照
3267,吉兆
3268,极顶
3269,极度高兴
3270,极负盛誉
3271,极贵重
3272,极贵重的
3273,极好
3274,极好的
3275,极好的人
3276,极乐
3277,极乐的
3278,极力
3279,极力夸奖
3280,极品
3281,极其流行
3282,极热心
3283,极神圣
3284,极致
3285,即席
3286,即兴
3287,急公好义
3288,急进
3289,急智
3290,集大成
3291,集锦
3292,集中
3293,集注
3294,集资
3295,辑睦
3296,嫉妒
3297,记功
3298,记挂
3299,记念
3300,记实
3301,纪念
3302,纪念碑
3303,纪念币
3304,纪念册
3305,纪念封
3306,纪念馆
3307,纪念品
3308,纪念塔
3309,纪念章
3310,技法
3311,技高一筹
3312,技能
3313,技巧
3314,技术
3315,技艺
3316,忌妒
3317,际逢
3318,济楚
3319,济济
3320,济济一堂
3321,济贫
3322,济世
3323,济事
3324,济助
3325,既定
3326,既往不咎
3327,觊觎
3328,继承
3329,继往开来
3330,祭拜
3331,祭奠
3332,祭扫
3333,祭祀
3334,寄怀
3335,寄情
3336,寄予
3337,寂静
3338,寂然
3339,霁月光风
3340,冀求
3341,冀望
3342,加薪
3343,加意
3344,佳话
3345,佳节
3346,佳境
3347,佳句
3348,佳丽
3349,佳美
3350,佳妙
3351,佳酿
3352,佳偶
3353,佳品
3354,佳期
3355,佳趣
3356,佳人
3357,佳肴
3358,佳作
3359,家传
3360,家给人足
3361,家学
3362,家喻户晓
3363,家珍
3364,嘉奖
3365,嘉勉
3366,嘉名
3367,嘉尚
3368,嘉慰
3369,嘉许
3370,夹道欢迎
3371,戛戛
3372,甲等
3373,甲级
3374,甲天下
3375,价廉物美
3376,价值连城
3377,价值千金
3378,驾轻就熟
3379,尖兵
3380,尖端
3381,尖利
3382,尖锐
3383,尖子
3384,坚不可摧
3385,坚持
3386,坚持不懈
3387,坚持不渝
3388,坚持的
3389,坚持买
3390,坚定
3391,坚定不移
3392,坚定的
3393,坚固
3394,坚固的
3395,坚固耐用
3396,坚劲
3397,坚决
3398,坚决的
3399,坚强
3400,坚强不屈
3401,坚强的
3402,坚确
3403,坚忍
3404,坚忍不拔
3405,坚韧
3406,坚韧不拔
3407,坚韧的
3408,坚如磐石
3409,坚实
3410,坚守
3411,坚挺
3412,坚信
3413,坚毅
3414,坚硬无比
3415,坚贞
3416,坚贞不屈
3417,坚贞不渝
3418,坚致
3419,间歇
3420,肩负
3421,肩荷
3422,艰苦
3423,艰苦奋斗
3424,艰苦朴素
3425,艰贞
3426,兼爱
3427,兼备
3428,兼顾
3429,兼人
3430,兼优
3431,俭朴
3432,俭省
3433,检点
3434,检举
3435,减轻
3436,剪彩
3437,简便
3438,简便易行
3439,简单
3440,简单化
3441,简单明了
3442,简单易行
3443,简短
3444,简洁
3445,简捷
3446,简劲
3447,简括
3448,简练
3449,简略
3450,简明
3451,简明扼要
3452,简朴
3453,简朴的
3454,简切
3455,简雅
3456,简要
3457,简易
3458,简约
3459,简质
3460,见爱
3461,见称
3462,见地
3463,见多识广
3464,见访
3465,见告
3466,见好
3467,见惠
3468,见机
3469,见机行事
3470,见解
3471,见识
3472,见世面
3473,见所未见
3474,见微知萌
3475,见微知著
3476,见闻
3477,见效
3478,见义勇为
3479,见长
3480,饯别
3481,饯行
3482,建立
3483,建设
3484,建设性
3485,建设性的
3486,建树
3487,建言
3488,荐举
3489,荐引
3490,贱价
3491,健步
3492,健存
3493,健儿
3494,健将
3495,健捷
3496,健康
3497,健康的
3498,健康美
3499,健朗
3500,健美
3501,健美的
3502,健全
3503,健全的
3504,健实
3505,健硕
3506,健谈
3507,健旺
3508,健在
3509,健壮
3510,健壮的
3511,渐进
3512,渐入佳境
3513,践行
3514,践诺
3515,践约
3516,鉴别
3517,鉴别力
3518,鉴定
3519,鉴赏
3520,江山
3521,疆场
3522,讲究
3523,讲礼貌
3524,讲理
3525,讲求
3526,奖杯
3527,奖罚分明
3528,奖金
3529,奖励
3530,奖牌
3531,奖品
3532,奖旗
3533,奖劝
3534,奖赏
3535,奖饰
3536,奖售
3537,奖台
3538,奖许
3539,奖学金
3540,奖掖
3541,奖挹
3542,奖誉
3543,奖章
3544,奖状
3545,匠心独具
3546,匠心独运
3547,交辉
3548,交口称誉
3549,交口称赞
3550,交情
3551,交谊
3552,交映
3553,娇翠
3554,娇滴滴
3555,娇儿
3556,娇好
3557,娇红
3558,娇黄
3559,娇蓝
3560,娇丽
3561,娇绿
3562,娇美
3563,娇媚
3564,娇娜
3565,娇嫩
3566,娇娘
3567,娇女
3568,娇妻
3569,娇娆
3570,娇柔
3571,娇婉
3572,娇小
3573,娇羞
3574,娇艳
3575,娇艳欲滴
3576,姣翠
3577,姣好
3578,姣丽
3579,姣美
3580,姣妍
3581,骄人
3582,骄子
3583,嚼铁咀金
3584,佼佼
3585,佼佼者
3586,矫健
3587,矫捷
3588,矫正
3589,皎白
3590,皎皎
3591,皎洁
3592,脚踏实地
3593,徼幸
3594,缴获
3595,叫好
3596,叫绝
3597,叫真
3598,叫真儿
3599,觉察
3600,觉悟
3601,觉醒
3602,较好
3603,较好者
3604,较劲
3605,较优
3606,较优者
3607,较真
3608,较真儿
3609,教导
3610,教化
3611,教诲
3612,教坛
3613,教养
3614,教益
3615,教育
3616,教正
3617,皆大欢喜
3618,接班人
3619,接济
3620,接受
3621,接物
3622,接引
3623,接遇
3624,揭发
3625,揭幕
3626,揭示
3627,揭晓
3628,节操
3629,节俭
3630,节俭的
3631,节节
3632,节烈
3633,节流
3634,节能
3635,节省
3636,节用
3637,节余
3638,节约
3639,节约的
3640,节制
3641,节制的
3642,劫富济贫
3643,杰出
3644,杰出的
3645,杰出人物
3646,杰作
3647,洁白
3648,洁净
3649,洁净的
3650,洁身自好
3651,洁身自律
3652,洁莹
3653,结彩
3654,结结实实
3655,结晶
3656,结识
3657,结实
3658,结实粗壮
3659,捷报
3660,捷径
3661,捷书
3662,捷音
3663,截长补短
3664,竭诚
3665,竭尽全心
3666,解除
3667,解除武装
3668,解放
3669,解放区
3670,解纷
3671,解惑
3672,解救
3673,解决
3674,解开
3675,解渴
3676,解扣儿
3677,解囊
3678,解囊相助
3679,解围
3680,戒除
3681,借鉴
3682,借重
3683,借助
3684,巾帼
3685,金碧辉煌
3686,金壁辉煌
3687,金不换
3688,金灿灿
3689,金城汤池
3690,金风送爽
3691,金凤
3692,金贵
3693,金晃晃
3694,金婚
3695,金口
3696,金瓯
3697,金嗓子
3698,金闪闪
3699,金言
3700,金钥匙
3701,金玉
3702,金玉满堂
3703,金针
3704,津津
3705,津津有味
3706,津润
3707,津要
3708,矜持
3709,筋道
3710,襟怀坦白
3711,紧凑
3712,紧紧
3713,紧要
3714,锦标
3715,锦簇花团
3716,锦缎
3717,锦鳞
3718,锦旗
3719,锦绣
3720,谨饬
3721,谨厚
3722,谨密
3723,谨慎
3724,谨慎的
3725,谨小慎微
3726,谨严
3727,谨言慎行
3728,尽瘁
3729,尽欢
3730,尽可能
3731,尽力
3732,尽情
3733,尽情地
3734,尽人皆知
3735,尽如人意
3736,尽善尽美
3737,尽孝
3738,尽心
3739,尽心竭力
3740,尽心尽力
3741,尽兴
3742,尽意
3743,尽责
3744,尽职
3745,尽致
3746,尽忠
3747,进步
3748,进步的
3749,进行
3750,进化
3751,进化论
3752,进军
3753,进取
3754,进取心
3755,进贤
3756,进献
3757,进益
3758,进展
3759,近便
3760,近情
3761,劲拔
3762,劲草
3763,劲健
3764,劲旅
3765,劲秀
3766,晋级
3767,晋升
3768,晋职
3769,经常性
3770,经典
3771,经济
3772,经济宽裕
3773,经济实惠
3774,经济适用
3775,经久耐用
3776,经纶
3777,经师
3778,经世
3779,经心
3780,经验
3781,经验丰富
3782,经意
3783,经营
3784,经用
3785,菁菁
3786,旌麾
3787,旌旗
3788,旌旗蔽日
3789,惊奇
3790,惊喜
3791,惊喜欲狂
3792,惊羡
3793,惊讶
3794,晶光
3795,晶洁
3796,晶晶
3797,晶亮
3798,晶明
3799,晶莹
3800,晶莹剔透
3801,兢兢业业
3802,精白
3803,精本
3804,精兵
3805,精采
3806,精彩
3807,精彩纷呈
3808,精彩绝伦
3809,精诚
3810,精诚团结
3811,精纯
3812,精醇
3813,精粹
3814,精打细算
3815,精当
3816,精到
3817,精雕细刻
3818,精读
3819,精度高
3820,精干
3821,精光
3822,精悍
3823,精核
3824,精华
3825,精洁
3826,精进
3827,精精神神
3828,精警
3829,精镌
3830,精绝
3831,精力
3832,精力充沛
3833,精练
3834,精炼
3835,精良
3836,精灵
3837,精美
3838,精美的
3839,精美绝伦
3840,精密
3841,精密的
3842,精妙
3843,精敏
3844,精明
3845,精明的
3846,精明强干
3847,精辟
3848,精品
3849,精奇
3850,精强
3851,精巧
3852,精巧的
3853,精巧地
3854,精切
3855,精勤
3856,精确
3857,精确的
3858,精确度
3859,精确性
3860,精锐
3861,精深
3862,精神
3863,精神百倍
3864,精神饱满
3865,精神抖擞
3866,精神焕发
3867,精神矍铄
3868,精神十足
3869,精审
3870,精熟
3871,精髓
3872,精通
3873,精通的
3874,精微
3875,精卫填海
3876,精细
3877,精细的
3878,精娴
3879,精详
3880,精心
3881,精心的
3882,精选
3883,精选的
3884,精雅
3885,精严
3886,精研
3887,精要
3888,精一
3889,精义
3890,精益求精
3891,精英
3892,精于
3893,精蕴
3894,精湛
3895,精制
3896,精致
3897,精致的
3898,精忠
3899,精装
3900,精壮
3901,精准
3902,井井有条
3903,井然
3904,井然有序
3905,景观
3906,景气
3907,景色
3908,景色优美
3909,景胜
3910,景物
3911,景仰
3912,景致
3913,警策
3914,警觉
3915,警句
3916,警辟
3917,警切
3918,警悟
3919,警醒
3920,净白
3921,净化
3922,净心
3923,竞秀
3924,竞艳
3925,竟敢
3926,敬爱
3927,敬辞
3928,敬奉
3929,敬服
3930,敬贺
3931,敬酒
3932,敬礼
3933,敬慕
3934,敬佩
3935,敬若神明
3936,敬畏
3937,敬信
3938,敬仰
3939,敬养
3940,敬意
3941,敬重
3942,敬祝
3943,静寂
3944,静谧
3945,静穆
3946,静悄
3947,静悄悄
3948,静态
3949,静心
3950,静幽幽
3951,境界
3952,炯炯
3953,炯炯有神
3954,炯然
3955,究其实
3956,赳赳
3957,九鼎
3958,久经考验
3959,久慕
3960,久远
3961,酒酣耳热
3962,救国
3963,救护
3964,救荒
3965,救急
3966,救济
3967,救死扶伤
3968,救亡
3969,救星
3970,救援
3971,救治
3972,救助
3973,就义
3974,拘谨
3975,居安思危
3976,居高临下
3977,居首
3978,掬诚
3979,鞠躬
3980,鞠躬尽瘁
3981,举案齐眉
3982,举国
3983,举行
3984,举荐
3985,举世闻名
3986,举无遗策
3987,举一反三
3988,举止大方
3989,举止端庄
3990,举止文雅
3991,举足轻重
3992,巨变
3993,巨大
3994,巨大的
3995,巨构
3996,巨匠
3997,巨人
3998,巨著
3999,巨子
4000,具体
4001,俱佳
4002,据理
4003,据理力争
4004,据实
4005,距跃三百
4006,聚焦
4007,聚精会神
4008,捐躯
4009,捐献
4010,捐赠
4011,捐助
4012,娟娟
4013,娟秀
4014,镌刻
4015,镌脾琢肾
4016,狷介
4017,眷爱
4018,眷顾
4019,眷怀
4020,眷眷
4021,眷恋
4022,眷念
4023,眷注
4024,决定
4025,决定性
4026,决定性的
4027,决断
4028,决断力
4029,决绝
4030,决然
4031,决心
4032,诀窍
4033,绝唱
4034,绝顶
4035,绝对不会
4036,绝对够
4037,绝对可靠
4038,绝好
4039,绝技
4040,绝佳
4041,绝景
4042,绝了
4043,绝伦
4044,绝妙
4045,绝妙的
4046,绝品
4047,绝群
4048,绝色
4049,绝世
4050,绝调
4051,绝无
4052,绝无错误
4053,绝艺
4054,绝长续短
4055,绝招
4056,绝着
4057,崛起
4058,矍铄
4059,倔强
4060,均等
4061,均衡
4062,均衡的
4063,均一
4064,均匀
4065,君圣臣贤
4066,君子
4067,俊杰
4068,俊丽
4069,俊迈
4070,俊髦
4071,俊美
4072,俊气
4073,俊俏
4074,俊爽
4075,俊伟
4076,俊秀
4077,俊雅
4078,俊彦
4079,俊逸
4080,隽永
4081,骏马
4082,开采
4083,开诚布公
4084,开诚相见
4085,开创
4086,开导
4087,开发
4088,开放
4089,开放的
4090,开化
4091,开怀
4092,开阔
4093,开朗
4094,开绿灯
4095,开眉展眼
4096,开门红
4097,开门见山
4098,开明
4099,开辟
4100,开启
4101,开窍
4102,开山
4103,开通
4104,开拓
4105,开拓型
4106,开心
4107,开心见肠
4108,开颜
4109,开眼
4110,开展
4111,开张
4112,剀切
4113,凯歌
4114,凯旋
4115,凯旋的
4116,恺切
4117,恺悌
4118,慨诺
4119,慨然
4120,慨允
4121,楷范
4122,楷模
4123,楷式
4124,楷则
4125,堪称第一
4126,堪称一绝
4127,侃侃
4128,侃侃而谈
4129,看车
4130,看得起
4131,看得上
4132,看得上眼
4133,看上
4134,看上眼
4135,看望
4136,看在
4137,看中
4138,看重
4139,康阜
4140,康复
4141,康健
4142,康乐
4143,康宁
4144,康平
4145,康强
4146,康衢
4147,康泰
4148,慷慨
4149,慷慨大方
4150,慷慨的
4151,慷慨解囊
4152,伉俪
4153,抗暴
4154,抗击
4155,抗战
4156,抗争
4157,考究
4158,考虑
4159,考求
4160,犒劳
4161,犒赏
4162,靠得住
4163,靠前
4164,科学
4165,科学家
4166,磕头
4167,咳珠唾玉
4168,可爱
4169,可爱的
4170,可爱地
4171,可称赞
4172,可称赞的
4173,可读性
4174,可歌可泣
4175,可歌可涕
4176,可观
4177,可贵
4178,可贵的
4179,可行
4180,可行的
4181,可嘉
4182,可经营
4183,可经营的
4184,可敬
4185,可敬的
4186,可敬重
4187,可敬重的
4188,可靠
4189,可靠程度
4190,可靠的
4191,可靠性
4192,可口
4193,可口的
4194,可乐
4195,可了解
4196,可了解的
4197,可理解
4198,可理解的
4199,可能
4200,可泣可歌
4201,可钦佩
4202,可钦佩的
4203,可亲
4204,可取
4205,可取的
4206,可圈可点
4207,可人
4208,可忍受
4209,可忍受的
4210,可实行
4211,可实行的
4212,可塑
4213,可塑性
4214,可统一
4215,可喜
4216,可喜的
4217,可笑
4218,可携带
4219,可携带的
4220,可心
4221,可心如意
4222,可信
4223,可信的
4224,可信赖
4225,可信赖的
4226,可信赖性
4227,可信任
4228,可信任的
4229,可以接受
4230,可以信赖
4231,可意
4232,可用
4233,可用的
4234,可尊敬
4235,可尊敬的
4236,渴慕
4237,渴念
4238,渴盼
4239,渴求
4240,渴望
4241,渴望的
4242,渴望获得
4243,渴想
4244,渴仰
4245,克爱克威
4246,克服
4247,克己奉公
4248,克俭
4249,克捷
4250,克勤克俭
4251,克制
4252,刻苦
4253,刻苦的
4254,刻意
4255,恪守
4256,客观
4257,客观上
4258,客气
4259,客气的
4260,肯定
4261,肯定词
4262,肯定的
4263,肯定语
4264,肯干
4265,肯綮
4266,肯切
4267,肯顺从
4268,肯顺从的
4269,肯于
4270,恳切
4271,恳请
4272,恳求
4273,恳谈
4274,恳托
4275,恳挚
4276,铿锵
4277,铿然
4278,空间大
4279,空灵
4280,空明
4281,空前
4282,空前绝后
4283,口碑
4284,口才
4285,口陈肝胆
4286,口德
4287,口服
4288,口角春风
4289,口角生风
4290,口紧
4291,口快
4292,口若悬河
4293,口头福
4294,口头通过
4295,口谕
4296,叩拜
4297,叩首
4298,叩头
4299,扣人心弦
4300,LL
4301,刳精_心
4302,枯枝再春
4303,苦功
4304,苦口婆心
4305,苦苦
4306,苦思
4307,苦心
4308,苦心孤诣
4309,苦心造诣
4310,苦修
4311,苦战
4312,酷爱
4313,酷毙了
4314,酷好
4315,夸奖
4316,夸说
4317,夸许
4318,夸耀
4319,夸赞
4320,跨越
4321,快畅
4322,快当
4323,快感
4324,快活
4325,快活的
4326,快捷
4327,快快活活
4328,快快乐乐
4329,快乐
4330,快乐的
4331,快乐地
4332,快乐论
4333,快乐论的
4334,快乐主义
4335,快利
4336,快马加鞭
4337,快人
4338,快人快语
4339,快事
4340,快手
4341,快速
4342,快慰
4343,快心
4344,快意
4345,快悦
4346,脍炙人口
4347,宽博
4348,宽敞
4349,宽畅
4350,宽绰
4351,宽大
4352,宽大的
4353,宽广
4354,宽和
4355,宽宏
4356,宽宏大度
4357,宽宏大量
4358,宽洪
4359,宽洪大量
4360,宽厚
4361,宽怀
4362,宽解
4363,宽旷
4364,宽阔
4365,宽阔的
4366,宽亮
4367,宽让
4368,宽仁
4369,宽容
4370,宽容的
4371,宽舒
4372,宽恕
4373,宽恕的
4374,宽爽
4375,宽松
4376,宽坦
4377,宽慰
4378,宽心
4379,宽余
4380,宽裕
4381,款待
4382,款款
4383,款留
4384,款洽
4385,款曲
4386,匡扶
4387,匡复
4388,匡济
4389,匡救
4390,匡乱反正
4391,匡谬正俗
4392,匡正
4393,匡助
4394,狂爱
4395,狂放
4396,狂欢
4397,狂欢的
4398,狂乱
4399,狂热
4400,狂热的
4401,狂热赞扬
4402,狂喜
4403,狂喜的
4404,狂想
4405,旷达
4406,旷代
4407,旷荡
4408,旷典
4409,旷古
4410,旷阔
4411,旷朗
4412,旷世
4413,旷远
4414,岿然
4415,岿巍
4416,葵倾
4417,魁岸
4418,魁实
4419,魁首
4420,魁伟
4421,魁梧
4422,魁元
4423,馈送
4424,馈献
4425,馈遗
4426,馈赠
4427,鲲鹏
4428,困迫
4429,扩充
4430,扩大
4431,扩展
4432,阔步
4433,阔达
4434,来宾
4435,来得
4436,来劲
4437,来神
4438,来者不拒
4439,兰草
4440,蓝图
4441,览胜
4442,览闻辩见
4443,烂漫
4444,烂然
4445,烂熟
4446,琅琅
4447,琅琅上口
4448,朗敞
4449,朗澈
4450,朗朗
4451,朗朗上口
4452,朗然
4453,浪潮
4454,浪花
4455,浪漫
4456,浪漫的
4457,浪子回头
4458,劳驾
4459,劳苦功高
4460,劳模
4461,牢不可拔
4462,牢不可破
4463,牢固
4464,牢固的
4465,牢记
4466,牢靠
4467,牢牢
4468,牢实
4469,牢稳
4470,老成
4471,老成持重
4472,老成练达
4473,老诚
4474,老当益壮
4475,老到
4476,老而弥坚
4477,老黄牛
4478,老将
4479,老辣
4480,老老实实
4481,老练
4482,老练的
4483,老马识途
4484,老谋深算
4485,老牌
4486,老前辈
4487,老师
4488,老实
4489,老实巴交
4490,老实的
4491,老手
4492,老于世故
4493,乐不可言
4494,乐不可支
4495,乐此不倦
4496,乐此不疲
4497,乐道安命
4498,乐颠颠
4499,乐而忘返
4500,乐而忘忧
4501,乐观
4502,乐观的
4503,乐呵呵
4504,乐嗬嗬
4505,乐和
4506,乐乎
4507,乐见
4508,乐境
4509,乐乐呵呵
4510,乐乐陶陶
4511,乐趣
4512,乐融融
4513,乐善好施
4514,乐事
4515,乐陶陶
4516,乐天
4517,乐天任命
4518,乐天知命
4519,乐土
4520,乐业
4521,乐以忘忧
4522,乐意
4523,乐意的
4524,乐意地
4525,乐悠悠
4526,乐於
4527,乐于
4528,乐园
4529,乐在其中
4530,乐滋滋
4531,乐子
4532,了不起
4533,了不起的
4534,了当
4535,了得
4536,了解
4537,了然
4538,雷打不动
4539,雷厉风行
4540,雷霆万钧
4541,磊浪不羁
4542,磊落
4543,冷静
4544,冷静的
4545,冷心冷面
4546,愣是
4547,愣要
4548,离蔬释F
4549,黎明
4550,礼节性
4551,礼貌
4552,礼貌性
4553,礼聘
4554,礼让
4555,礼遇
4556,礼赞
4557,里手
4558,理会
4559,理解
4560,理顺
4561,理所当然
4562,理想
4563,理想的
4564,理想化
4565,理性
4566,理性的
4567,理冤摘伏
4568,理直气壮
4569,理致
4570,理智
4571,力持
4572,力行
4573,力求
4574,力透纸背
4575,力挽狂澜
4576,力学
4577,力争
4578,力争上游
4579,力主
4580,力作
4581,历井扪天
4582,历久不衰
4583,历历
4584,历历可数
4585,历史性
4586,历世摩钝
4587,历演不衰
4588,厉行
4589,厉精求治
4590,立功
4591,立项
4592,立志
4593,丽句清词
4594,丽人
4595,丽日
4596,丽质
4597,励精图治
4598,利齿
4599,利国利民
4600,利害
4601,利害攸关
4602,利口
4603,利落
4604,利人利己
4605,利润
4606,利索
4607,利他
4608,利益
4609,利于
4610,利嘴
4611,沥血叩心
4612,莅临
4613,连根拔起
4614,连贯
4615,连贯的
4616,连理
4617,连手
4618,连舆并席
4619,连枝共冢
4620,怜爱
4621,怜悯
4622,怜悯的
4623,怜悯心
4624,怜惜
4625,涟漪
4626,联合
4627,联合起来
4628,联欢
4629,联袂
4630,联手
4631,联谊
4632,廉价
4633,廉洁
4634,廉洁奉公
4635,廉洁自律
4636,廉明
4637,廉正
4638,廉正无私
4639,廉政
4640,廉直
4641,脸红
4642,裣衽
4643,练成
4644,练达
4645,炼话
4646,炼句
4647,炼字
4648,恋爱
4649,恋恋
4650,恋恋不舍
4651,恋慕
4652,恋念
4653,恋情
4654,潋滟
4655,良策
4656,良方
4657,良港
4658,良好
4659,良好的
4660,良朋益友
4661,良善
4662,良师益友
4663,良田
4664,良图
4665,良晤
4666,良宵
4667,良心
4668,良心的
4669,良性
4670,良性的
4671,良言
4672,良药
4673,良医
4674,良友
4675,良缘
4676,凉快
4677,凉快的
4678,凉爽
4679,凉丝丝
4680,两利
4681,两全
4682,两世为人
4683,两袖清风
4684,亮敞
4685,亮点
4686,亮光光
4687,亮晃晃
4688,亮晶晶
4689,亮丽
4690,亮亮堂堂
4691,亮闪闪
4692,亮堂
4693,亮堂堂
4694,亮锃锃
4695,亮铮铮
4696,谅解
4697,靓丽
4698,靓女
4699,靓仔
4700,靓妆
4701,量才录用
4702,量己审分
4703,辽阔
4704,嘹亮
4705,料事如神
4706,烈士
4707,猎获
4708,临危不惧
4709,淋漓
4710,淋漓尽致
4711,琳琅
4712,琳琅满目
4713,粼粼
4714,凛凛
4715,凛然
4716,伶俐
4717,伶俐的
4718,灵便
4719,灵动
4720,灵泛
4721,灵感
4722,灵光
4723,灵活
4724,灵活的
4725,灵活机动
4726,灵机
4727,灵捷
4728,灵快
4729,灵妙
4730,灵敏
4731,灵敏的
4732,灵敏性
4733,灵巧
4734,灵巧的
4735,灵巧地
4736,灵俏
4737,灵清
4738,灵通
4739,灵透
4740,灵效
4741,灵醒
4742,灵性
4743,灵秀
4744,灵验
4745,泠泠
4746,泠泠作响
4747,泠然
4748,玲珑
4749,玲珑剔透
4750,凌霄
4751,凌云
4752,聆听
4753,领情
4754,领先
4755,领衔
4756,令名
4757,令人高兴
4758,令人鼓舞
4759,令人惊奇
4760,令人敬畏
4761,令人满意
4762,令人难忘
4763,令人钦佩
4764,令人神往
4765,令人喜悦
4766,令人羡慕
4767,令人信服
4768,令人愉快
4769,令人瞩目
4770,令誉
4771,溜光
4772,溜光水滑
4773,溜滑
4774,浏亮
4775,留芳后世
4776,留连
4777,留恋
4778,留念
4779,留情
4780,留神
4781,留神的
4782,留心
4783,留心的
4784,留意
4785,留意的
4786,流畅
4787,流畅的
4788,流芳百代
4789,流芳百世
4790,流芳后世
4791,流芳千古
4792,流行
4793,流行的
4794,流丽
4795,流利
4796,流利的
4797,流连
4798,流通
4799,流溢
4800,柳暗花明
4801,龙飞凤舞
4802,龙驹
4803,龙腾虎跃
4804,茏葱
4805,珑玲
4806,隆情
4807,隆盛
4808,隆渥
4809,隆重
4810,炉火纯青
4811,路不拾遗
4812,路人皆知
4813,露骨
4814,露头角
4815,鸾凤和鸣
4816,伦理
4817,伦理的
4818,论功行赏
4819,论著
4820,逻辑
4821,锣鼓喧天
4822,荦荦
4823,荦荦大者
4824,落落
4825,落落大方
4826,落忍
4827,落实
4828,落拓不羁
4829,落心
4830,膂力过人
4831,履行
4832,履险如夷
4833,履约
4834,律己奉公
4835,率先
4836,率真
4837,率直
4838,率直的
4839,率直地
4840,绿化
4841,绿色
4842,麻利
4843,麻麻亮
4844,马不停蹄
4845,马到成功
4846,埋头苦干
4847,买账
4848,迈进
4849,脉脉
4850,脉脉含情
4851,蛮大
4852,蛮灵
4853,蛮轻
4854,满分
4855,满腹经纶
4856,满怀
4857,满怀豪情
4858,满怀激情
4859,满怀敬畏
4860,满口
4861,满面春风
4862,满腔热忱
4863,满腔热情
4864,满腔热血
4865,满勤
4866,满堂彩
4867,满堂红
4868,满心欢喜
4869,满意
4870,满意的
4871,满意地说
4872,满溢
4873,满园春色
4874,满载而归
4875,满足
4876,满座
4877,曼妙
4878,慢条斯理
4879,莽莽
4880,茂密
4881,茂盛
4882,茂盛的
4883,冒尖
4884,冒尖户
4885,冒尖生
4886,u嫉
4887,没错儿
4888,没得说
4889,没的说
4890,没分开
4891,没弄脏
4892,没事
4893,没说的
4894,没问题
4895,没虚伪
4896,没压力
4897,没有不适
4898,没有搀杂
4899,没有对手
4900,没有负担
4901,没有拘束
4902,没有啥
4903,没有说的
4904,没有拖累
4905,没有问题
4906,没有虚伪
4907,没有压力
4908,没有阻碍
4909,眉飞色舞
4910,眉开眼笑
4911,眉目如画
4912,眉清目秀
4913,美不胜收
4914,美餐
4915,美差
4916,美称
4917,美传
4918,美德
4919,美的事物
4920,美的音乐
4921,美感
4922,美观
4923,美好
4924,美好的
4925,美化
4926,美劲儿
4927,美景
4928,美酒
4929,美丽
4930,美丽的
4931,美轮美奂
4932,美满
4933,美貌
4934,美美
4935,美梦
4936,美妙
4937,美妙的
4938,美名
4939,美女
4940,美人
4941,美事
4942,美谈
4943,美味
4944,美味的
4945,美味可口
4946,美秀
4947,美言
4948,美艳
4949,美意
4950,美意延年
4951,美誉
4952,美滋滋
4953,媚人
4954,魅力
4955,魅人
4956,萌动
4957,萌芽
4958,猛将
4959,猛捷
4960,猛进
4961,猛锐
4962,猛士
4963,梦魂萦绕
4964,梦境
4965,梦寐以求
4966,梦想
4967,弥补
4968,弥望
4969,弥足珍贵
4970,迷恋
4971,迷人
4972,迷人的
4973,迷人的美
4974,迷人之处
4975,迷上
4976,迷途知返
4977,迷住
4978,靡丽
4979,秘宝
4980,密切
4981,密友
4982,谧静
4983,蜜甜
4984,绵和
4985,绵密
4986,绵甜
4987,绵长
4988,免除
4989,免除的
4990,免费
4991,免费的
4992,免票
4993,黾勉
4994,勉励
4995,缅怀
4996,面不改色
4997,面貌一新
4998,面目一新
4999,面善
5000,面市
5001,面熟
5002,面无愧色
5003,面有喜色
5004,苗条
5005,苗子
5006,秒杀
5007,妙不可言
5008,妙策
5009,妙处
5010,妙法
5011,妙计
5012,妙境
5013,妙诀
5014,妙绝
5015,妙丽
5016,妙龄
5017,妙曼
5018,妙年
5019,妙品
5020,妙趣横生
5021,妙手
5022,妙算
5023,妙药
5024,妙用
5025,妙语
5026,民富国强
5027,民望
5028,民心
5029,民信
5030,民意
5031,民主
5032,敏感
5033,敏感的
5034,敏慧
5035,敏捷
5036,敏捷的
5037,敏捷地
5038,敏快
5039,敏锐
5040,敏锐的
5041,敏悟
5042,敏悟的
5043,名不虚传
5044,名菜
5045,名茶
5046,名刹
5047,名产
5048,名城
5049,名垂千古
5050,名垂青史
5051,名都
5052,名副其实
5053,名贵
5054,名迹
5055,名家
5056,名将
5057,名角
5058,名节
5059,名句
5060,名剧
5061,名列榜首
5062,名列前茅
5063,名伶
5064,名流
5065,名满天下
5066,名门
5067,名牌
5068,名品
5069,名气
5070,名人
5071,名山
5072,名声
5073,名声大
5074,名声大振
5075,名胜
5076,名师
5077,名实相符
5078,名士
5079,名世
5080,名手
5081,名特优
5082,名特优新
5083,名望
5084,名闻遐迩
5085,名宿
5086,名言
5087,名扬天下
5088,名医
5089,名优
5090,名誉
5091,名媛
5092,名正言顺
5093,名著
5094,名作
5095,明白
5096,明白的
5097,明白了当
5098,明白无误
5099,明摆着
5100,明辨是非
5101,明灿灿
5102,明察
5103,明察秋毫
5104,明畅
5105,明澈
5106,明澄
5107,明处
5108,明窗净几
5109,明达
5110,明灯
5111,明断
5112,明光
5113,明晃晃
5114,明慧
5115,明火执仗
5116,明鉴
5117,明洁
5118,明净
5119,明静
5120,明镜
5121,明决
5122,明快
5123,明快生动
5124,明朗
5125,明朗朗
5126,明了
5127,明了的
5128,明理
5129,明理的
5130,明丽
5131,明亮
5132,明亮的
5133,明亮亮
5134,明亮照耀
5135,明码
5136,明媚
5137,明面
5138,明面上
5139,明敏
5140,明明
5141,明明白白
5142,明眸
5143,明眸皓齿
5144,明目张胆
5145,明情
5146,明确
5147,明人
5148,明锐
5149,明睿
5150,明爽
5151,明文
5152,明晰
5153,明晰的
5154,明细
5155,明显
5156,明显的
5157,明星
5158,明秀
5159,明眼人
5160,明艳
5161,明耀
5162,明莹
5163,明哲
5164,明智
5165,明智的
5166,明珠
5167,鸣谢
5168,冥思苦索
5169,冥思苦想
5170,铭感
5171,铭记
5172,铭刻
5173,铭佩
5174,铭心
5175,命脉
5176,命中
5177,谬奖
5178,模范
5179,膜拜
5180,摩登
5181,磨杵成针
5182,魔法
5183,魔力
5184,莫测高深
5185,莫逆
5186,墨宝
5187,默不作声
5188,默默
5189,默契
5190,默认
5191,默许
5192,母爱
5193,目不转睛
5194,目光炯炯
5195,目光如炬
5196,目光远大
5197,目光灼灼
5198,目无全牛
5199,目眩
5200,沐浴
5201,睦邻
5202,慕名
5203,慕悦
5204,拿手
5205,耐穿
5206,耐烦
5207,耐久
5208,耐看
5209,耐苦
5210,耐劳
5211,耐人寻味
5212,耐心
5213,耐性
5214,耐用
5215,耐用的
5216,耐战
5217,男儿
5218,男子汉
5219,南国
5220,难得
5221,难能可贵
5222,难忘
5223,难忘的
5224,囊括
5225,内行
5226,内行的
5227,内敛
5228,内省不疚
5229,内向
5230,内向型
5231,内秀
5232,嫩红
5233,嫩黄
5234,嫩绿
5235,嫩气
5236,能懂
5237,能懂的
5238,能动
5239,能干
5240,能干的
5241,能行
5242,能接受
5243,能力
5244,能人
5245,能生产
5246,能生产的
5247,能实行
5248,能实行的
5249,能手
5250,你侬我侬
5251,溺爱
5252,蔫不出溜
5253,蔫不唧儿
5254,蔫不溜
5255,蔫不悄儿
5256,蔫不声
5257,年富力强
5258,年高德劭
5259,年轻力壮
5260,鸟语花香
5261,袅娜
5262,袅袅
5263,袅袅婷婷
5264,涅而不缁
5265,宁静
5266,宁静的
5267,宁死不屈
5268,宁为玉碎
5269,凝聚
5270,凝聚力
5271,凝聚性
5272,凝聚性的
5273,凝神
5274,凝重
5275,牛气
5276,浓厚
5277,浓丽
5278,浓香
5279,浓艳
5280,浓郁
5281,浓挚
5282,艳
5283,努力
5284,努力的
5285,努力解决
5286,暖和
5287,暖和的
5288,暖烘烘
5289,暖乎乎
5290,暖呼呼
5291,暖流
5292,暖融融
5293,暖洋洋
5294,暖意
5295,诺言
5296,讴歌
5297,讴颂
5298,讴吟
5299,呕心沥血
5300,怕事
5301,拍案叫绝
5302,拍手称快
5303,拍手叫好
5304,俳谐
5305,排场
5306,排除万难
5307,排列有序
5308,排列整齐
5309,排难
5310,排山倒海
5311,排头兵
5312,攀登
5313,攀摘
5314,判断力
5315,判断正确
5316,判明
5317,盼念
5318,盼望
5319,膀大腰圆
5320,膀阔腰圆
5321,抛砖引玉
5322,陪伴
5323,培养
5324,培育
5325,佩服
5326,配称
5327,配得上
5328,配合
5329,喷薄
5330,喷喷香
5331,喷香
5332,MM
5333,朋友
5334,彭湃
5335,蓬勃
5336,蓬勃向上
5337,蓬蓬勃勃
5338,蓬茸
5339,鹏程万里
5340,澎湃
5341,捧场
5342,批准
5343,披肝沥胆
5344,披荆斩棘
5345,披沥
5346,披星戴月
5347,劈波斩浪
5348,劈手
5349,皮实
5350,媲美
5351,偏爱
5352,偏宠
5353,偏好
5354,偏偏
5355,偏巧
5356,偏袒
5357,偏要
5358,偏重
5359,翩翩
5360,翩然
5361,翩若惊鸿
5362,翩跹
5363,剽悍
5364,漂亮
5365,漂亮的
5366,漂亮地
5367,漂漂亮亮
5368,飘飘然
5369,飘飘欲仙
5370,飘然
5371,飘洒
5372,飘逸
5373,飘悠
5374,撇脱
5375,拚命
5376,拼搏
5377,拼劲儿
5378,拼力
5379,拼争
5380,频传
5381,品尝
5382,品德
5383,品行
5384,品行端正
5385,品鉴
5386,品节
5387,品酒
5388,品茗
5389,品味
5390,品性端正
5391,品学兼优
5392,聘请
5393,聘任
5394,娉娉袅袅
5395,娉婷
5396,平安
5397,平安的
5398,平安无事
5399,平板
5400,平等
5401,平等地
5402,平等互利
5403,平定
5404,平反
5405,平和
5406,平衡
5407,平滑
5408,平缓
5409,平静
5410,平静的
5411,平静下来
5412,平康
5413,平旷
5414,平阔
5415,平平安安
5416,平平淡淡
5417,平平静静
5418,平平稳稳
5419,平实
5420,平世
5421,平顺
5422,平坦
5423,平坦的
5424,平妥
5425,平稳
5426,平稳的
5427,平息
5428,平心
5429,平心静气
5430,平衍
5431,平易
5432,平易近人
5433,平匀
5434,平允
5435,平赞
5436,平展
5437,平整
5438,平正
5439,评价颇高
5440,屏气凝神
5441,屏声息气
5442,屏息静气
5443,泼悍
5444,泼辣
5445,颇为重要
5446,婆娑
5447,迫切需要
5448,破釜沉舟
5449,魄力
5450,菩萨低眉
5451,蒲柳
5452,璞玉浑金
5453,朴厚
5454,朴茂
5455,朴实
5456,朴实无华
5457,朴素
5458,朴素的
5459,朴雅
5460,朴直
5461,朴质
5462,朴拙
5463,普天同庆
5464,普照
5465,谱写
5466,萋萋
5467,期待
5468,期冀
5469,期盼
5470,期望
5471,期许
5472,欺硬怕软
5473,嘁哩喀喳
5474,蹊径
5475,齐备
5476,齐楚
5477,齐截
5478,齐名
5479,齐全
5480,齐刷刷
5481,齐心
5482,齐一
5483,齐整
5484,其乐融融
5485,其乐无穷
5486,奇兵
5487,奇才
5488,奇彩
5489,奇策
5490,奇功
5491,奇观
5492,奇瑰
5493,奇货可居
5494,奇计
5495,奇迹
5496,奇迹的
5497,奇绝
5498,奇崛
5499,奇丽
5500,奇妙
5501,奇妙的
5502,奇谋
5503,奇葩
5504,奇巧
5505,奇伟
5506,奇袭
5507,奇秀
5508,奇勋
5509,奇异
5510,奇志
5511,祈盼
5512,耆宿
5513,望
5514,骐骥
5515,棋圣
5516,棋手
5517,旗开得胜
5518,旗手
5519,旗帜
5520,旗帜鲜明
5521,企祷
5522,企及
5523,企慕
5524,企盼
5525,企望
5526,企羡
5527,启迪
5528,启发
5529,启示
5530,起飞
5531,起劲
5532,起敬
5533,起色
5534,起眼儿
5535,起义
5536,起早贪黑
5537,起作用
5538,绮丽
5539,绮思
5540,绮霞
5541,气昂昂
5542,气冲霄汉
5543,气度
5544,气度不凡
5545,气度恢宏
5546,气概
5547,气概不凡
5548,气贯长虹
5549,气候
5550,气节
5551,气派
5552,气魄
5553,气势
5554,气势磅礴
5555,气吞山河
5556,气象万千
5557,气宇轩昂
5558,气韵
5559,气质
5560,气壮山河
5561,契合
5562,契机
5563,器任
5564,器识
5565,器宇不凡
5566,器宇轩昂
5567,器重
5568,恰当
5569,恰当的
5570,恰当地
5571,恰到好处
5572,恰好
5573,恰好的
5574,恰切
5575,恰如其分
5576,千变万化
5577,千锤百炼
5578,千恩万谢
5579,千方百计
5580,千古不灭
5581,千古不朽
5582,千古流芳
5583,千娇百媚
5584,千金
5585,千里马
5586,千里眼
5587,千依百顺
5588,千载流芳
5589,千真万确
5590,千姿百态
5591,芊眠
5592,芊绵
5593,芊芊
5594,佥同
5595,牵肠挂肚
5596,牵挂
5597,谦卑
5598,谦卑的
5599,谦诚
5600,谦恭
5601,谦恭的
5602,谦恭有礼
5603,谦和
5604,谦谦
5605,谦让
5606,谦慎
5607,谦顺
5608,谦虚
5609,谦虚谨慎
5610,谦逊
5611,谦逊的
5612,谦逊地
5613,谦抑
5614,前辈
5615,前程
5616,前程似锦
5617,前程万里
5618,前导
5619,前锋
5620,前赴后继
5621,前进
5622,前景
5623,前列
5624,前茅
5625,前仆后继
5626,前驱
5627,前哨
5628,前所未见
5629,前所未闻
5630,前所未有
5631,前途无量
5632,前卫
5633,前无古人
5634,前贤
5635,前修
5636,前沿
5637,前瞻性
5638,前哲
5639,虔诚
5640,虔诚的
5641,虔敬
5642,虔敬的
5643,虔心
5644,虔信
5645,潜心
5646,潜心於
5647,浅豁
5648,浅近
5649,浅明
5650,浅显
5651,浅易
5652,遣怀
5653,遣兴
5654,倩影
5655,倩装
5656,强大
5657,强大的
5658,强干
5659,强固
5660,强悍
5661,强化
5662,强记
5663,强健
5664,强健的
5665,强将
5666,强劲
5667,强人
5668,强身
5669,强盛
5670,强势
5671,强手
5672,强项
5673,强毅
5674,强硬
5675,强有力
5676,强者
5677,强壮
5678,强壮的
5679,强壮有力
5680,抢手
5681,抢眼
5682,悄没声
5683,悄悄
5684,悄然
5685,悄声
5686,敲边鼓
5687,乔迁
5688,桥梁
5689,瞧得起
5690,瞧得上眼
5691,巧扮
5692,巧夺天工
5693,巧计
5694,巧匠
5695,巧妙
5696,巧妙的
5697,巧取豪夺
5698,巧手
5699,巧思
5700,巧笑
5701,巧致
5702,俏货
5703,俏丽
5704,俏美
5705,俏媚
5706,俏皮
5707,峭拔
5708,峭劲
5709,峭丽
5710,峭直
5711,窍门
5712,翘楚
5713,翘盼
5714,翘企
5715,翘望
5716,切磋
5717,切当
5718,切合
5719,切近
5720,切身
5721,切实
5722,切实的
5723,切题
5724,切题的
5725,切望
5726,切要
5727,切愿
5728,切中
5729,惬当
5730,惬怀
5731,惬心
5732,惬意
5733,惬意的
5734,锲而不舍
5735,钦服
5736,钦敬
5737,钦慕
5738,钦佩
5739,钦羡
5740,钦仰
5741,钦赞
5742,亲爱
5743,亲爱的
5744,亲和
5745,亲和力
5746,亲近
5747,亲临
5748,亲聆
5749,亲密
5750,亲密的
5751,亲睦
5752,亲昵
5753,亲切
5754,亲切的
5755,亲切友好
5756,亲热
5757,亲热亲热
5758,亲人
5759,亲善
5760,亲谊
5761,衾影无愧
5762,VV
5763,秦晋
5764,秦镜高悬
5765,勤奋
5766,勤奋的
5767,勤奋好学
5768,勤俭
5769,勤谨
5770,勤恳
5771,勤苦
5772,勤快
5773,勤劳
5774,勤力
5775,勤勉
5776,勤勉的
5777,勤敏
5778,勤朴
5779,勤勤
5780,勤勤恳恳
5781,勤劬
5782,勤学好问
5783,沁凉
5784,沁人肺腑
5785,沁人心脾
5786,沁入肺腑
5787,沁入心扉
5788,沁润
5789,青白
5790,青碧
5791,青仓
5792,青春
5793,青葱
5794,青翠
5795,青绿
5796,青史
5797,青天
5798,青郁
5799,轻薄透明
5800,轻便
5801,轻财重义
5802,轻车熟路
5803,轻淡
5804,轻多了
5805,轻而易举
5806,轻健
5807,轻捷
5808,轻快
5809,轻快的
5810,轻快地
5811,轻灵
5812,轻妙
5813,轻暖
5814,轻倩
5815,轻悄悄
5816,轻巧
5817,轻俏
5818,轻轻
5819,轻轻地
5820,轻轻松松
5821,轻柔
5822,轻软
5823,轻锐
5824,轻手轻脚
5825,轻松
5826,轻松的
5827,轻婉
5828,轻易
5829,轻盈
5830,轻悠悠
5831,轻装
5832,倾倒
5833,倾国倾城
5834,倾慕
5835,倾情
5836,倾羡
5837,倾向
5838,倾泻
5839,倾心
5840,倾注
5841,清拔
5842,清白
5843,清白的
5844,清碧
5845,清彻
5846,清澈
5847,清澈的
5848,清澈见底
5849,清澄
5850,清除
5851,清楚
5852,清楚的
5853,清楚地
5854,清楚易懂
5855,清纯
5856,清醇
5857,清词
5858,清脆
5859,清淡
5860,清芬
5861,清风
5862,清风两袖
5863,清福
5864,清高
5865,清官
5866,清光
5867,清贵
5868,清和
5869,清华
5870,清晖
5871,清辉
5872,清健
5873,清洁
5874,清洁的
5875,清洁卫生
5876,清介
5877,清净
5878,清静
5879,清俊
5880,清峻
5881,清口
5882,清旷
5883,清朗
5884,清理
5885,清丽
5886,清涟
5887,清廉
5888,清凉
5889,清亮
5890,清亮亮
5891,清冽
5892,清洌
5893,清洌洌
5894,清凌凌
5895,清流
5896,清美
5897,清名
5898,清明
5899,清平
5900,清奇
5901,清绮
5902,清气
5903,清浅
5904,清切
5905,清清白白
5906,清趣
5907,清泉
5908,清润
5909,清赏
5910,清爽
5911,清顺
5912,清肃
5913,清甜
5914,清通
5915,清玩
5916,清婉
5917,清晰
5918,清晰可辨
5919,清晰明了
5920,清鲜
5921,清香
5922,清心
5923,清新
5924,清新淡雅
5925,清馨
5926,清醒
5927,清兴
5928,清秀
5929,清秀的
5930,清雅
5931,清扬
5932,清一色
5933,清逸
5934,清莹
5935,清幽
5936,清幽幽
5937,清越
5938,清湛
5939,清真
5940,清正
5941,清正廉洁
5942,情不自禁
5943,情操
5944,情分
5945,情份
5946,情趣
5947,情深
5948,情深意重
5949,情愫
5950,情投意合
5951,情文并茂
5952,情兴
5953,情义
5954,情谊
5955,情意
5956,情意恳挚
5957,情意绵绵
5958,情有独钟
5959,情愿
5960,情韵
5961,情真意切
5962,情至义尽
5963,情致
5964,晴碧
5965,晴好
5966,晴和
5967,晴空
5968,晴朗
5969,晴朗的
5970,晴丽
5971,晴美
5972,晴明
5973,晴爽
5974,请安
5975,请功
5976,请教
5977,请求
5978,庆典
5979,庆贺
5980,庆幸
5981,庆祝
5982,庆祝的
5983,琼浆
5984,琼瑶
5985,秋波
5986,秋毫无犯
5987,秋色
5988,求救
5989,求实
5990,求索
5991,求新
5992,求真务实
5993,求之不得
5994,遒健
5995,遒劲
5996,遒炼
5997,遒媚
5998,曲尽其妙
5999,曲线美
6000,曲衷
6001,取经
6002,取胜
6003,取信
6004,取悦
6005,取长补短
6006,去除
6007,阒寂
6008,阒然
6009,趣话
6010,趣事
6011,趣谈
6012,趣味
6013,趣味盎然
6014,趣味相同
6015,圈定
6016,权变
6017,权威
6018,权威性
6019,权宜
6020,权益
6021,全备
6022,全才
6023,全力
6024,全力的
6025,全力以赴
6026,全面
6027,全面的
6028,全能
6029,全身心
6030,全神贯注
6031,全胜
6032,全盛
6033,全始全终
6034,全心全意
6035,全新
6036,全优
6037,全知全能
6038,劝导
6039,劝勉
6040,劝善
6041,劝学
6042,劝阻
6043,雀跃
6044,确当
6045,确定
6046,确定不移
6047,确定性
6048,确切
6049,确切无疑
6050,确确实实
6051,确实
6052,确实的
6053,确实可靠
6054,确守
6055,确信
6056,确有其事
6057,确凿
6058,确凿无疑
6059,鹊起
6060,群策群力
6061,群芳
6062,群情激愤
6063,群威群胆
6064,冉冉
6065,让步
6066,让度
6067,让贤
6068,饶富
6069,饶爽
6070,饶沃
6071,饶有风趣
6072,饶有兴趣
6073,饶有兴味
6074,饶有兴致
6075,饶有余韵
6076,饶裕
6077,扰攘
6078,绕圈子
6079,惹人爱
6080,热爱
6081,热潮
6082,热忱
6083,热忱的
6084,热诚
6085,热诚地
6086,热点
6087,热和
6088,热乎
6089,热火
6090,热火朝天
6091,热货
6092,热劲
6093,热力
6094,热恋
6095,热烈
6096,热烈的
6097,热流
6098,热门
6099,热门货
6100,热闹
6101,热气
6102,热气腾腾
6103,热切
6104,热切地
6105,热切於
6106,热情
6107,热情的
6108,热情洋溢
6109,热热闹闹
6110,热望
6111,热望的
6112,热销
6113,热心
6114,热心肠
6115,热心肠的
6116,热心的
6117,热血
6118,热中
6119,热衷
6120,热衷的
6121,人才
6122,人道
6123,人格
6124,人格高尚
6125,人给家足
6126,人和
6127,人欢马叫
6128,人杰
6129,人尽其材
6130,人来人往
6131,人民
6132,人情
6133,人情味
6134,人权
6135,人山人海
6136,人寿年丰
6137,人梯
6138,人望
6139,人味
6140,人心大快
6141,人心所向
6142,人性
6143,人性的
6144,人缘
6145,仁爱
6146,仁慈
6147,仁慈的
6148,仁德
6149,仁厚
6150,仁惠
6151,仁善
6152,仁义
6153,仁政
6154,仁至义尽
6155,忍耐
6156,忍耐的
6157,忍耐力
6158,认可
6159,认了
6160,认命
6161,认认真真
6162,认同
6163,认真
6164,认真的
6165,任劳任怨
6166,任人唯贤
6167,任侠
6168,任贤使能
6169,任贤用能
6170,任性
6171,任意
6172,韧劲
6173,韧性
6174,日久生情
6175,日理万机
6176,日新月异
6177,日有所思
6178,荣登
6179,荣光
6180,荣归
6181,荣获
6182,荣名
6183,荣任
6184,荣升
6185,荣幸
6186,荣耀
6187,荣膺
6188,荣誉
6189,荣誉的
6190,容光
6191,容光焕发
6192,容华
6193,容让
6194,容人
6195,容忍
6196,容忍的
6197,容恕
6198,容许
6199,容仪
6200,容易
6201,容易的
6202,容易亲近
6203,容姿
6204,溶溶
6205,熔炉
6206,融和
6207,融会
6208,融会贯通
6209,融洽
6210,融融
6211,柔和
6212,柔和的
6213,柔滑
6214,柔静
6215,柔曼
6216,柔美
6217,柔媚
6218,柔嫩
6219,柔腻
6220,柔情
6221,柔情似水
6222,柔韧
6223,柔软
6224,柔软的
6225,柔润
6226,柔顺
6227,柔婉
6228,柔中有刚
6229,肉墩墩
6230,如痴如狂
6231,如痴如醉
6232,如初
6233,如故
6234,如虎添翼
6235,如花似锦
6236,如花似玉
6237,如画
6238,如画的
6239,如获至宝
6240,如旧
6241,如雷贯耳
6242,如期
6243,如实
6244,如数家珍
6245,如一
6246,如意
6247,如饮醍醐
6248,如鱼得水
6249,如愿
6250,如愿以偿
6251,如醉如痴
6252,儒将
6253,儒商
6254,儒雅
6255,孺子牛
6256,入耳
6257,入骨
6258,入画
6259,入理
6260,入迷
6261,入迷的
6262,入魔
6263,入木三分
6264,入情入理
6265,入神
6266,入神的
6267,入时
6268,入室
6269,入微
6270,入味
6271,入绪
6272,入选
6273,入眼
6274,软和
6275,软媚
6276,软心肠
6277,软语
6278,软伫
6279,锐不可当
6280,锐利
6281,锐敏
6282,锐气
6283,锐意
6284,瑞气
6285,瑞雪
6286,睿哲
6287,睿智
6288,润养
6289,润泽
6290,偌大
6291,洒落
6292,洒洒
6293,洒脱
6294,飒爽
6295,飒爽英姿
6296,三好
6297,三拳
6298,三思而行
6299,桑梓
6300,嗓子好
6301,森然
6302,森森
6303,森郁
6304,傻乐
6305,山明水秀
6306,山清水秀
6307,山摇地动
6308,姗姗
6309,闪亮
6310,闪闪
6311,闪烁
6312,闪耀
6313,善报
6314,善本
6315,善辩
6316,善感
6317,善果
6318,善行
6319,善行的
6320,善交际
6321,善举
6322,善理
6323,善理家
6324,善理家的
6325,善良
6326,善良的
6327,善邻
6328,善人
6329,善始善终
6330,善事
6331,善说服
6332,善说服的
6333,善心
6334,善意
6335,善意的
6336,善於
6337,善於经营
6338,善于
6339,善战
6340,善终
6341,擅场
6342,擅名
6343,擅长
6344,觞咏
6345,赏罚分明
6346,赏罚严明
6347,赏鉴
6348,赏赉
6349,赏识
6350,赏识到
6351,赏心悦目
6352,上菜
6353,上苍
6354,上策
6355,上乘
6356,上等
6357,上等的
6358,上赶
6359,上赶着
6360,上好
6361,上好的
6362,上进
6363,上劲
6364,上镜
6365,上口
6366,上流
6367,上品
6368,上色
6369,上上
6370,上手块
6371,上手快
6372,上相
6373,上游
6374,上照
6375,上座
6376,尚好
6377,捎带
6378,烧高香
6379,稍息
6380,韶秀
6381,少不得
6382,少不了
6383,少壮
6384,奢华
6385,奢望
6386,舍得
6387,舍己
6388,舍己救人
6389,舍己为公
6390,舍己为人
6391,舍弃
6392,舍身
6393,舍生忘死
6394,设备齐全
6395,申谢
6396,申冤
6397,伸畅
6398,伸缩
6399,伸张
6400,伸张正义
6401,身教
6402,身经百战
6403,身强力壮
6404,身强体壮
6405,身手
6406,身手不凡
6407,身体结实
6408,身体力行
6409,身先士卒
6410,身心健康
6411,深奥
6412,深藏若虚
6413,深彻
6414,深沉
6415,深度
6416,深广
6417,深厚
6418,深化
6419,深刻
6420,深刻的
6421,深虑
6422,深谋远虑
6423,深切
6424,深切注意
6425,深情
6426,深入
6427,深入浅出
6428,深入人心
6429,深省
6430,深受感动
6431,深思
6432,深思的
6433,深邃
6434,深通
6435,深透
6436,深望
6437,深微
6438,深味
6439,深悉
6440,深心
6441,深信
6442,深意
6443,深远
6444,深造
6445,深湛
6446,深长
6447,深挚
6448,什么的
6449,神奥
6450,神采
6451,神采飞扬
6452,神采焕发
6453,神采奕奕
6454,神工鬼斧
6455,神魂颠倒
6456,神交
6457,神力
6458,神妙
6459,神气
6460,神气活现
6461,神圣
6462,神圣的
6463,神似
6464,神速
6465,神算
6466,神通
6467,神通广大
6468,神童
6469,神往
6470,神威
6471,神勇
6472,神韵
6473,神志清明
6474,神志正常
6475,神智健全
6476,神州
6477,神姿
6478,沈着
6479,沈着的
6480,审慎
6481,审慎的
6482,谂熟
6483,甚感欢慰
6484,慎独
6485,慎虑
6486,慎虑的
6487,慎密
6488,慎重
6489,慎重的
6490,升格
6491,升华
6492,升平
6493,升起
6494,升值
6495,生财
6496,生产
6497,生产多
6498,生产多的
6499,生动
6500,生动的
6501,生动活泼
6502,生根
6503,生花妙笔
6504,生机
6505,生机盎然
6506,生机勃勃
6507,生力军
6508,生龙活虎
6509,生猛
6510,生气勃勃
6511,生情
6512,生日快乐
6513,生色
6514,生杀予夺
6515,生死
6516,生死不渝
6517,生死攸关
6518,生效
6519,生效的
6520,生意盎然
6521,生育
6522,生长完全
6523,声名大噪
6524,声名大振
6525,声名远播
6526,声情并茂
6527,声势浩大
6528,声望
6529,声威
6530,声誉
6531,声誉好
6532,声誉好的
6533,声震寰宇
6534,省便
6535,省俭
6536,省力
6537,省时
6538,省事
6539,省心
6540,省油
6541,圣地
6542,圣洁
6543,圣洁的
6544,圣礼
6545,圣明
6546,圣人
6547,圣手
6548,圣徒
6549,圣贤
6550,胜地
6551,胜概
6552,胜过
6553,胜会
6554,胜迹
6555,胜景
6556,胜境
6557,胜利
6558,胜利的
6559,胜券
6560,胜任
6561,胜任的
6562,胜似
6563,胜诉
6564,胜算
6565,胜游
6566,胜友
6567,胜仗
6568,胜状
6569,盛产
6570,盛大
6571,盛典
6572,盛会
6573,盛景
6574,盛举
6575,盛开
6576,盛况
6577,盛名
6578,盛年
6579,盛情
6580,盛世
6581,盛事
6582,盛筵
6583,盛宴
6584,盛意
6585,盛誉
6586,盛赞
6587,盛装
6588,师表
6589,师德
6590,师范
6591,师友
6592,师长
6593,诗才
6594,诗豪
6595,诗情
6596,诗圣
6597,诗仙
6598,诗兴
6599,诗意
6600,诗意的
6601,诗宗
6602,施恩
6603,施礼
6604,施舍
6605,施舍慷慨
6606,十分满意
6607,十分重要
6608,十拿九稳
6609,十全
6610,十全十美
6611,十足
6612,石破天惊
6613,时机
6614,时机成熟
6615,时机适宜
6616,时髦
6617,时髦的
6618,时尚
6619,时贤
6620,时新
6621,时兴
6622,时彦
6623,时雨
6624,识才
6625,识趣
6626,识者
6627,实才
6628,实诚
6629,实打实
6630,实地
6631,实干
6632,实行
6633,实话
6634,实惠
6635,实际
6636,实际的
6637,实际可行
6638,实际上
6639,实绩
6640,实施得力
6641,实实惠惠
6642,实实在在
6643,实事求是
6644,实说
6645,实现
6646,实现出来
6647,实效
6648,实心
6649,实心实意
6650,实心眼儿
6651,实学
6652,实意
6653,实用
6654,实用性
6655,实用性的
6656,实在
6657,实在的
6658,实在论
6659,实在论的
6660,实则
6661,实至名归
6662,实质上
6663,实质性
6664,拾金不昧
6665,史册
6666,史诗
6667,史诗般
6668,史无前例
6669,矢志
6670,使安静
6671,使固定
6672,使缓和
6673,使精细
6674,使凉快
6675,使免除
6676,使命
6677,使平静
6678,使平坦
6679,使人敬畏
6680,使人首肯
6681,使人信服
6682,使人愉快
6683,使陶醉
6684,使喜悦
6685,使相等
6686,使用方便
6687,使醉心
6688,始创
6689,始终不懈
6690,始终不渝
6691,始终如一
6692,士气
6693,示范
6694,示好
6695,示同意
6696,示喜
6697,世界级
6698,似曾相识
6699,似乎有理
6700,似天使
6701,似天使的
6702,势不可当
6703,势不可挡
6704,势如破竹
6705,事半功倍
6706,事关重大
6707,事迹
6708,事实上
6709,试金石
6710,视死如归
6711,是的
6712,是非分明
6713,适当
6714,适当的
6715,适当地
6716,适得
6717,适得其所
6718,适度
6719,适度的
6720,适逢其会
6721,适合
6722,适合的
6723,适口
6724,适路
6725,适切
6726,适任
6727,适时
6728,适体
6729,适销
6730,适性
6731,适宜
6732,适宜的
6733,适意
6734,适意的
6735,适应
6736,适应的
6737,适用
6738,适中
6739,释放善意
6740,嗜好
6741,誓师
6742,誓死
6743,誓言
6744,誓愿
6745,誓约
6746,收复
6747,收获
6748,收效
6749,收益
6750,手不释卷
6751,手脚麻利
6752,手快
6753,手巧
6754,手勤
6755,手软
6756,手松
6757,手舞足蹈
6758,手艺
6759,守法
6760,守法的
6761,守候
6762,守口如瓶
6763,守时
6764,守时间
6765,守岁
6766,守信
6767,守职
6768,首倡
6769,首创
6770,首肯
6771,首屈一指
6772,首位
6773,首位的
6774,首要
6775,受吃
6776,受欢迎
6777,受欢迎的
6778,受看
6779,受赏
6780,受听
6781,受益
6782,受用
6783,受锺爱
6784,受锺爱的
6785,抒发
6786,抒怀
6787,抒解
6788,抒情
6789,抒情的
6790,殊绝
6791,殊荣
6792,舒畅
6793,舒服
6794,舒服的
6795,舒缓
6796,舒快
6797,舒适
6798,舒适的
6799,舒舒服服
6800,舒爽
6801,舒松
6802,舒泰
6803,舒坦
6804,舒心
6805,舒意
6806,舒展
6807,疏导
6808,熟谙
6809,熟练
6810,熟练的
6811,熟练地
6812,熟路
6813,熟虑
6814,熟巧
6815,熟稔
6816,熟识
6817,熟手
6818,熟透
6819,熟悉
6820,熟悉的
6821,熟习
6822,熟知
6823,属实
6824,属望
6825,属意
6826,树碑立传
6827,树立
6828,树叶茂盛
6829,数得上
6830,数得着
6831,数一数二
6832,帅呆了
6833,帅气
6834,双料
6835,双稳态
6836,双喜
6837,双赢
6838,爽畅
6839,爽脆
6840,爽健
6841,爽捷
6842,爽口
6843,爽快
6844,爽朗
6845,爽利
6846,爽亮
6847,爽目
6848,爽气
6849,爽声
6850,爽适
6851,爽心
6852,爽心悦目
6853,爽怡
6854,爽意
6855,爽直
6856,水涔涔
6857,水滴石穿
6858,水灵
6859,水灵灵
6860,水乳交融
6861,水汪汪
6862,水莹莹
6863,顺畅
6864,顺从
6865,顺从的
6866,顺当
6867,顺耳
6868,顺和
6869,顺口
6870,顺理成章
6871,顺利
6872,顺利的
6873,顺气
6874,顺情
6875,顺势
6876,顺适
6877,顺手
6878,顺顺当当
6879,顺遂
6880,顺心
6881,顺眼
6882,顺意
6883,顺应
6884,说白了
6885,说得通
6886,说服
6887,说服力
6888,说好
6889,说好话
6890,说明
6891,说妥
6892,说项
6893,说一不二
6894,烁亮
6895,硕果
6896,硕学
6897,硕壮
6898,丝毫不差
6899,思考
6900,思恋
6901,思路清晰
6902,思慕
6903,思念
6904,思想性
6905,斯斯文文
6906,斯文
6907,厮熟
6908,死不瞑目
6909,死得其所
6910,死活
6911,死静
6912,四平八稳
6913,松动
6914,松快
6915,松心
6916,耸立
6917,送往迎来
6918,颂歌
6919,颂扬
6920,颂赞
6921,苏气
6922,酥脆
6923,夙儒
6924,夙愿
6925,肃静
6926,肃穆
6927,肃然
6928,素淡
6929,素洁
6930,素净
6931,素朴
6932,素雅
6933,素养
6934,速效
6935,随便
6936,随和
6937,随机应变
6938,随群
6939,随手
6940,随心
6941,随宜
6942,随遇而安
6943,遂心
6944,遂意
6945,遂愿
6946,缩手缩脚
6947,所向披靡
6948,所向无敌
6949,塌实
6950,踏实
6951,踏实的
6952,踏踏实实
6953,台面上
6954,抬爱
6955,抬举
6956,骀荡
6957,太好
6958,太好了
6959,太平
6960,太太平平
6961,太赞
6962,泰斗
6963,泰然
6964,泰然处之
6965,泰然自若
6966,泰山
6967,贪恋
6968,贪图
6969,谈恋爱
6970,谈吐不俗
6971,谈笑
6972,谈笑风生
6973,谈言微中
6974,坦白
6975,坦白的
6976,坦诚
6977,坦诚相待
6978,坦诚相见
6979,坦荡
6980,坦荡荡
6981,坦率
6982,坦率的
6983,坦率直言
6984,坦然
6985,坦实
6986,坦坦荡荡
6987,坦途
6988,坦直
6989,坦直的
6990,叹服
6991,叹赏
6992,叹为观止
6993,叹羡
6994,探访
6995,探究
6996,探囊取物
6997,探求
6998,探索
6999,探讨
7000,探望
7001,堂奥
7002,堂而皇之
7003,堂皇
7004,堂皇的
7005,堂堂
7006,堂堂正正
7007,糖味
7008,倘洋
7009,掏心
7010,滔滔
7011,滔滔不绝
7012,桃李
7013,陶然
7014,陶陶
7015,陶冶
7016,陶铸
7017,陶醉
7018,淘气
7019,讨好
7020,讨俏
7021,讨人喜欢
7022,讨喜
7023,特别
7024,特别大
7025,特别的
7026,特别方便
7027,特出
7028,特大
7029,特大的
7030,特等
7031,特惠
7032,特级
7033,特级的
7034,特色
7035,特效
7036,特许
7037,特异
7038,疼爱
7039,疼爱地
7040,疼惜
7041,腾飞
7042,腾欢
7043,腾跃
7044,剔透
7045,提拔
7046,提倡
7047,提高
7048,提挈
7049,提神
7050,提升
7051,提携
7052,醍醐灌顶
7053,体察
7054,体谅
7055,体谅的
7056,体面
7057,体态轻盈
7058,体贴
7059,体贴的
7060,体惜
7061,体系化
7062,倜傥
7063,倜傥不羁
7064,倜傥不群
7065,天兵
7066,天才
7067,天才人物
7068,天赐
7069,天从人愿
7070,天翻地覆
7071,天分
7072,天赋
7073,天公地道
7074,天矫
7075,天经地义
7076,天籁
7077,天理
7078,天良
7079,天年
7080,天然
7081,天然的
7082,天使
7083,天使的
7084,天随人愿
7085,天遂人愿
7086,天堂
7087,天下第一
7088,天下为公
7089,天下无双
7090,天仙
7091,天香国色
7092,天摇地动
7093,天衣无缝
7094,天造地设
7095,天真
7096,天真的
7097,天真烂漫
7098,天真无邪
7099,天姿
7100,天姿国色
7101,天资
7102,恬淡
7103,恬静
7104,恬美
7105,恬谧
7106,恬然
7107,恬适
7108,甜点
7109,甜津津
7110,甜美
7111,甜密
7112,甜蜜
7113,甜蜜蜜
7114,甜润
7115,甜适
7116,甜爽
7117,甜睡
7118,甜丝丝
7119,甜甜蜜蜜
7120,甜头
7121,甜香
7122,甜馨
7123,甜滋滋
7124,挑大梁
7125,挑三拣四
7126,挑眼
7127,挑战性
7128,调达
7129,调和
7130,调和的
7131,调剂
7132,调解
7133,调停
7134,调谐
7135,调匀
7136,贴边儿
7137,贴己
7138,贴切
7139,贴实
7140,贴题
7141,贴体
7142,贴心
7143,铁案如山
7144,铁打
7145,铁定
7146,铁杆儿
7147,铁骨铮铮
7148,铁汉
7149,铁军
7150,铁流
7151,铁面无私
7152,铁拳
7153,铁心
7154,铁铮铮
7155,听话
7156,亭亭
7157,亭亭玉立
7158,亭匀
7159,停妥
7160,婷婷
7161,婷婷袅袅
7162,挺拔
7163,挺大
7164,挺好的
7165,挺进
7166,挺劲
7167,挺俊
7168,挺宽
7169,挺括
7170,挺立
7171,挺身
7172,挺身而出
7173,挺实
7174,挺舒服的
7175,挺脱
7176,挺秀
7177,通才
7178,通畅
7179,通彻
7180,通达
7181,通过
7182,通亮
7183,通明
7184,通明透亮
7185,通窍
7186,通情达理
7187,通权达变
7188,通人
7189,通融
7190,通顺
7191,通俗
7192,通俗的
7193,通俗易懂
7194,通天
7195,通透
7196,通途
7197,通宵达旦
7198,通用
7199,通用的
7200,通知
7201,同仇敌忾
7202,同等重要
7203,同感
7204,同乐
7205,同情
7206,同情心
7207,同心
7208,同心同德
7209,同心协力
7210,同意
7211,同意给予
7212,铜墙铁壁
7213,童颜鹤发
7214,童真
7215,统一
7216,痛快
7217,痛快地
7218,痛痛快快
7219,头等
7220,头号
7221,头面
7222,头名
7223,头脑清楚
7224,头脑清醒
7225,头头是道
7226,投合
7227,投机
7228,投入
7229,投身
7230,投缘
7231,透彻
7232,透亮
7233,透明
7234,透明的
7235,透明度
7236,透辟
7237,突出
7238,突飞猛进
7239,突进
7240,突破性
7241,吐翠
7242,吐口
7243,吐气扬眉
7244,吐艳
7245,团结
7246,团聚
7247,团年
7248,团圆
7249,推背感
7250,推背感强
7251,推陈出新
7252,推崇
7253,推戴
7254,推动
7255,推毂
7256,推广
7257,推荐
7258,推进
7259,推举
7260,推让
7261,推心置腹
7262,推许
7263,推重
7264,推尊
7265,托付
7266,脱俗
7267,妥便
7268,妥当
7269,妥靠
7270,妥切
7271,妥善
7272,妥实
7273,妥适
7274,妥贴
7275,拓荒
7276,拓展
7277,瓦亮
7278,外向
7279,完备
7280,完成
7281,完成的
7282,完好
7283,完好如初
7284,完好如新
7285,完好无损
7286,完满
7287,完美
7288,完美的
7289,完美无疵
7290,完美无缺
7291,完美无瑕
7292,完全
7293,完全满足
7294,完人
7295,完善
7296,完整
7297,完整的
7298,顽健
7299,顽强
7300,顽石点头
7301,宛妙
7302,宛转
7303,婉和
7304,婉丽
7305,婉娈
7306,婉曼
7307,婉媚
7308,婉娩
7309,婉妙
7310,婉顺
7311,婉言
7312,婉约
7313,婉转
7314,婉啭
7315,万不得已
7316,万夫不当
7317,万夫莫当
7318,万古流芳
7319,万古长存
7320,万古长青
7321,万籁俱寂
7322,万流景仰
7323,万马奔腾
7324,万能
7325,万能的
7326,万全
7327,万人空巷
7328,万岁
7329,万无一失
7330,万众一心
7331,万众瞩目
7332,网开一面
7333,妄想
7334,忘不了
7335,忘不了的
7336,忘乎所以
7337,忘我
7338,旺炽
7339,旺健
7340,旺盛
7341,旺销
7342,望眼欲穿
7343,望子成龙
7344,威风
7345,威风凛凛
7346,威猛
7347,威名
7348,威容
7349,威望
7350,威武
7351,威信
7352,威严
7353,威严的
7354,威仪
7355,微妙
7356,微妙的
7357,微微
7358,微微的
7359,微言大义
7360,巍峨
7361,巍然
7362,巍巍
7363,为傲
7364,为公忘私
7365,为怀
7366,为快
7367,为人宽厚
7368,为人正直
7369,为荣
7370,为宜
7371,违抗
7372,唯命是从
7373,唯命是听
7374,唯实论
7375,唯实论的
7376,唯唯诺诺
7377,惟妙惟肖
7378,惟命是从
7379,惟命是听
7380,维护
7381,伟岸
7382,伟大
7383,伟观
7384,伟绩
7385,伟举
7386,伟力
7387,伟丽
7388,伟人
7389,伟业
7390,委托
7391,委宛
7392,委婉
7393,娓娓
7394,娓娓动听
7395,娓娓而谈
7396,卫冕
7397,卫生
7398,卫生的
7399,未被污染
7400,味道好
7401,味道鲜
7402,蔚然
7403,慰问
7404,温蔼
7405,温存
7406,温和
7407,温和的
7408,温厚
7409,温静
7410,温良
7411,温暖
7412,温暖的
7413,温暖如春
7414,温情
7415,温情脉脉
7416,温柔
7417,温柔的
7418,温柔亲切
7419,温软
7420,温润
7421,温淑
7422,温顺
7423,温顺的
7424,温婉
7425,温慰
7426,温文
7427,温文尔雅
7428,温文儒雅
7429,温馨
7430,温煦
7431,温驯
7432,温雅
7433,文不加点
7434,文才
7435,文采
7436,文从字顺
7437,文豪
7438,文华
7439,文静
7440,文名
7441,文明
7442,文气
7443,文清如水
7444,文曲星
7445,文圣
7446,文饰
7447,文文静静
7448,文武兼备
7449,文武全才
7450,文武双全
7451,文仙
7452,文雅
7453,文雅的
7454,文藻
7455,文质彬彬
7456,文治
7457,文绉绉
7458,文字清顺
7459,文宗
7460,闻达
7461,闻风而动
7462,闻过则喜
7463,闻名
7464,闻名遐尔
7465,闻名遐迩
7466,闻人
7467,稳便
7468,稳步
7469,稳当
7470,稳定
7471,稳定的
7472,稳定性
7473,稳固
7474,稳厚
7475,稳健
7476,稳健的
7477,稳键
7478,稳静
7479,稳练
7480,稳拿
7481,稳如泰山
7482,稳实
7483,稳态
7484,稳帖
7485,稳贴
7486,稳妥
7487,稳扎稳打
7488,稳重
7489,稳重的
7490,问好
7491,问候
7492,问世
7493,问心无愧
7494,蓊勃
7495,蓊郁
7496,窝心
7497,沃壤
7498,沃饶
7499,沃土
7500,沃衍
7501,沃野
7502,无比
7503,无比的
7504,无比幸福
7505,无边无际
7506,无变化
7507,无猜
7508,无偿
7509,无出其右
7510,无疵
7511,无刺激性
7512,无错误
7513,无敌
7514,无敌的
7515,无毒
7516,无恶意
7517,无恶意的
7518,无辜
7519,无过失
7520,无过失的
7521,无害
7522,无害处
7523,无害处的
7524,无华
7525,无价
7526,无价的
7527,无价之宝
7528,无坚不摧
7529,无疆
7530,无尽
7531,无拘束
7532,无拘无束
7533,无可比拟
7534,无可非议
7535,无可厚非
7536,无可挑剔
7537,无可责难
7538,无可争议
7539,无可指责
7540,无可置辩
7541,无可置疑
7542,无可訾议
7543,无愧
7544,无量
7545,无裂缝
7546,无裂缝的
7547,无匹
7548,无牵无挂
7549,无前
7550,无缺点
7551,无缺点的
7552,无人不晓
7553,无容置疑
7554,无上
7555,无上光荣
7556,无奢望
7557,无双
7558,无私
7559,无私无畏
7560,无损
7561,无所不可
7562,无所不能
7563,无所不知
7564,无所顾忌
7565,无所畏惧
7566,无微不至
7567,无畏
7568,无畏的
7569,无污点
7570,无污点的
7571,无污染
7572,无误
7573,无误地
7574,无隙可乘
7575,无瑕
7576,无瑕疵
7577,无瑕疵的
7578,无瑕的
7579,无暇
7580,无先例
7581,无限
7582,无懈可击
7583,无压力
7584,无恙
7585,无疑
7586,无疑的
7587,无疑问
7588,无疑问的
7589,无异议
7590,无异议的
7591,无意
7592,无垠
7593,无庸
7594,无庸置疑
7595,无忧无虑
7596,无与伦比
7597,无欲
7598,无欲的
7599,无v污
7600,无v污的
7601,无阻
7602,无罪
7603,无罪的
7604,五彩
7605,五彩斑斓
7606,五彩缤纷
7607,五彩纷呈
7608,五大三粗
7609,五谷丰登
7610,五体投地
7611,五星级
7612,五言长城
7613,妩媚
7614,武功
7615,武艺
7616,务实
7617,物阜民丰
7618,物理
7619,物廉价美
7620,物美价廉
7621,悟彻
7622,悟道
7623,悟性
7624,吸引
7625,吸引力
7626,吸引人
7627,吸引人的
7628,希贵
7629,希罕
7630,希冀
7631,希图
7632,希望
7633,希有
7634,希珍
7635,牺牲
7636,息事宁人
7637,悉心
7638,稀贵
7639,稀罕
7640,稀罕的
7641,稀奇
7642,稀奇的
7643,稀少
7644,稀少的
7645,稀有
7646,稀珍
7647,翕然
7648,犀利
7649,熙和
7650,熙来攘往
7651,熙攘
7652,熙熙攘攘
7653,嘻嘻
7654,嘻嘻哈哈
7655,嬉戏
7656,嬉戏的
7657,习惯
7658,习习
7659,洗礼
7660,洗练
7661,洗炼
7662,喜爱
7663,喜报
7664,喜不自禁
7665,喜不自胜
7666,喜冲冲
7667,喜出望外
7668,喜感
7669,喜好
7670,喜欢
7671,喜欢的
7672,喜剧
7673,喜剧的
7674,喜乐
7675,喜眉笑眼
7676,喜气
7677,喜气洋洋
7678,喜庆
7679,喜庆的
7680,喜人
7681,喜色
7682,喜上眉梢
7683,喜上心头
7684,喜事
7685,喜闻乐见
7686,喜笑颜开
7687,喜笑盈腮
7688,喜笑盈思
7689,喜形于色
7690,喜兴
7691,喜幸
7692,喜讯
7693,喜洋洋
7694,喜吟吟
7695,喜盈盈
7696,喜雨
7697,喜悦
7698,喜逐颜开
7699,喜孜孜
7700,喜滋滋
7701,戏剧化
7702,戏剧性
7703,系统
7704,细高挑儿
7705,细颗粒度
7706,细密
7707,细嫩
7708,细腻
7709,细腻的
7710,细巧
7711,细润
7712,细细
7713,细心
7714,细心的
7715,细匀
7716,细长
7717,细针密缕
7718,细致
7719,细致优雅
7720,侠骨
7721,侠气
7722,侠义
7723,侠义的
7724,遐迩闻名
7725,遐迩著闻
7726,遐想
7727,瑕不掩瑜
7728,霞光
7729,下笔成章
7730,下饭
7731,下酒
7732,吓到
7733,仙境
7734,仙女
7735,先辈
7736,先导
7737,先锋
7738,先公后私
7739,先行
7740,先行者
7741,先河
7742,先见之明
7743,先进
7744,先决
7745,先烈
7746,先驱
7747,先驱者
7748,先人后己
7749,先贤
7750,先哲
7751,先知
7752,纤尘不染
7753,纤巧
7754,纤悉
7755,纤细
7756,纤细的
7757,纤纤
7758,纤秀
7759,鲜活
7760,鲜洁
7761,鲜丽
7762,鲜亮
7763,鲜灵
7764,鲜绿
7765,鲜美
7766,鲜明
7767,鲜明的
7768,鲜嫩
7769,鲜润
7770,鲜妍
7771,鲜艳
7772,鲜W
7773,鲜W的
7774,闲适
7775,闲雅
7776,闲逸
7777,贤达
7778,贤德
7779,贤惠
7780,贤慧
7781,贤劳
7782,贤良
7783,贤明
7784,贤明的
7785,贤能
7786,贤人
7787,贤淑
7788,贤哲
7789,娴静
7790,娴淑
7791,娴熟
7792,娴雅
7793,娴雅的
7794,显达
7795,显而易见
7796,显贵
7797,显赫
7798,显赫的
7799,显豁
7800,显见
7801,显明
7802,显目
7803,显然
7804,显荣
7805,显现
7806,显性
7807,显扬
7808,显要
7809,显耀
7810,显着
7811,显着的
7812,显着地
7813,显著
7814,险固
7815,现代化
7816,现实
7817,羡慕
7818,羡慕的
7819,羡煞
7820,献宝
7821,献策
7822,献词
7823,献花
7824,献技
7825,献礼
7826,献身
7827,献艺
7828,乡情
7829,相安
7830,相安无事
7831,相称
7832,相称的
7833,相成
7834,相当
7835,相当重要
7836,相等
7837,相反
7838,相容
7839,相托
7840,相信
7841,相宜
7842,相悦
7843,相知
7844,相中
7845,相助
7846,香纯
7847,香醇
7848,香的
7849,香馥馥
7850,香喷喷
7851,香甜
7852,香甜可口
7853,襄助
7854,详备
7855,详尽
7856,详尽的
7857,详密
7858,详明
7859,详实
7860,详悉
7861,详细
7862,详详细细
7863,祥和
7864,祥瑞
7865,翔实
7866,享福
7867,享受
7868,享用
7869,享有
7870,享誉
7871,响彻云霄
7872,响当当
7873,响遏行云
7874,响亮
7875,飨宴
7876,想念
7877,想望
7878,想象力
7879,想像
7880,想像的
7881,想像力
7882,想要
7883,向导
7884,向往
7885,向着
7886,象话
7887,象样
7888,像话
7889,像样
7890,像样子
7891,骁悍
7892,骁健
7893,骁将
7894,骁骑
7895,骁勇
7896,逍遥
7897,逍遥自在
7898,消除
7899,消魂
7900,消遣
7901,消散
7902,消停
7903,消退
7904,消消停停
7905,宵衣旰食
7906,萧洒
7907,销魂
7908,潇洒
7909,小康
7910,小面额
7911,小巧
7912,小巧玲珑
7913,小天使
7914,小心
7915,小心的
7916,小心谨慎
7917,小心翼翼
7918,小有名气
7919,晓畅
7920,晓事
7921,孝行
7922,孝敬
7923,孝顺
7924,孝顺的
7925,孝子
7926,笑勒
7927,笑貌
7928,笑咪咪
7929,笑眯眯
7930,笑死
7931,笑死罗
7932,笑兮兮
7933,笑嘻嘻
7934,笑颜
7935,笑吟吟
7936,笑影
7937,笑逐言开
7938,笑逐颜开
7939,效法
7940,效仿
7941,效果
7942,效率
7943,效能
7944,效忠
7945,协力
7946,协力的
7947,协调
7948,协调一致
7949,协助
7950,协作
7951,偕老
7952,谐和
7953,谐美
7954,谐趣横生
7955,谐调
7956,谐调的
7957,谐婉
7958,写实
7959,写实的
7960,写实地
7961,写意
7962,谢词
7963,谢天谢地
7964,谢谢
7965,谢意
7966,心爱
7967,心爱的
7968,心安
7969,心安理得
7970,心肠软
7971,心潮
7972,心诚则灵
7973,心驰神往
7974,心慈
7975,心慈好善
7976,心慈面软
7977,心慈手软
7978,心荡神驰
7979,心地纯良
7980,心地善良
7981,心动
7982,心服
7983,心甘
7984,心甘情愿
7985,心高
7986,心花怒放
7987,心口如一
7988,心宽
7989,心宽体胖
7990,心旷神怡
7991,心灵
7992,心灵美
7993,心灵手巧
7994,心满意足
7995,心明眼亮
7996,心平气和
7997,心情舒畅
7998,心情愉快
7999,心如止水
8000,心软
8001,心声
8002,心盛
8003,心思
8004,心疼
8005,心细
8006,心想事成
8007,心向
8008,心心相印
8009,心胸开阔
8010,心秀
8011,心血
8012,心仪
8013,心有灵犀
8014,心有戚戚
8015,心愿
8016,心悦诚服
8017,心直口快
8018,心醉
8019,心醉神迷
8020,辛劳
8021,辛勤
8022,欣忭
8023,欣快
8024,欣慕
8025,欣然
8026,欣然地
8027,欣赏
8028,欣慰
8029,欣喜
8030,欣喜若狂
8031,欣羡
8032,欣欣
8033,欣欣然
8034,欣欣向荣
8035,欣幸
8036,欣悦
8037,欣跃
8038,新潮
8039,新风
8040,新奇
8041,新奇的
8042,新巧
8043,新生
8044,新禧
8045,新鲜
8046,新鲜的
8047,新星
8048,新型
8049,新兴
8050,新秀
8051,新雅
8052,新颜
8053,新异
8054,新意
8055,新颖
8056,歆慕
8057,歆羡
8058,馨香
8059,信得过
8060,信而有征
8061,信奉
8062,信服
8063,信赖
8064,信任
8065,信赏必罚
8066,信实
8067,信史
8068,信守
8069,信息丰富
8070,信心
8071,信仰
8072,信义
8073,信用
8074,信誉
8075,星级
8076,星夜兼程
8077,惺惺
8078,形象地
8079,形象化
8080,形影不离
8081,醒豁
8082,醒目
8083,醒眼
8084,兴冲冲
8085,兴奋
8086,兴奋的
8087,兴高采烈
8088,兴隆
8089,兴趣
8090,兴趣盎然
8091,兴盛
8092,兴盛的
8093,兴腾
8094,兴旺
8095,兴致勃勃
8096,杏眼圆睁
8097,幸福
8098,幸福的
8099,幸甚
8100,幸事
8101,幸运
8102,幸运的
8103,幸运地
8104,性感
8105,性格外向
8106,性命交关
8107,性命攸关
8108,性情温良
8109,直
8110,凶悍
8111,凶猛
8112,汹汹
8113,汹涌
8114,汹涌澎湃
8115,胸怀坦白
8116,胸怀坦荡
8117,胸无城府
8118,雄辩
8119,雄辩的
8120,雄兵
8121,雄大
8122,雄风
8123,雄关
8124,雄豪
8125,雄厚
8126,雄浑
8127,雄健
8128,雄杰
8129,雄劲
8130,雄纠纠
8131,雄赳赳
8132,雄踞
8133,雄俊
8134,雄峻
8135,雄骏
8136,雄丽
8137,雄奇
8138,雄强
8139,雄师
8140,雄狮
8141,雄视
8142,雄肆
8143,雄图
8144,雄威
8145,雄伟
8146,雄文
8147,雄武
8148,雄心
8149,雄心勃勃
8150,雄壮
8151,雄姿
8152,雄姿英发
8153,熊腰虎背
8154,休息
8155,修好
8156,修理
8157,修明
8158,修桥补路
8159,修身
8160,修身洁行
8161,修伟
8162,修心养性
8163,修养
8164,修长
8165,羞怯
8166,羞怯的
8167,宿将
8168,宿儒
8169,秀拔
8170,秀慧
8171,秀劲
8172,秀俊
8173,秀丽
8174,秀美
8175,秀媚
8176,秀气
8177,秀巧
8178,秀润
8179,秀色
8180,秀色可餐
8181,秀挺
8182,秀外惠中
8183,秀外慧中
8184,秀雅
8185,秀异
8186,秀逸
8187,虚怀若谷
8188,虚己
8189,虚心
8190,虚心好学
8191,需要
8192,徐徐
8193,许可
8194,栩栩
8195,栩栩如活
8196,栩栩如生
8197,旭日东升
8198,勖勉
8199,煦暖
8200,煦煦
8201,轩昂
8202,轩敞
8203,轩豁
8204,轩朗
8205,轩然
8206,宣扬
8207,喧闹
8208,煊赫
8209,玄奥
8210,玄而又玄
8211,玄秘
8212,玄妙
8213,玄远
8214,玄之又玄
8215,悬挂稳
8216,悬红
8217,悬赏
8218,悬崖勒马
8219,旋律优美
8220,选拔
8221,选了
8222,选贤任能
8223,炫目
8224,绚烂
8225,绚丽
8226,绚丽多彩
8227,绚丽多姿
8228,绚丽夺目
8229,眩目
8230,学成
8231,学成归国
8232,学而不厌
8233,学富五车
8234,学好
8235,学会
8236,学进
8237,学进去
8238,学力宏赡
8239,学识
8240,学识渊博
8241,学习
8242,学习好
8243,学以致用
8244,学有专精
8245,学有专长
8246,学者
8247,学子
8248,噱头
8249,雪白
8250,雪恨
8251,雪亮
8252,雪中送炭
8253,血汗
8254,血气方刚
8255,勋绩
8256,勋劳
8257,勋业
8258,勋章
8259,熏陶
8260,循规蹈矩
8261,循循善诱
8262,训练
8263,训练良好
8264,训练有素
8265,迅捷
8266,迅速
8267,迅速的
8268,迅速地
8269,驯服
8270,驯良
8271,驯善
8272,驯顺
8273,逊顺
8274,殉国
8275,殉难
8276,殉职
8277,压力没有
8278,压轴戏
8279,鸦雀无声
8280,雅爱
8281,雅饬
8282,雅淡
8283,雅观
8284,雅怀
8285,雅集
8286,雅洁
8287,雅静
8288,雅丽
8289,雅量
8290,雅气
8291,雅趣
8292,雅士
8293,雅俗
8294,雅俗共赏
8295,雅玩
8296,雅兴
8297,雅言
8298,雅正
8299,雅致
8300,雅致的
8301,雅座
8302,烟景
8303,嫣红
8304,嫣然
8305,嫣然一笑
8306,延揽
8307,延聘
8308,延请
8309,延誉
8310,严慈
8311,严格
8312,严固
8313,严谨
8314,严谨的
8315,严密
8316,严明
8317,严师
8318,严师畏友
8319,严守
8320,严肃
8321,严肃的
8322,严肃性
8323,严细
8324,严整
8325,严正
8326,严装
8327,言必有中
8328,言而有信
8329,言归於好
8330,言行一致
8331,言欢
8332,言简意赅
8333,言笑晏晏
8334,言语流利
8335,言之成理
8336,言之有理
8337,妍丽
8338,妍雅
8339,妍艳
8340,颜值高
8341,俨然
8342,眼馋
8343,眼光锐利
8344,眼光远大
8345,眼红
8346,眼花缭乱
8347,眼疾手快
8348,眼尖
8349,眼明手快
8350,眼热
8351,眼熟
8352,艳称
8353,艳丽
8354,艳美
8355,艳羡
8356,艳阳天
8357,艳冶
8358,宴尔
8359,宴请
8360,燕尔
8361,燕雀相贺
8362,泱泱
8363,扬眉抵掌
8364,扬眉奋髯
8365,扬眉吐气
8366,扬名
8367,扬扬
8368,扬扬得意
8369,扬扬自得
8370,阳刚
8371,阳刚之气
8372,阳谋
8373,阳性
8374,洋房
8375,洋洋
8376,洋洋大观
8377,洋洋得意
8378,洋洋自得
8379,洋溢
8380,仰不愧天
8381,仰慕
8382,仰望
8383,养护
8384,养活
8385,养廉
8386,养气
8387,养生
8388,养性
8389,养尊处优
8390,怏然自足
8391,样板
8392,夭矫
8393,妖媚
8394,妖娆
8395,妖艳
8396,妖冶
8397,邀请
8398,尧舜
8399,摇篮
8400,摇头摆尾
8401,摇头晃脑
8402,遥遥领先
8403,瑶池
8404,窈冥
8405,窈窕
8406,药到病除
8407,药笼中物
8408,要隘
8409,要道
8410,要害
8411,要好
8412,要津
8413,要紧
8414,要诀
8415,要强
8416,要人
8417,要塞
8418,要事
8419,要枢
8420,要死要活
8421,要闻
8422,要务
8423,要言不烦
8424,要义
8425,要职
8426,耀眼
8427,也大
8428,也就
8429,也就是
8430,冶容
8431,冶艳
8432,野心勃勃
8433,业绩
8434,夜不闭户
8435,夜以继日
8436,夜有所梦
8437,谒拜
8438,谒见
8439,一板正经
8440,一本正经
8441,一笔不苟
8442,一笔一划
8443,一表非凡
8444,一尘不染
8445,一德一心
8446,一等
8447,一定
8448,一帆风顺
8449,一干二净
8450,一贯
8451,一呼百诺
8452,一呼百应
8453,一挥而就
8454,一级
8455,一见锺情
8456,一刻千金
8457,一口
8458,一力
8459,一流
8460,一律
8461,一门心思
8462,一目了然
8463,一诺千金
8464,一气呵成
8465,一清二白
8466,一清二楚
8467,一拳
8468,一日千里
8469,一如既往
8470,一若以往
8471,一身清白
8472,一身是胆
8473,一身正气
8474,一视同仁
8475,一是一
8476,一丝不差
8477,一丝不苟
8478,一体化
8479,一吐为快
8480,一团和气
8481,一往情深
8482,一往无前
8483,一五一十
8484,一笑置之
8485,一心
8486,一心一德
8487,一心一意
8488,一叶知秋
8489,一语双关
8490,一元化
8491,一枝独秀
8492,一致
8493,一致的
8494,一专多能
8495,伊甸园
8496,衣冠楚楚
8497,医治
8498,依旧
8499,依然
8500,依依
8501,依依不舍
8502,依允
8503,猗猗
8504,仪表
8505,仪表堂堂
8506,仪容
8507,仪态
8508,仪态高贵
8509,仪态万方
8510,夷旷
8511,夷然
8512,怡和
8513,怡乐
8514,怡然
8515,怡然自得
8516,怡神
8517,怡悦
8518,宜人
8519,宜人的
8520,颐养
8521,已知
8522,以德报怨
8523,以期
8524,以求
8525,以身作则
8526,以一当十
8527,倚重
8528,旖旎
8529,义不容辞
8530,义胆
8531,义方
8532,义举
8533,义捐
8534,义烈
8535,义卖
8536,义旗
8537,义气
8538,义师
8539,义士
8540,义无反顾
8541,义务
8542,义侠
8543,义演
8544,义勇
8545,义战
8546,义诊
8547,义正词严
8548,艺术
8549,艺术性
8550,艺坛
8551,艺苑
8552,屹立
8553,屹然
8554,亦然
8555,异彩
8556,异彩纷呈
8557,异途同归
8558,异香
8559,易办
8560,易办的
8561,易懂
8562,易管理
8563,易管理的
8564,易控制
8565,易控制的
8566,易理解
8567,易理解的
8568,易如反掌
8569,奕奕
8570,益处
8571,益友
8572,逸乐
8573,逸趣
8574,逸群
8575,逸韵
8576,翊戴
8577,意境
8578,意气
8579,意气风发
8580,意味
8581,意味深长
8582,意欲
8583,意愿
8584,意蕴
8585,意在言外
8586,意志
8587,意中人
8588,溢美
8589,溢目
8590,毅力
8591,毅然
8592,毅然的
8593,毅然决然
8594,毅勇
8595,熠耀
8596,熠熠
8597,熠熠生辉
8598,因材施教
8599,因地制宜
8600,因陋就简
8601,因时制宜
8602,阴翳
8603,茵茵
8604,荫庇
8605,音乐
8606,音调优美
8607,殷富
8608,殷切
8609,殷勤
8610,殷勤的
8611,殷实
8612,殷殷
8613,引导
8614,引颈企待
8615,引咎自责
8616,引吭
8617,引吭高歌
8618,引领
8619,引人入胜
8620,引人深思
8621,引人赞美
8622,引人瞩目
8623,引人注目
8624,引人注意
8625,引以为傲
8626,引以为荣
8627,隐蔽
8628,英才
8629,英发
8630,英风
8631,英豪
8632,英华
8633,英俊
8634,英俊的
8635,英烈
8636,英灵
8637,英名
8638,英明
8639,英明的
8640,英模
8641,英气
8642,英爽
8643,英挺
8644,英伟
8645,英武
8646,英雄
8647,英雄式
8648,英雄式的
8649,英秀
8650,英勇
8651,英勇的
8652,英勇无畏
8653,英姿
8654,英姿勃勃
8655,英姿飒爽
8656,莺声燕语
8657,迎候
8658,迎接
8659,迎来
8660,迎刃而解
8661,迎迓
8662,荧荧
8663,盈利
8664,盈溢
8665,盈盈
8666,盈余
8667,莹白
8668,莹澈
8669,莹洁
8670,莹然
8671,莹润
8672,莹莹
8673,营养
8674,营养的
8675,萦念
8676,赢得
8677,赢利
8678,赢余
8679,颖慧
8680,颖悟
8681,颖异
8682,影星
8683,应承
8684,应酬
8685,应下
8686,应许
8687,应有
8688,应允
8689,应准
8690,硬棒
8691,硬汉
8692,硬朗
8693,硬气
8694,硬实
8695,硬手
8696,拥戴
8697,拥护
8698,拥有
8699,雍和
8700,雍容
8701,雍容尔雅
8702,雍容华贵
8703,永垂不朽
8704,永存
8705,永恒
8706,永恒的
8707,永久
8708,永年
8709,永生
8710,永世
8711,永世长存
8712,永远
8713,咏赞
8714,勇敢
8715,勇敢的
8716,勇悍
8717,勇健
8718,勇决
8719,勇力
8720,勇略
8721,勇猛
8722,勇气
8723,勇士
8724,勇往直前
8725,勇武
8726,勇毅
8727,勇于
8728,勇壮
8729,涌现
8730,涌溢
8731,踊跃
8732,用不完
8733,用得着
8734,用工夫
8735,用功
8736,用劲
8737,用心
8738,用心良苦
8739,用于
8740,优待
8741,优等
8742,优点
8743,优抚
8744,优厚
8745,优惠
8746,优礼
8747,优良
8748,优良的
8749,优美
8750,优美的
8751,优美地
8752,优美动听
8753,优柔
8754,优胜
8755,优胜的
8756,优势
8757,优渥
8758,优先
8759,优秀
8760,优秀的
8761,优选
8762,优雅
8763,优异
8764,优於
8765,优裕
8766,优越
8767,优质
8768,优质的
8769,幽寂
8770,幽静
8771,幽丽
8772,幽美
8773,幽默
8774,幽默感
8775,幽默滑稽
8776,幽凄
8777,幽趣
8778,幽深
8779,幽宛
8780,幽婉
8781,幽闲
8782,幽娴
8783,幽香
8784,幽雅
8785,幽韵
8786,悠久
8787,悠然
8788,悠然自得
8789,悠闲
8790,悠闲自在
8791,悠扬
8792,悠悠
8793,悠游
8794,悠远
8795,悠哉
8796,悠长
8797,尤异
8798,由衷
8799,油光
8800,油光光
8801,油光水滑
8802,油光锃亮
8803,油耗不高
8804,油耗低
8805,油亮
8806,油然
8807,油汪汪
8808,游刃有余
8809,游赏
8810,友爱
8811,友爱的
8812,友邦
8813,友好
8814,友好的
8815,友军
8816,友邻
8817,友情
8818,友人
8819,友善
8820,友善的
8821,友谊
8822,有爱国心
8823,有爱心
8824,有爱心的
8825,有案可稽
8826,有把握
8827,有把握的
8828,有把握地
8829,有板有眼
8830,有帮手
8831,有帮手的
8832,有帮助
8833,有帮助的
8834,有保留地
8835,有才干
8836,有才干的
8837,有才能
8838,有才能的
8839,有才气
8840,有才气的
8841,有才智
8842,有才智的
8843,有财产
8844,有财产的
8845,有朝气
8846,有成
8847,有出息
8848,有创造力
8849,有胆量
8850,有胆量的
8851,有档次
8852,有道德
8853,有道德的
8854,有的放矢
8855,有地位
8856,有动
8857,有方
8858,有分寸
8859,有分寸的
8860,有福
8861,有福气
8862,有福同享
8863,有感觉
8864,有感觉的
8865,有干劲
8866,有干劲的
8867,有个性
8868,有根有据
8869,有功
8870,有功绩
8871,有功绩的
8872,有贡献
8873,有光
8874,有光泽
8875,有光泽的
8876,有规范
8877,有规范的
8878,有规矩
8879,有含义
8880,有含义的
8881,有涵养
8882,有恒
8883,有纪律
8884,有价值
8885,有价值的
8886,有见地
8887,有见识
8888,有教养
8889,有教益
8890,有节制
8891,有节制的
8892,有劲
8893,有精神
8894,有据
8895,有决心
8896,有决心的
8897,有口无心
8898,有乐趣
8899,有乐趣的
8900,有棱角
8901,有礼
8902,有礼貌
8903,有礼貌的
8904,有理
8905,有理由
8906,有理有据
8907,有力
8908,有力的
8909,有利
8910,有利的
8911,有利润
8912,有利润的
8913,有利条件
8914,有利益
8915,有利益的
8916,有良心
8917,有两手
8918,有两下子
8919,有眉目
8920,有魅力
8921,有魅力的
8922,有门
8923,有门儿
8924,有面子
8925,有名
8926,有名的
8927,有名气
8928,有魔力
8929,有魔力的
8930,有目的
8931,有目的的
8932,有目共睹
8933,有目共赏
8934,有耐性
8935,有耐性的
8936,有内涵
8937,有能力
8938,有能力的
8939,有年
8940,有派
8941,有判断力
8942,有盼
8943,有盼儿
8944,有品格
8945,有品格的
8946,有品味
8947,有前途
8948,有钱
8949,有钱的
8950,有求必应
8951,有趣
8952,有趣的
8953,有权
8954,有权力
8955,有权力的
8956,有权能
8957,有权能的
8958,有权益
8959,有权益的
8960,有韧劲
8961,有伸缩性
8962,有生气
8963,有声有色
8964,有识
8965,有始有终
8966,有势力
8967,有势力的
8968,有数
8969,有说服力
8970,有说有笑
8971,有思想
8972,有思想性
8973,有素
8974,有所作为
8975,有特色
8976,有特色的
8977,有天才的
8978,有天赋
8979,有天赋的
8980,有天资
8981,有天资的
8982,有条不紊
8983,有条理
8984,有条有理
8985,有同情心
8986,有头脑
8987,有头脑的
8988,有头有脸
8989,有头有尾
8990,有推背感
8991,有望
8992,有威信
8993,有威严
8994,有威严的
8995,有为
8996,有味
8997,有文化
8998,有文章
8999,有吸引力
9000,有戏
9001,有效
9002,有效的
9003,有效率
9004,有效率的
9005,有效性
9006,有心
9007,有心眼
9008,有心眼儿
9009,有信心
9010,有信心的
9011,有序
9012,有学问
9013,有血气
9014,有血有肉
9015,有雅量
9016,有雅量的
9017,有眼光
9018,有眼力
9019,有一手
9020,有一套
9021,有义务的
9022,有益
9023,有益的
9024,有益健康
9025,有意
9026,有意思
9027,有意义
9028,有意义的
9029,有勇气
9030,有用
9031,有用的
9032,有缘
9033,有远见
9034,有远见的
9035,有责任
9036,有责任的
9037,有责任心
9038,有知觉
9039,有知觉的
9040,有指望
9041,有质感
9042,有秩序
9043,有智慧
9044,有智慧的
9045,有种
9046,有助
9047,有助的
9048,有助益
9049,有滋味
9050,有滋有味
9051,有嘴无心
9052,又红又专
9053,诱导
9054,诱人
9055,于飞
9056,于心无愧
9057,余热
9058,余裕
9059,俞允
9060,娱乐
9061,娱心
9062,揄扬
9063,喁喁
9064,腴润
9065,愉快
9066,愉快的
9067,愉快地
9068,愉快地说
9069,愉乐
9070,愉悦
9071,愚公移山
9072,与有荣焉
9073,语重心长
9074,玉帛
9075,玉洁冰清
9076,玉立
9077,玉人
9078,玉碎
9079,玉兔
9080,玉液
9081,玉宇
9082,郁葱
9083,郁馥
9084,郁烈
9085,郁郁
9086,郁郁苍苍
9087,郁郁葱葱
9088,预算之内
9089,预祝
9090,欲盖弥彰
9091,寓意
9092,寓意深刻
9093,寓意深长
9094,裕如
9095,煜煜
9096,渊博
9097,渊海
9098,渊深
9099,渊薮
9100,元勋
9101,园丁
9102,原封
9103,原封不动
9104,原谅
9105,原汁原味
9106,圆浑
9107,圆活
9108,圆满
9109,圆满的
9110,圆柔
9111,圆润
9112,圆熟
9113,圆通
9114,援救
9115,援助
9116,远大
9117,远见
9118,远见卓识
9119,远景
9120,远虑
9121,愿景
9122,愿望
9123,愿意
9124,约定
9125,悦耳
9126,悦耳的
9127,悦服
9128,悦目
9129,跃进
9130,跃居
9131,跃然
9132,跃跃欲试
9133,云蒸霞蔚
9134,匀称
9135,匀称的
9136,匀和
9137,匀乎
9138,匀净
9139,匀溜
9140,匀实
9141,匀调
9142,匀妥
9143,匀细
9144,匀圆
9145,匀整
9146,允当
9147,允诺
9148,允许
9149,允准
9150,运筹
9151,韵味
9152,韵致
9153,蕴含
9154,蕴涵
9155,蕴藉
9156,蕴蓄
9157,仔细
9158,仔仔细细
9159,载歌载舞
9160,再接再厉
9161,再生
9162,再造
9163,在行
9164,在乎
9165,在理
9166,在握
9167,在心
9168,在意
9169,赞不绝口
9170,赞成
9171,赞成的
9172,赞成票
9173,赞成者
9174,赞词
9175,赞辞
9176,赞服
9177,赞歌
9178,赞美
9179,赞幕
9180,赞慕
9181,赞佩
9182,赞赏
9183,赞颂
9184,赞叹
9185,赞叹不已
9186,赞同
9187,赞羡
9188,赞许
9189,赞许的
9190,赞扬
9191,赞扬的
9192,赞仰
9193,赞语
9194,赞誉
9195,赞赞赞
9196,赞助
9197,葬身
9198,凿凿
9199,造访
9200,造福
9201,造就
9202,造诣
9203,噪声小
9204,噪声小的
9205,噪音不大
9206,责任心
9207,责任重大
9208,择优
9209,泽润
9210,啧啧称羡
9211,啧啧称赞
9212,增光
9213,增加
9214,增进
9215,增进友谊
9216,增强
9217,增色
9218,增益
9219,增长
9220,增值
9221,锃光瓦亮
9222,锃亮
9223,赠别
9224,赠答
9225,赠礼
9226,赠品
9227,赠送
9228,赠言
9229,赠阅
9230,扎实
9231,扎眼
9232,扎扎实实
9233,沾溉
9234,沾沾自喜
9235,瞻拜
9236,瞻仰
9237,瞻谒
9238,斩钉截铁
9239,斩齐
9240,展翅
9241,展眉
9242,展望
9243,展现
9244,崭亮
9245,崭齐
9246,崭新
9247,崭新的
9248,占理
9249,战斗
9250,战功
9251,战果
9252,战绩
9253,战胜
9254,战无不胜
9255,战鹰
9256,战友
9257,站得住
9258,站得住脚
9259,湛蓝
9260,湛深
9261,张灯结彩
9262,彰明较著
9263,长辈
9264,长策
9265,长城
9266,长处
9267,长存
9268,长法
9269,长技
9270,长进
9271,长久
9272,长空
9273,长亲
9274,长上
9275,长生
9276,长逝
9277,长寿
9278,长项
9279,长缨
9280,长于
9281,长余
9282,长远
9283,长者
9284,长征
9285,长治久安
9286,长足
9287,掌握
9288,仗义
9289,仗义执言
9290,招待
9291,招待周到
9292,招笑儿
9293,昭然
9294,昭然若揭
9295,昭雪
9296,昭彰
9297,昭著
9298,召唤
9299,照旧
9300,照理
9301,照实
9302,照样
9303,照耀
9304,照章
9305,照直
9306,照准
9307,折服
9308,哲人
9309,着边
9310,着边儿
9311,着力
9312,着凉
9313,着忙
9314,着迷
9315,着迷的
9316,着名
9317,着名的
9318,着实
9319,着想
9320,着眼
9321,着眼于
9322,贞洁
9323,贞洁的
9324,贞烈
9325,珍爱
9326,珍爱的
9327,珍宝
9328,珍本
9329,珍藏
9330,珍存
9331,珍贵
9332,珍贵的
9333,珍品
9334,珍奇
9335,珍禽
9336,珍视
9337,珍玩
9338,珍闻
9339,珍惜
9340,珍稀
9341,珍馐
9342,珍异
9343,珍重
9344,珍珠
9345,真爱
9346,真诚
9347,真诚的
9348,真传
9349,真纯
9350,真谛
9351,真格的
9352,真话
9353,真迹
9354,真理
9355,真率
9356,真朴
9357,真切
9358,真情
9359,真情实意
9360,真诠
9361,真确
9362,真确的
9363,真实
9364,真实的
9365,真实可信
9366,真心
9367,真心诚意
9368,真心实意
9369,真心真意
9370,真性
9371,真言
9372,真真
9373,真真切切
9374,真真实实
9375,真正
9376,真正的
9377,真知
9378,真挚
9379,箴言
9380,缜密
9381,振发
9382,振奋
9383,振奋人心
9384,振兴
9385,振作
9386,震古烁今
9387,震撼人心
9388,震天动地
9389,镇定
9390,镇静
9391,争分夺秒
9392,争光
9393,争气
9394,争先
9395,争相
9396,争雄
9397,征服
9398,峥嵘
9399,铮亮
9400,铮铮
9401,铮铮铁骨
9402,蒸蒸日上
9403,拯救
9404,整饬
9405,整洁
9406,整洁的
9407,整齐
9408,整齐的
9409,整齐划一
9410,整整齐齐
9411,正常
9412,正常的
9413,正大
9414,正大光明
9415,正当
9416,正当的
9417,正当年
9418,正道
9419,正点
9420,正而不谲
9421,正规
9422,正规的
9423,正轨
9424,正好
9425,正经
9426,正经八百
9427,正理
9428,正论
9429,正面
9430,正面地
9431,正牌
9432,正派
9433,正派的
9434,正气
9435,正确
9436,正确的
9437,正确地
9438,正确性
9439,正人君子
9440,正式
9441,正式的
9442,正式批准
9443,正统
9444,正义
9445,正义的
9446,正直
9447,正直的
9448,正中下怀
9449,正宗
9450,郑重
9451,郑重其事
9452,诤谏
9453,诤言
9454,诤友
9455,政通人和
9456,支持
9457,支援
9458,支柱性
9459,枝繁叶茂
9460,知耻
9461,知道
9462,知恩
9463,知己
9464,知觉
9465,知冷着热
9466,知冷知热
9467,知名
9468,知难而退
9469,知情达理
9470,知趣
9471,知书达理
9472,知书识礼
9473,知疼着热
9474,知心
9475,知性
9476,知性的
9477,知音
9478,知遇
9479,知足
9480,知足常乐
9481,知罪
9482,织补
9483,执着
9484,执著
9485,直肠子
9486,直诚
9487,直观
9488,直觉
9489,直觉的
9490,直捷
9491,直截
9492,直截了当
9493,直来直去
9494,直立
9495,直溜
9496,直溜溜
9497,直率
9498,直率的
9499,直朴
9500,直爽
9501,直心眼
9502,直心眼儿
9503,直性
9504,直性子
9505,直言不讳
9506,值得
9507,值得称赞
9508,值得崇拜
9509,值得的
9510,值得纪念
9511,值得接受
9512,值得羡慕
9513,值得向往
9514,值得信赖
9515,值得拥有
9516,值得赞美
9517,值得赞扬
9518,值得注意
9519,值得尊敬
9520,值得尊重
9521,值价
9522,值钱
9523,值钱的
9524,职责
9525,指导
9526,指教
9527,指靠
9528,指哪打哪
9529,指望
9530,指向明确
9531,指向准
9532,指引
9533,指针
9534,指正
9535,至宝
9536,至诚
9537,至当
9538,至高
9539,至高的
9540,至高无上
9541,至关紧要
9542,至关重大
9543,至关重要
9544,至交
9545,至理
9546,至品
9547,至亲
9548,至情
9549,至善
9550,至善的
9551,至上
9552,至上的
9553,至深
9554,至性
9555,至言
9556,至友
9557,至尊
9558,至尊至贵
9559,志哀
9560,志行
9561,志气
9562,志趣
9563,志士
9564,志同道合
9565,志向
9566,志学
9567,志愿
9568,志在千里
9569,制胜
9570,质量好
9571,质朴
9572,质朴无华
9573,质优
9574,质优价廉
9575,炙手可热
9576,治疗
9577,治世
9578,治学
9579,栉风沐雨
9580,挚爱
9581,挚诚
9582,挚敬
9583,挚切
9584,挚情
9585,致富
9586,致贺
9587,致敬
9588,致力
9589,致密
9590,致谢
9591,致意
9592,秩然不紊
9593,秩序
9594,秩序井然
9595,智多星
9596,智慧
9597,智慧型
9598,智力
9599,智力的
9600,智谋
9601,智囊
9602,智能型
9603,智巧
9604,智勇双全
9605,置之度外
9606,置之脑后
9607,稚弱
9608,中和
9609,中坚
9610,中看
9611,中肯
9612,中肯的
9613,中流砥柱
9614,中听
9615,中心
9616,中兴
9617,中选
9618,中意
9619,中用
9620,中允
9621,中正
9622,忠忱
9623,忠诚
9624,忠诚的
9625,忠告
9626,忠耿
9627,忠鲠
9628,忠骨
9629,忠厚
9630,忠魂
9631,忠良
9632,忠烈
9633,忠实
9634,忠实的
9635,忠顺
9636,忠心
9637,忠心赤胆
9638,忠心耿耿
9639,忠信
9640,忠言
9641,忠义
9642,忠勇
9643,忠于
9644,忠贞
9645,忠贞不贰
9646,忠贞不屈
9647,忠贞不渝
9648,忠贞的
9649,忠直
9650,钟爱
9651,钟灵毓秀
9652,钟情
9653,衷肠
9654,衷情
9655,衷曲
9656,衷心
9657,衷心的
9658,衷心地
9659,锺爱
9660,锺情
9661,众口一词
9662,众目睽睽
9663,众目昭彰
9664,众所周知
9665,众望
9666,众望所归
9667,众志成城
9668,重大
9669,重大的
9670,重担
9671,重点
9672,重逢
9673,重聚
9674,重任
9675,重视
9676,重听
9677,重托
9678,重霄
9679,重阳
9680,重要
9681,重要的
9682,重要性
9683,重用
9684,重于泰山
9685,重圆
9686,重在
9687,重镇
9688,周到
9689,周到的
9690,周密
9691,周全
9692,周详
9693,周正
9694,周至
9695,珠玑
9696,珠圆玉润
9697,逐北
9698,主持
9699,主导
9700,主动
9701,主动的
9702,主将
9703,主力军
9704,主人翁
9705,主心骨
9706,主旋律
9707,主要
9708,瞩目
9709,瞩望
9710,助手
9711,助益
9712,助长
9713,注目
9714,注意
9715,注意的
9716,注重
9717,注重实际
9718,祝词
9719,祝福
9720,祝贺
9721,祝贺的
9722,祝捷
9723,祝酒
9724,祝寿
9725,祝颂
9726,祝愿
9727,著称
9728,著名
9729,抓紧
9730,专家
9731,专门
9732,专门的
9733,专属
9734,专属的
9735,专心
9736,专心致志
9737,专一
9738,专长
9739,专挚
9740,专注
9741,转向很准
9742,转向良好
9743,转向清晰
9744,转向准
9745,赚钱
9746,庄静
9747,庄严
9748,庄严的
9749,庄重
9750,装备完善
9751,壮大
9752,壮观
9753,壮观的
9754,壮行
9755,壮健
9756,壮举
9757,壮阔
9758,壮丽
9759,壮丽的
9760,壮丽雄伟
9761,壮烈
9762,壮美
9763,壮实
9764,壮士
9765,壮硕
9766,壮伟
9767,壮心
9768,壮志
9769,状况良好
9770,状元
9771,追根究底
9772,追念
9773,追求
9774,谆谆
9775,谆谆教导
9776,准备
9777,准点
9778,准儿
9779,准期
9780,准确
9781,准确的
9782,准确无误
9783,准绳
9784,准时
9785,准许
9786,准予
9787,准则
9788,拙朴
9789,拙直
9790,桌面儿上
9791,灼见
9792,灼亮
9793,灼然
9794,灼然可见
9795,灼然无疑
9796,灼灼
9797,茁壮
9798,茁壮成长
9799,茁壮的
9800,卓拔
9801,卓尔不群
9802,卓见
9803,卓绝
9804,卓立
9805,卓跞
9806,卓荦
9807,卓然
9808,卓识
9809,卓特
9810,卓异
9811,卓越
9812,卓越超群
9813,卓越的
9814,卓著
9815,擢拔
9816,擢升
9817,擢用
9818,孜孜
9819,孜孜不倦
9820,姿容
9821,姿色
9822,资深
9823,资源
9824,资源丰富
9825,资助
9826,滋补
9827,滋润
9828,滋养
9829,滋养的
9830,自爱
9831,自拔
9832,自白
9833,自卑
9834,自不待言
9835,自得
9836,自得其乐
9837,自动
9838,自动的
9839,自告奋勇
9840,自行
9841,自豪
9842,自豪的
9843,自觉
9844,自觉自愿
9845,自来熟
9846,自立
9847,自立自强
9848,自满
9849,自勉
9850,自明
9851,自鸣得意
9852,自强
9853,自强不息
9854,自然
9855,自然的
9856,自认
9857,自如
9858,自若
9859,自信
9860,自信地
9861,自信满满
9862,自由
9863,自由的
9864,自由主义
9865,自由自在
9866,自愿
9867,自在
9868,自重
9869,自主
9870,自助
9871,自足
9872,自尊
9873,恣肆
9874,宗仰
9875,纵横
9876,纵深
9877,走好运
9878,奏捷
9879,奏凯
9880,奏效
9881,足赤
9882,足够
9883,足够的
9884,足金
9885,足色
9886,足月
9887,足智多谋
9888,钻研
9889,嘴紧
9890,嘴快
9891,嘴稳
9892,最高
9893,最高的
9894,最高级
9895,最好
9896,最好地
9897,最佳
9898,最佳的
9899,最理想
9900,最理想的
9901,最美
9902,最上
9903,最上的
9904,最适当地
9905,最新
9906,最优秀
9907,最优秀的
9908,最有效地
9909,最重要
9910,最重要的
9911,最主要
9912,最著名
9913,醉人
9914,醉心
9915,尊称
9916,尊崇
9917,尊奉
9918,尊服
9919,尊贵
9920,尊敬
9921,尊敬的
9922,尊敬人
9923,尊敬人的
9924,尊老爱幼
9925,尊师重教
9926,尊严
9927,尊重
9928,尊重人
9929,尊重人的
9930,遵从
9931,遵纪守法
9932,遵守
9933,遵循
9934,遵照
9935,左翼
9936,左右臂
9937,左右手
9938,佐雍得尝
9939,作善降祥
9940,作为
9941,作为奖品
9942,作为消遣
9943,作兴
9944,座上客
9945,做得好
9946,做人
9947,做主
9948,赞
9949,爽
9950,棒
9951,强
9952,帅
9953,长
9954,纯
9955,脆
9956,大
9957,对
9958,高
9959,乖
9960,好
9961,厚
9962,滑
9963,静
9964,净
9965,苦
9966,酷
9967,快
9968,宽
9969,牢
9970,良
9971,亮
9972,能
9973,腻
9974,凝
9975,宁
9976,偏
9977,平
9978,朴
9979,齐
9980,恰
9981,谦
9982,浅
9983,强
9984,悄
9985,巧
9986,俏
9987,勤
9988,轻
9989,清
9990,趣
9991,热
9992,韧
9993,柔
9994,软
9995,润
9996,善
9997,帅
9998,爽
9999,顺
10000,甜
10001,恬
10002,妥
10003,稳
10004,晰
10005,细
10006,鲜
10007,小
10008,新
10009,行
10010,雄
10011,秀
10012,雅
10013,艳
10014,阳
10015,要
10016,耀
10017,夷
10018,宜
10019,易
10020,毅
10021,义
10022,硬
10023,勇
10024,幽
10025,优
10026,真
10027,忠
10028,重
10029,著
10030,壮
10031,谆
10032,准
10033,卓
10034,尊
10035,褒
10036,欢
10037,#add
10038,性价比高
10039,妥妥的
10040,空间巨大
10041,人性化
10042,空间非常大
10043,不成问题
10044,还算大
10045,空间可以
10046,比较大
10047,不显挤
10048,空间算可以
10049,好
10050,大
10051,非常大
10052,有点小
10053,五分
10054,空间比途观大
10055,够宽
10056,一点问题没有
10057,没装满
10058,轻轻松松
10059,不算小
10060,确实可以
10061,尚可
10062,空间偏大
10063,搓搓有余
10064,空间够大
10065,最大
10066,还算可以
10067,算大的
10068,很到位
10069,更大
10070,蛮大的
10071,满大的
10072,很多空间
10073,还是可以的
10074,不是一般大
10075,二郎腿
10076,大多了
10077,非常棒
10078,不用多说了
10079,凑合
10080,确实大
10081,绝对可以
10082,大
10083,NO1
10084,较大
10085,够我用
10086,可以
10087,还要大
10088,比想象中的大
10089,正常表现
10090,表现正常
10091,6个人都坐得下
10092,放个床垫都可以
10093,超级赞
10094,五颗星
10095,后备箱大
10096,觉得大
10097,空间没话说
10098,拿多少东西都放的下
10099,比家里的科鲁兹大
10100,空间没话说
10101,空间不用说了
10102,空间也不多说了
10103,中规中矩
10104,嗷嗷大
10105,后排做3人足以
10106,那叫一个大
10107,要大
10108,超级大
10109,没话说
10110,厉害
10111,没让人失望
10112,不显得拥挤
10113,大大大大大大大
10114,空间不输中级车
10115,蛮多
10116,空间接近B级车了
10117,足足的
10118,余量
10119,杠杠滴
10120,空间没啥说的
10121,真的是大
10122,稳稳的
10123,五星
10124,大大大
10125,3拳
10126,算好的
10127,够的
10128,不比其他车差
10129,加速很快
10130,没啥问题
10131,超过
10132,动力十足
10133,动力实足
10134,反应很快
10135,提速挺快
10136,挺快
10137,响应很快
10138,很猛
10139,很强
10140,超赞
10141,足以
10142,提速很快
10143,错错有余
10144,起步怪快
10145,足
10146,很快
10147,方向感很轻
10148,方向盘很轻
10149,方向盘挺轻
10150,方向盘较轻
10151,方向很轻
10152,方向较轻
10153,方向盘太轻
10154,转向很轻
10155,指向性很强
10156,指向没什么虚位
10157,车身极稳
10158,蛮强
10159,挺棒
10160,没什么问题
10161,无问题
10162,指哪儿打哪儿
10163,指那打那
10164,指哪走哪
10165,打哪指哪
10166,电子助力转向
10167,电子助力
10168,稳重
10169,挺准
10170,好开
10171,不输
10172,强多了
10173,指向很准
10174,堪比
10175,安全感
10176,很闻
10177,棒的
10178,操控好的
10179,跟预期一样
10180,很准
10181,很轻
10182,精度很准
10183,挺稳
10184,蛮准
10185,很顺
10186,轻而稳
10187,预期之内
10188,预期里面
10189,预期里的
10190,预期当中
10191,承受范围内
10192,预计范围内
10193,范围之内
10194,在预期内
10195,在预期
10196,很省
10197,省了不少钱
10198,太棒
10199,油耗也不大
10200,超划算
10201,划算
10202,很划算
10203,挺划算
10204,省多了
10205,省太多
10206,省钱
10207,还是很低
10208,较为省的
10209,真是省
10210,很省
10211,出乎我的意料
10212,出乎我的预料
10213,超乎我的意料
10214,省的不要太多
10215,想象中好
10216,低油耗
10217,油耗偏低
10218,不算太高
10219,挺省钱
10220,油耗超低
10221,中等
10222,油耗的不是很快
10223,超棒
10224,节油
10225,油耗省
10226,最省
10227,比预想省
10228,不得不信
10229,白菜价
10230,没超出
10231,省
10232,不算太高
10233,不高于
10234,真皮
10235,全皮
10236,包裹性强
10237,稳多了
10238,奔着操控去的
10239,强太多
10240,没感觉到不适
10241,不会觉得累
10242,不累
10243,优级
10244,真棒
10245,很软
10246,严实
10247,极佳
10248,有家的感觉
10249,蛮软
10250,过的去
10251,大赞
10252,美爆
10253,冲着外观去的
10254,冲着外观来的
10255,冲着这个买的
10256,冲这点买的
10257,冲着外观
10258,亮眼
10259,年轻化
10260,炫
10261,因为外观
10262,一见钟情
10263,有立体感
10264,最爱
10265,拉风
10266,选择
10267,骚气
10268,第一要素
10269,第一眼
10270,外观去的
10271,大爱
10272,外观没话讲
10273,外观不用说
10274,不用多说
10275,外观就不多说了
10276,100分
10277,一百分
10278,外观控
10279,不会买
10280,很待见
10281,没几个吐槽
10282,nice
10283,不用说
10284,最棒
10285,加分
10286,很靓
10287,靓
10288,第一眼就是外观
10289,美
10290,白龙马
10291,美哉
10292,远超
10293,年轻
10294,翘屁股
10295,因为造型买的
10296,入我的法眼
10297,无死角
10298,有设计感
10299,见仁见智
10300,仁者见仁
10301,智者见智
10302,太帅
10303,帅
10304,有得一拼
10305,good
10306,有线条感
10307,最帅
10308,科技感
10309,不丑
10310,上档次
10311,显档次
10312,很潮
10313,软性材质包囊
10314,软皮包裹
10315,有腔调
10316,很个性
10317,层次感
10318,软包
10319,没什么说的
10320,没话讲
10321,比神车配置高多了
10322,大屏
10323,大屏幕
10324,很酷
10325,不比合资差
10326,不输合资
10327,用料足
10328,做工精
10329,做工细
10330,做工很细
10331,高档
10332,蛮高
10333,耐脏
10334,高科技
10335,LOGO
10336,上乘
10337,上城
10338,好点
10339,很靠谱
10340,靠谱
10341,挑不出毛病
10342,特棒
10343,爱死
10344,经得起搞
10345,性价比之王
10346,很科技
10347,真不亏
10348,不亏
10349,物超所值
10350,奢华
10351,一点问题也没有
