1,~
2,・
3,！
4,@
5,#
6,￥
7,$
8,%
9,……
10,&
11,*
12,（
13,）
14,―
15,+
16,=
17,【
18,】
19,{
20,}
21,、
22,；
23,：
24,‘
25,’
26,，
27,。
28,《
29,》
30,？
31,/
32,<
33,>
34,.
35,;
36,:
37,'
38,[
39,]
40,\
41,|
42,!
43,^
44,(
45,)
46,_
47,-
48,...
49,......
50,”
51,“
52,…
53,荣威
54,360
55,荣威360
56,这车
57,情况
58,感觉
59,个人感觉
60,两个
61,看着
62,口碑
63,款
64,读
65,完
66,我读
67,逼
68,逼格
69,吃
70,常识
71,这是
72,这款
73,住
74,累累
75,要
76,漏风声
77,好些
78,认识
79,覆
80,这些
81,毕生
82,己见
83,明确
84,盎司
85,大声
86,黄梁美梦
87,责无旁贷
88,叙家常
89,勇往直前
90,无功负荷
91,大张旗鼓
92,夜间
93,踉踉跄跄
94,似笑非笑
95,庚申
96,端端正正
97,你追我赶
98,不尽
99,雪中送炭
100,她们
101,默默
102,开小灶
103,暖乎乎
104,算总账
105,这里
106,圆圆的
107,敌强我弱
108,小到中雪
109,一路顺风
110,小到中雨
111,爱理不理
112,厚厚
113,两边倒
114,喷香
115,视
116,觅
117,规
118,耍笔杆
119,当庭
120,见
121,其间
122,觏
123,觎
124,故地重游
125,结党营私
126,遵纪爱民
127,窗口
128,不禁不由
129,黄登登
130,拉伸形变
131,觉
132,景泰
133,览
134,本该
135,角
136,如意算盘
137,有法可依
138,不少
139,绞尽脑汁
140,以防万一
141,减头去尾
142,大大
143,破罐子破摔
144,两头
145,下层
146,暖烘烘
147,这么
148,麻酥酥
149,觫
150,大多
151,借东风
152,如下
153,如上
154,临场
155,白费口舌
156,觳
157,相互
158,当年
159,不对
160,真情实感
161,顷刻
162,好不
163,上层
164,心浮气动
165,耿耿不忘
166,云开日出
167,夏季
168,沉闷闷
169,不可或缺
170,各谋其政
171,正色
172,辰龙
173,褛
174,见钱眼开
175,癸巳
176,短短的
177,凉溲溲
178,褓
179,潮涨潮落
180,可见一斑
181,难说话
182,乘势
183,这个
184,下狠心
185,是个儿
186,长此以往
187,背风处
188,那种
189,突地
190,益发
191,茸茸
192,见缝就钻
193,凹凸不平
194,边防
195,黝黑
196,不为所动
197,息息相关
198,金碧辉煌
199,襄
200,劳不矜功
201,嗷嗷
202,间接
203,不定
204,自觉自愿
205,奖罚分明
206,近代
207,之后
208,好久
209,脸皮厚
210,揭老底
211,山南海北
212,应用
213,千年
214,措置失当
215,西
216,边陲
217,千古不变
218,先後
219,彻夜
220,再就是
221,别无二致
222,耐人寻味
223,本质
224,棚外
225,袒
226,有时候
227,辣蒿蒿
228,闰日
229,暮春
230,开洋荤
231,茵茵
232,紧紧
233,告一段落
234,感激不尽
235,这部
236,袋
237,此事
238,相信
239,轻声
240,如今
241,汗津津
242,袷
243,一丝不苟
244,冷眉冷眼
245,摒弃前嫌
246,戴帽子
247,最少
248,亮底牌
249,凝神专注
250,袼
251,前端
252,恭贺新禧
253,放虎归山
254,袢
255,平方尺
256,原初
257,千磨百折
258,活该
259,原则
260,被
261,土里土气
262,这样一来
263,此书
264,抠抠搜搜
265,袭
266,追根究底
267,裕
268,切不可
269,内城
270,百年
271,骄阳似火
272,裟
273,春意盎然
274,青白
275,相依
276,声情并茂
277,几经周折
278,由浅入深
279,无话可说
280,清清楚楚
281,坐喷气式
282,远郊
283,外面
284,虎虎生风
285,正儿八经
286,裳
287,此人
288,近乎
289,傲然
290,本国
291,瞎子摸象
292,迢迢
293,关键
294,裣
295,白费力气
296,裢
297,多灾多难
298,东头
299,满处
300,准保
301,预先
302,本园
303,天天
304,蠛
305,只限
306,某种
307,无冤无仇
308,和平共处
309,蠖
310,立体
311,梦想成真
312,蠊
313,模模糊糊
314,尽其所有
315,等等
316,蠃
317,全面
318,正中
319,鸡皮疙瘩
320,冰冷
321,甜津津
322,蠼
323,关外
324,正东
325,一团乱麻
326,聚精会神
327,顺势
328,接连不断
329,本地
330,相似
331,土洋并举
332,冰凉
333,左上
334,战略区
335,场次
336,由小到大
337,颈内
338,随身
339,四脚八叉
340,慌慌张张
341,行
342,衍
343,不稳平衡
344,藏龙卧虎
345,高迢险峻
346,积劳成疾
347,风马牛不相及
348,侃大山
349,夜深人静
350,跌宕起伏
351,内在
352,趁势
353,切莫
354,尽心尽力
355,此举
356,如云
357,城外
358,尸骨未寒
359,光年
360,大起大落
361,嘀嗒
362,错综
363,家里
364,乘兴
365,表
366,衩
367,翻旧账
368,此中
369,一失足成千古恨
370,讥
371,计
372,讯
373,元年
374,随即
375,簇新
376,让
377,面黄肌瘦
378,心中有鬼
379,五彩斑斓
380,讵
381,不然的话
382,记
383,讳
384,讼
385,讽
386,许
387,头头
388,目下
389,论
390,黑溜溜
391,提心吊胆
392,红扑扑
393,一对
394,当道
395,吃小灶
396,扑簌簌
397,别具风味
398,丁寅
399,黯然神伤
400,练习
401,拖后腿
402,是的
403,嗡嗡
404,足下
405,本埠
406,渺无音信
407,悲欢离合
408,壬戌
409,询
410,有理有据
411,该
412,诤
413,碧莹莹
414,圆满
415,语
416,一定
417,诬
418,没法儿
419,直统统
420,稀溜溜
421,误
422,大梦初醒
423,求真务实
424,无论是
425,白露
426,诱
427,倘若
428,诲
429,青春年少
430,姣美
431,诵
432,诶
433,诸
434,抓大放小
435,沦落异乡
436,诺
437,课
438,诿
439,惯常
440,脉脉
441,证
442,一家
443,讷讷
444,好像
445,诊
446,时有发生
447,诉
448,独力
449,嗬哟
450,诌
451,大后年
452,粤北
453,译
454,诚
455,傻傻忽忽
456,诙
457,温湿
458,黄蜡蜡
459,诜
460,话
461,世世代代
462,大清白日
463,是因为
464,节后
465,量力而行
466,癸寅
467,拿主意
468,如何
469,不由得
470,老少咸宜
471,走内线
472,謦
473,束手无策
474,永久性
475,春夏秋冬
476,最近
477,空无所有
478,长此下去
479,救命稻草
480,犹如
481,多少
482,义务
483,弥足珍贵
484,胖嘟嘟
485,纵使
486,挺身而出
487,少见多怪
488,间日
489,村口
490,多管齐下
491,丁子
492,凉冰冰
493,之前
494,水漉漉
495,白嫩
496,开拓进取
497,高速
498,别无选择
499,不如
500,粘粘渍渍
501,狼狈为奸
502,警
503,春去秋来
504,半辈子
505,力尽筋疲
506,过分
507,岂有此理
508,狠命
509,好象
510,拿三搬四
511,居心不良
512,看得过儿
513,极为
514,走村串户
515,越加
516,独具慧眼
517,原先
518,邋里邋遢
519,确定
520,头天
521,不妨
522,此路不通
523,平等
524,茫茫
525,耍排场
526,悠哉游哉
527,民心所向
528,小题大做
529,特意
530,确实
531,豺狼虎豹
532,足以
533,人影憧憧
534,杀鸡吓猴
535,踯躅街头
536,大寒
537,决计
538,翻老账
539,大家伙儿
540,越发
541,越来越
542,纵令
543,誓死
544,大江南北
545,眼皮浅
546,拉下马
547,有生以来
548,重度
549,合不拢嘴
550,誓
551,黑沉沉
552,代代相传
553,起首
554,崭新
555,非僧非俗
556,说实话
557,说不过去
558,群蚁附膻
559,将要
560,逶迤
561,蓝森森
562,借鸡生蛋
563,极了
564,誉
565,卑鄙无耻
566,暗沉沉
567,难以
568,不得已而为之
569,楞怔怔
570,己丑
571,龙凤呈祥
572,下头
573,人心惶惶
574,内部
575,依稀可见
576,失之空洞
577,随之而来
578,没大没小
579,明摆着
580,很多
581,节前
582,之内
583,九泉之下
584,齐步走
585,后边
586,各部
587,五彩纷呈
588,某省
589,实际
590,痛痛快快
591,不外
592,气概不凡
593,缓缓
594,秦汉
595,不够
596,边区
597,暖暖地
598,蓬蓬勃勃
599,振兴图强
600,潦倒终身
601,不大
602,坦坦荡荡
603,历历
604,左侧
605,第二产业
606,沉寂
607,叽叽喳喳
608,随后
609,它们
610,随同
611,霎那间
612,看走眼
613,肩上
614,开足马力
615,五毒俱全
616,上头
617,平空
618,其四
619,暖暖和和
620,以假乱真
621,有意思
622,訇
623,言
624,固然
625,缕缕
626,一门心思
627,搭班子
628,合理合法
629,拉帮结伙
630,比照
631,习习
632,明知故犯
633,釜底抽薪
634,片时
635,大宗
636,己亥
637,您是
638,恍然
639,哓哓不休
640,深耕细作
641,吃喝嫖赌
642,随口
643,论说
644,除外
645,一不小心
646,三夏
647,厚实实
648,达到
649,简直
650,乡乡
651,大家
652,须臾之间
653,未始
654,万古长青
655,没心肝
656,西风东渐
657,跏
658,跎
659,一帆顺风
660,频频
661,耍贫嘴
662,跄
663,忆苦思甜
664,跃
665,滚圆
666,跞
667,原因
668,跟
669,距
670,跚
671,想必
672,各路
673,背靠背
674,由始至终
675,引以为憾
676,托人情
677,路
678,跫
679,野外
680,昏迷不醒
681,外地
682,跹
683,何须
684,践
685,口里
686,本刊
687,很少
688,跳
689,趋
690,越
691,天顺
692,活鲜鲜
693,别有情趣
694,古代
695,趁
696,超
697,趄
698,不会儿
699,右边
700,古今
701,袅袅绕绕
702,外国
703,趟
704,失去
705,软塌塌
706,趑
707,甲亥
708,鳞鳞
709,九五
710,尽欢而散
711,外围
712,前者
713,趸
714,高利
715,处处
716,迎面
717,乡下
718,假戏真做
719,察微知晓
720,每种
721,足
722,乘风扬帆
723,艰难曲折
724,简便易行
725,沿岸
726,资
727,钉子户
728,赅
729,一头
730,过后
731,妥妥当当
732,特异
733,引以为戒
734,身处牢笼
735,一天
736,赞
737,势利小人
738,阿嚏
739,挂零
740,由于
741,良师益友
742,难说
743,克子
744,赙
745,赤
746,从今以后
747,壬寅
748,赡
749,加油添醋
750,稳稳当当
751,挂羊头卖狗肉
752,精光
753,赫
754,起
755,赛前
756,平素
757,赶
758,圆乎乎
759,村上
760,赳
761,嗖嗖
762,不择手段
763,含金量
764,独具特色
765,可不
766,表明
767,秦昌
768,情同手足
769,紫不溜丢
770,死死地
771,该署
772,扭亏为盈
773,庄稼活儿
774,本剧
775,何乐不为
776,娇滴滴
777,举凡
778,乙亥
779,天启
780,中叶
781,中古
782,贡
783,责
784,环环相扣
785,生机蓬勃
786,餐风宿雪
787,白天
788,购
789,贯
790,贰
791,至此
792,凄凄惨惨
793,贵
794,贴
795,嗣后
796,贷
797,白晃晃
798,甲丑
799,贸
800,贻
801,贺
802,贼
803,早早儿
804,贿
805,无穷
806,强横霸道
807,亲眼目睹
808,氧炔吹管
809,夏夜
810,除非
811,颤巍巍
812,中午
813,吉星高照
814,租期
815,况且
816,夏天
817,党外
818,除却
819,忽米
820,近前
821,随之
822,转年
823,前线
824,飞速
825,忤逆不孝
826,前街后巷
827,这儿
828,用以
829,至情至性
830,逗逗乐乐
831,进入
832,貅
833,决不
834,小规模
835,大汗淋漓
836,除去
837,一块儿
838,红白喜事
839,有来有往
840,妇道人家
841,癸子
842,中南
843,平起平坐
844,过去
845,缤纷
846,下定决心
847,乖乖
848,正中要害
849,购销两旺
850,全国
851,乙丑
852,辈子
853,渐渐
854,无端
855,灰扑扑
856,口中
857,迅速
858,酌情
859,十年磨一剑
860,义不容辞
861,自此
862,下回
863,用于
864,豉
865,汛期
866,群芳争艳
867,嗨哟
868,完美无缺
869,静寂寂
870,一树了之
871,小时候
872,日入而息
873,为什么
874,稳如泰山
875,厉声
876,不失时宜
877,迫于
878,绘声绘色
879,千万千万
880,豢
881,三国
882,上回
883,不复存在
884,比不上
885,密密丛丛
886,郁郁葱葱
887,再则
888,谓
889,谒
890,及其
891,后院起火
892,谕
893,谔
894,重大
895,鲜艳夺目
896,谗
897,平米
898,卢布
899,谁
900,敢于
901,里头
902,临到
903,谋
904,一语双关
905,即将
906,连锁
907,谏
908,甜蜜蜜
909,略逊一筹
910,谷
911,乒乓
912,毫瓦
913,谴
914,接著
915,十有八九
916,恩将仇报
917,闹意气
918,唱白脸
919,真真切切
920,谦
921,本区
922,里外
923,谥
924,谪
925,株连九族
926,谨
927,迅即
928,吃败仗
929,心烦意躁
930,诚心诚意
931,不好意思
932,组成部分
933,勃然
934,亮铮铮
935,迫
936,末后
937,辛寅
938,迭
939,远非
940,远古
941,清洌洌
942,奋勇
943,迤
944,外头
945,拂晓
946,西边
947,述
948,连轴
949,重操旧业
950,乌乎
951,稀拉拉
952,说到底
953,迈
954,间或
955,方能
956,路边
957,欣欣然
958,气吞山河
959,一刀两断
960,过
961,岸然
962,迄
963,分兵把口
964,进
965,举止矜持
966,还
967,这
968,连
969,违
970,好好儿
971,近
972,笑话百出
973,最好
974,手到擒拿
975,竭诚
976,去冬
977,通通
978,辩
979,扩军备战
980,辨
981,得意忘形
982,己辰
983,十二月
984,这边
985,上贼船
986,今儿个
987,只身
988,争分夺秒
989,辽
990,壬巳
991,甚佳
992,近郊
993,边
994,本县
995,狱中
996,通存通兑
997,辰
998,辱
999,看见
1000,最大
1001,辍
1002,拖拖拉拉
1003,十五日
1004,奋力
1005,连同
1006,辈
1007,辆
1008,数九
1009,辅
1010,辄
1011,悄然无声
1012,鱼死网破
1013,较
1014,怎么
1015,待会儿
1016,辟
1017,内陆
1018,西北麓
1019,辚
1020,昂首挺胸
1021,横行霸道
1022,逐一
1023,起先
1024,勤工助学
1025,一忽儿
1026,二话没说
1027,无大无小
1028,辑
1029,毛手毛脚
1030,细细的
1031,之一
1032,车
1033,连连
1034,轧
1035,其后
1036,之上
1037,转
1038,严加
1039,轮
1040,轰
1041,轳
1042,轲
1043,辛子
1044,轴
1045,成龙配套
1046,此时此刻
1047,不啻
1048,以资鼓励
1049,趁便
1050,火树银花不夜天
1051,轻
1052,载
1053,甚至
1054,北方
1055,轾
1056,别无出路
1057,迟迟
1058,从从容容
1059,和和气气
1060,忽而
1061,置之度外
1062,暗暗
1063,之下
1064,空间点阵
1065,走钢丝
1066,拐弯抹角
1067,嫩生生
1068,坎坷不平
1069,黑古隆冬
1070,远远
1071,几许
1072,进去
1073,一块
1074,这项
1075,据说
1076,存在
1077,一言不语
1078,抽冷子
1079,之中
1080,个别
1081,赛后
1082,说胡话
1083,金黄
1084,安全
1085,暑期
1086,一股脑儿
1087,轻而易举
1088,而是
1089,密密层层
1090,说笑话
1091,灰糊糊
1092,本身
1093,显然
1094,冉冉
1095,走门串户
1096,反倒
1097,毛毛茸茸
1098,来世
1099,说不来
1100,循声
1101,基本上
1102,认为
1103,温暖如春
1104,东区
1105,左边
1106,老是
1107,恭恭敬敬
1108,臭熏熏
1109,轻度
1110,简洁明了
1111,反之
1112,牛年马月
1113,名声大振
1114,必不可少
1115,生死与共
1116,先头
1117,阵子
1118,灰碌碌
1119,久久
1120,顶多
1121,它们的
1122,东南
1123,西郊
1124,为国分忧
1125,使不得
1126,往常
1127,碧波万顷
1128,好事多磨
1129,同一天
1130,年终
1131,西部
1132,随大流
1133,敢为人先
1134,躬
1135,身
1136,老早
1137,永生永世
1138,那么些
1139,完全
1140,起初
1141,恬然
1142,粉嫩
1143,躞
1144,硬性
1145,枕头风
1146,形成
1147,自由放任
1148,积极
1149,居功不傲
1150,躏
1151,往年
1152,令人鼓舞
1153,隆冬
1154,躅
1155,共同
1156,躇
1157,有始有终
1158,立等可取
1159,蹰
1160,公顷
1161,高兴
1162,多多
1163,壮年
1164,随便
1165,财迷心窍
1166,黧黑
1167,马年
1168,惴惴
1169,良多
1170,怒冲冲
1171,万众一心
1172,五倍子虫
1173,映入眼帘
1174,平方公里
1175,蹙
1176,重修旧好
1177,打吊针
1178,安居而乐教
1179,绝大多数
1180,整个
1181,蹈
1182,甚么
1183,采取
1184,凛若冰霜
1185,子夜
1186,活泼泼
1187,别见怪
1188,大笑不止
1189,丙午
1190,古里古怪
1191,三番五次
1192,本轮
1193,踬
1194,为何
1195,惶惶
1196,摸摸索索
1197,一目了然
1198,慎重
1199,迷惑不解
1200,踞
1201,喝倒彩
1202,强强联合
1203,宫中
1204,发高烧
1205,明码
1206,杀出重围
1207,夜半更深
1208,彻底
1209,丙卯
1210,大后天
1211,通过
1212,琼枝玉叶
1213,煞费心机
1214,东北
1215,良好
1216,饶有兴趣
1217,脚
1218,十月
1219,不变
1220,胡乱
1221,克朗
1222,获益匪浅
1223,加班加点
1224,来历不明
1225,眼中
1226,不只
1227,冬季
1228,大天白日
1229,脉
1230,脍
1231,脂
1232,末年
1233,不可开交
1234,哑然
1235,想当初
1236,脸
1237,怅然
1238,就算
1239,脱
1240,堆积如山
1241,历史性
1242,整体
1243,各位
1244,为主
1245,蓦地
1246,分贝
1247,毫秒
1248,稍顷
1249,敌后
1250,一招一式
1251,眼下
1252,脬
1253,满腔热情
1254,尖里尖气
1255,贾宪三角
1256,不慌不乱
1257,半日
1258,高度
1259,开门红
1260,羞于启齿
1261,逞威风
1262,腔
1263,亮堂堂
1264,午时
1265,腐
1266,腌
1267,此情此景
1268,超标准
1269,留余地
1270,节节胜利
1271,蓝晶晶
1272,腾
1273,开怀
1274,良性
1275,宁可
1276,趁热打铁
1277,供过于求
1278,此言
1279,重新
1280,上古
1281,凝重
1282,胸怀祖国
1283,腩
1284,今是昨非
1285,蔫搭搭
1286,下去
1287,高挑儿
1288,腠
1289,本年
1290,黑忽忽
1291,半数
1292,老弱残兵
1293,牛年
1294,大礼拜
1295,老奸巨猾
1296,乱乱腾腾
1297,脸皮嫩
1298,目不斜视
1299,转变
1300,同一
1301,严令禁止
1302,家喻户晓
1303,渺无踪迹
1304,衷心
1305,有眉目
1306,轰隆
1307,来回
1308,辛丑
1309,欢声笑语
1310,初三
1311,急起直追
1312,看眼色
1313,得了
1314,穷光光
1315,瓮声瓮气
1316,根据
1317,生存斗争
1318,初七
1319,哈尼族
1320,膺
1321,初一
1322,登时
1323,走回头路
1324,狂风恶浪
1325,比索
1326,南麓
1327,卷帙浩繁
1328,辛酉
1329,膪
1330,村头
1331,真切
1332,强词夺理
1333,与否
1334,简言之
1335,双喜临门
1336,不管怎样
1337,群雄逐鹿
1338,初九
1339,喳喳
1340,南征北战
1341,令人寒心
1342,气鼓鼓
1343,问题
1344,公报私仇
1345,缺斤短两
1346,除了
1347,气哼哼
1348,泄私愤
1349,各人
1350,致
1351,不可
1352,标记原子
1353,随时随地
1354,漫天
1355,至
1356,气绝身亡
1357,旧雨重逢
1358,名震中外
1359,十四行诗
1360,有所
1361,臾
1362,歪门邪道
1363,本市
1364,新桃换旧符
1365,鸡犬升天
1366,臻
1367,为了
1368,痴痴
1369,价值千金
1370,奋翅展翼
1371,欣欣向荣
1372,臭
1373,列伊
1374,引起
1375,上周
1376,不同
1377,自
1378,大书特书
1379,上午
1380,上升
1381,城内
1382,惑人耳目
1383,而
1384,本当
1385,还要
1386,耀
1387,马失前蹄
1388,老
1389,一味
1390,下半时
1391,者
1392,唯有
1393,数以亿计
1394,查无实据
1395,棚内
1396,蛮不讲理
1397,耘
1398,元月
1399,正要
1400,蜿蜒
1401,正西
1402,更是
1403,寸土寸金
1404,万历
1405,高高
1406,摆臭架子
1407,硕果累累
1408,继之
1409,耥
1410,一个样
1411,八成
1412,光是
1413,耸
1414,险些
1415,千斤
1416,双重
1417,一则通过
1418,耳
1419,耍无赖
1420,忽然
1421,求之不得
1422,走过
1423,上上下下
1424,耶
1425,耵
1426,要死不活
1427,聍
1428,遥遥
1429,聊
1430,急人所急
1431,聆
1432,随大溜
1433,火光烛天
1434,戊申
1435,从此以后
1436,可歌可泣
1437,不力
1438,各个
1439,甚至于
1440,充其极
1441,一去不返
1442,联
1443,悄悄地
1444,南水北调
1445,破瓦寒窑
1446,消极怠工
1447,冷天
1448,实际上
1449,抗雪救灾
1450,悄悄
1451,险乎
1452,各业
1453,许久
1454,串亲戚
1455,偶而
1456,一向
1457,截然
1458,百感丛生
1459,下基层
1460,极端
1461,初具规模
1462,摆威风
1463,一同
1464,假大空
1465,两侧
1466,滋阴壮阳
1467,未必
1468,好在
1469,聱
1470,取道
1471,肃
1472,哗然
1473,一怒之下
1474,再度
1475,肆
1476,上去
1477,限制
1478,随遇平衡
1479,碰巧
1480,肓
1481,定准
1482,肖
1483,灰不溜秋
1484,绿森森
1485,非法
1486,秋日
1487,有形损耗
1488,不单
1489,体无完肤
1490,股
1491,前茅
1492,刑事
1493,临了
1494,少不得
1495,肪
1496,肩
1497,肭
1498,育
1499,寄兴寓情
1500,悉心
1501,三班倒
1502,大清早
1503,自卖自夸
1504,强行
1505,哑然无声
1506,梨花大鼓
1507,胁
1508,春耕大忙
1509,隐隐约约
1510,连袂
1511,先机
1512,快手快脚
1513,不是味儿
1514,家中
1515,胎
1516,疏忽大意
1517,自力更生
1518,癸未
1519,难上难
1520,吱吱悠悠
1521,胜
1522,胝
1523,酣然
1524,路上
1525,誉满全球
1526,转动
1527,悄无声息
1528,胧
1529,有名有实
1530,硬是
1531,公担
1532,流落江湖
1533,思新求变
1534,胡
1535,文中
1536,果真
1537,满山遍野
1538,胬
1539,强买强卖
1540,下苦功
1541,右侧
1542,下午
1543,先期
1544,胱
1545,笑容满面
1546,紧巴巴
1547,当啷
1548,能
1549,心服口服
1550,舒舒服服
1551,负荆请罪
1552,满怀深情
1553,夷为平地
1554,一半
1555,省区
1556,缺斤又短两
1557,扫黄打非
1558,双向
1559,茺
1560,英亩
1561,我省
1562,分之
1563,价廉物美
1564,各具特色
1565,个中
1566,处暑
1567,个个
1568,叫做
1569,乳
1570,盐水选种
1571,待到
1572,茳
1573,狼心狗肺
1574,乱
1575,茬
1576,口传心授
1577,粗墩墩
1578,不准
1579,非请莫入
1580,看出
1581,乩
1582,昏花
1583,书
1584,哭丧着脸
1585,辛辛苦苦
1586,愈发
1587,习
1588,似仙非仙
1589,乡
1590,九
1591,也
1592,茛
1593,乙
1594,下列
1595,反向
1596,乘
1597,五大三粗
1598,字字
1599,晚秋
1600,绿丛丛
1601,乐
1602,乓
1603,醉醺醺
1604,丁午
1605,乒
1606,乌
1607,茏
1608,乍
1609,几近
1610,茌
1611,乎
1612,乏
1613,为时已晚
1614,么
1615,引蛇出洞
1616,法定
1617,大批
1618,茈
1619,中下
1620,之
1621,有凭有据
1622,此行
1623,默默地
1624,欢歌笑语
1625,久
1626,乇
1627,忠贞不二
1628,不凡
1629,黑郁郁
1630,洋里洋气
1631,乃
1632,主
1633,打个比方
1634,为
1635,丸
1636,历届
1637,荽
1638,东侧
1639,丽
1640,双双
1641,然而
1642,相同
1643,串
1644,城东
1645,各行
1646,洗手不干
1647,荷
1648,临
1649,阳奉阴违
1650,个
1651,雷轰电闪
1652,舍恶行善
1653,合瓣花冠
1654,荫
1655,荬
1656,荭
1657,爽性
1658,荮
1659,中
1660,城中
1661,恰到好处
1662,丧
1663,两
1664,被动免疫
1665,丙
1666,姑且
1667,丘
1668,业
1669,丝
1670,与其
1671,东
1672,荜
1673,专
1674,俗话说
1675,猴手猴脚
1676,荐
1677,大抵
1678,不再
1679,家庭妇女
1680,且
1681,世
1682,丈
1683,一怒而去
1684,良苦用心
1685,三
1686,上
1687,下
1688,大不了
1689,与
1690,心急如火
1691,一
1692,丁
1693,鬼头鬼脑
1694,七
1695,荇
1696,不经意
1697,水淋淋
1698,万
1699,胶东
1700,苍雄
1701,件
1702,莶
1703,每篇
1704,仵
1705,仳
1706,英两
1707,莱
1708,窗上
1709,莳
1710,尽管
1711,同一个
1712,份
1713,近在眉睫
1714,任
1715,原处
1716,说说
1717,千辛万苦
1718,个人
1719,以
1720,一发
1721,令
1722,附近
1723,代
1724,喜孜孜
1725,王母娘娘
1726,牛顿
1727,满心
1728,上半期
1729,们
1730,欢聚一堂
1731,莩
1732,莨
1733,仪
1734,莫
1735,莪
1736,仨
1737,炮舰外交
1738,就是说
1739,他
1740,猴儿精
1741,仗
1742,年逾花甲
1743,骂不还口
1744,多渠道
1745,莞
1746,仞
1747,仟
1748,付
1749,关山重重
1750,室内
1751,仅
1752,各负其责
1753,千伏安
1754,莅
1755,生龙活虎
1756,仇
1757,这话
1758,无庸讳言
1759,仃
1760,夏日
1761,该路
1762,人尽其才
1763,仍
1764,茶余饭罢
1765,从
1766,介
1767,莉
1768,顺乎自然
1769,冲天
1770,今
1771,亲
1772,亳
1773,浓烟滚滚
1774,结合
1775,中东
1776,人
1777,蔚成新风
1778,丁卯
1779,因此
1780,亿
1781,看到
1782,菡
1783,假撇清
1784,亡
1785,菥
1786,亦
1787,即席
1788,香喷喷
1789,自上而下
1790,享
1791,曲曲
1792,亩
1793,菪
1794,以苦为乐
1795,无可争辩
1796,龙口夺食
1797,高额
1798,异彩纷呈
1799,京
1800,云
1801,丝丝缕缕
1802,打雪仗
1803,互
1804,真情难觅
1805,看上眼
1806,五
1807,菔
1808,滑动摩擦
1809,亚
1810,先是
1811,些
1812,菝
1813,亟
1814,数不胜数
1815,菀
1816,受到
1817,来头
1818,一知半解
1819,毕竟
1820,了
1821,争
1822,竟自
1823,予
1824,事
1825,钉住
1826,能掐会算
1827,亍
1828,屡禁不止
1829,二
1830,言行一致
1831,于
1832,般
1833,舭
1834,航
1835,舨
1836,层层叠叠
1837,愣怔怔
1838,啧啧称赞
1839,佧
1840,幽然
1841,你
1842,冷溲溲
1843,详详细细
1844,光秃秃
1845,叽里呱啦
1846,彩蝶飞舞
1847,当场
1848,船
1849,舴
1850,舳
1851,以理服人
1852,大做文章
1853,佰
1854,循序渐进
1855,吃闲饭
1856,辛亥
1857,舍
1858,径自
1859,院内
1860,独个儿
1861,位
1862,业余
1863,今年初
1864,但
1865,好多
1866,艰苦奋斗
1867,擦肩而过
1868,脱颖而出
1869,声震寰宇
1870,举世闻名
1871,情真意切
1872,作
1873,佚
1874,余
1875,放声
1876,赶巧
1877,混饭吃
1878,何
1879,体
1880,舐
1881,统共
1882,佐
1883,舒
1884,艨
1885,伪
1886,急三火四
1887,伫
1888,微米
1889,一则
1890,捧腹大笑
1891,良
1892,送秋波
1893,下不为例
1894,不论是
1895,笑眯眯
1896,风吹雨淋
1897,伧
1898,设使
1899,经过
1900,突出
1901,改天
1902,拿腔拿调
1903,艿
1904,似
1905,二进宫
1906,艽
1907,愈加
1908,譬如
1909,色
1910,一切
1911,艰
1912,大义凛然
1913,伊
1914,捡便宜
1915,艋
1916,一刻
1917,伏
1918,伍
1919,定向
1920,沦落街头
1921,企
1922,砍大山
1923,当地
1924,艇
1925,艘
1926,会
1927,伙
1928,优
1929,艟
1930,休
1931,得以
1932,芥
1933,侧面
1934,信
1935,俣
1936,直来直去
1937,稍微
1938,芯
1939,多数
1940,俯
1941,悒悒
1942,不光
1943,俩
1944,芪
1945,乱石山村
1946,万分
1947,儿时
1948,芷
1949,俱
1950,芾
1951,猩红
1952,俾
1953,俺
1954,我的
1955,不知今夕何夕
1956,俅
1957,虎年
1958,四海
1959,纵横有序
1960,红光光
1961,欢迎
1962,节
1963,问心有愧
1964,只不过
1965,芏
1966,芎
1967,数不着
1968,旗帜鲜明
1969,芈
1970,芊
1971,中不溜儿
1972,畅所欲言
1973,不免
1974,相比之下
1975,俐
1976,大后方
1977,俟
1978,俜
1979,芘
1980,好好
1981,俘
1982,苣
1983,不怕牺牲
1984,熠熠
1985,多方
1986,激动人心
1987,台下
1988,侧
1989,若
1990,侦
1991,台上
1992,谈笑风生
1993,不仅仅是
1994,复杂
1995,一力
1996,侮
1997,挨个儿
1998,空前
1999,盛夏
2000,命在旦夕
2001,有效
2002,明末清初
2003,苷
2004,侵
2005,经历
2006,刻苦
2007,慢说
2008,便
2009,苁
2010,侃
2011,荧荧
2012,数见不鲜
2013,宫内
2014,冬天
2015,苄
2016,例
2017,苈
2018,侈
2019,之所以
2020,苌
2021,苏
2022,侍
2023,初见端倪
2024,苒
2025,苓
2026,东跑西颠
2027,共总
2028,夏朝
2029,除非己莫为
2030,吃不消
2031,半截
2032,和蔼可亲
2033,一动
2034,苟
2035,依
2036,蕖
2037,凉嗖嗖
2038,凛凛
2039,叽叽
2040,蕞
2041,依靠
2042,拿来主义
2043,管窥所及
2044,门外
2045,假若
2046,汹汹
2047,劈脸
2048,愣头愣脑
2049,本行
2050,飕飕
2051,各区
2052,蕴
2053,精研细磨
2054,时而
2055,起起伏伏的
2056,守土有责
2057,叭嗒
2058,蕺
2059,蕤
2060,横空出世
2061,了不相涉
2062,白蒙蒙
2063,合力
2064,通红
2065,丙丑
2066,只要
2067,一大早
2068,丛丛
2069,边上
2070,昏蒙蒙
2071,言无二价
2072,日臻
2073,普天同庆
2074,海上
2075,得到
2076,一共
2077,八仙过海各显其能
2078,防暑降温
2079,丛中
2080,精神百倍
2081,尔等
2082,明朗朗
2083,样样
2084,各卷
2085,如其
2086,特地
2087,经久
2088,啥子
2089,置于脑后
2090,蔹
2091,得出
2092,蔸
2093,蔻
2094,好几
2095,蔽
2096,救国救民
2097,明公正道
2098,供大于求
2099,月底
2100,最後
2101,一中一台
2102,焦耳
2103,深入人心
2104,拼命
2105,广谋从众
2106,怡然
2107,火烧眉毛
2108,丙亥
2109,别说
2110,统收统支
2111,齐崭崭
2112,跑买卖
2113,总的来说
2114,有的放矢
2115,藉
2116,斩钉截铁
2117,稠乎乎
2118,辽西
2119,省内
2120,恨之入骨
2121,根本
2122,独资
2123,不相干
2124,不可不
2125,一再
2126,直愣愣
2127,不可抗拒
2128,癸戌
2129,仰天大笑
2130,丑妇竞簪花
2131,互不相让
2132,凭借
2133,极目四望
2134,街心
2135,摇曳多姿
2136,春秋
2137,陆上
2138,cn
2139,清悠悠
2140,坚持
2141,弯弯
2142,甜情蜜意
2143,辩证
2144,喔唷
2145,薜
2146,直呆呆
2147,丧尽天良
2148,呼吸道
2149,名誉扫地
2150,袅娜
2151,光闪闪
2152,决无此事
2153,永生
2154,真个
2155,干瘦
2156,抑或
2157,劈胸
2158,岂因祸福避趋之
2159,有嘴无心
2160,薄
2161,奄奄
2162,不得已
2163,分庭抗礼
2164,生意盎然
2165,一准
2166,建文
2167,薷
2168,飒飒
2169,不成话
2170,倒插门
2171,迫在眉睫
2172,多年
2173,能者为师
2174,铁打江山
2175,大轰大嗡
2176,轰轰烈烈
2177,葆
2178,笔耕不辍
2179,当天
2180,可言
2181,著
2182,有滋有味
2183,三伏
2184,当夜
2185,葜
2186,照着
2187,葙
2188,葚
2189,这一下
2190,略知皮毛
2191,普特
2192,背后
2193,久经考验
2194,葡
2195,不了
2196,葬
2197,安培
2198,葶
2199,香气扑鼻
2200,葳
2201,离瓣花冠
2202,用长避短
2203,放任自流
2204,萃
2205,不进则退
2206,萄
2207,萆
2208,物竞天择
2209,萋
2210,由此看来
2211,萌
2212,可见
2213,萏
2214,黄灿灿
2215,递眼色
2216,咿咿呀呀
2217,胸部
2218,香艳
2219,收效甚微
2220,寒森森
2221,正经八百
2222,萝
2223,终久
2224,反复
2225,该行
2226,萦
2227,稀稀落落
2228,西面
2229,营
2230,挨个
2231,不仅
2232,打赤膊
2233,全年
2234,逐级
2235,花季
2236,看不上眼
2237,乱糟糟
2238,当头
2239,萸
2240,落
2241,永世长存
2242,毛烘烘
2243,要不然
2244,膀阔腰圆
2245,来自
2246,耍手腕
2247,神秘兮兮
2248,大幅
2249,蓁
2250,世上
2251,每股
2252,蓟
2253,林中
2254,前程似锦
2255,不会
2256,长期
2257,蓬
2258,悠悠
2259,寻亲访友
2260,没有
2261,声势显赫
2262,蓣
2263,强调
2264,克拉
2265,蓠
2266,遽然
2267,蓿
2268,建档立卡
2269,源远流长
2270,碧蓝
2271,往后
2272,睦邻友好
2273,晃眼
2274,意味深长
2275,照直
2276,蒌
2277,多姿多彩
2278,虎势势
2279,险象环生
2280,虎生生
2281,交叉有致
2282,毛茸茸
2283,打边鼓
2284,吃得消
2285,煞有其事
2286,叮咚
2287,拿手好戏
2288,不住
2289,胸中
2290,变调
2291,合共
2292,同工同酬
2293,专事
2294,不但
2295,落荒而逃
2296,倒栽葱
2297,从始至终
2298,蒡
2299,翘辫子
2300,终于
2301,如前所述
2302,相反
2303,孤身一人
2304,转眼间
2305,阔阔的
2306,进行
2307,雅俗共赏
2308,拆墙脚
2309,坛坛罐罐
2310,黄茸茸
2311,切身
2312,毒辣辣
2313,蝠
2314,蝣
2315,林林总总
2316,蝤
2317,蝥
2318,怪里怪气
2319,屹然
2320,俗话说得好
2321,辛午
2322,湿淋淋
2323,一会
2324,磕头碰脑
2325,光彩照人
2326,怪不得
2327,蝓
2328,辛卯
2329,小到中雨雪
2330,深秋
2331,珠泪盈眶
2332,参天
2333,开春
2334,超群绝伦
2335,日夜兼程
2336,假惺惺
2337,上万
2338,精精致致
2339,静静地
2340,汩汩
2341,巳蛇
2342,寒假
2343,蜴
2344,到来之际
2345,本届
2346,上下
2347,哪样
2348,惶惶然
2349,跨鹤西游
2350,反咬一口
2351,颇为
2352,箭不虚发
2353,是样儿
2354,引人注意
2355,街巷
2356,蜢
2357,淅淅沥沥
2358,胸有成竹
2359,远见卓识
2360,汪汪
2361,有所作为
2362,治外法权
2363,各党
2364,挨家挨户
2365,助消化
2366,顺便
2367,断乎
2368,吃吃喝喝
2369,既然如此
2370,蜕
2371,蜓
2372,蜒
2373,空中
2374,蜞
2375,水落石出
2376,扭扭捏捏
2377,不随意肌
2378,蜇
2379,草草
2380,铺张浪费
2381,三九
2382,蜀
2383,阵阵
2384,蜍
2385,踢皮球
2386,蜊
2387,上乘
2388,正前方
2389,洋为中用
2390,摆龙门阵
2391,真心诚意
2392,即或
2393,蹑悄悄
2394,螺丝起子
2395,奋发自救
2396,奋发进取
2397,如同
2398,无可争议
2399,不下
2400,投石问路
2401,蟪
2402,打比方
2403,阴间
2404,发横财
2405,蟮
2406,破罐破摔
2407,迄今
2408,蟠
2409,浴血
2410,屡次三番
2411,蟥
2412,不一
2413,细长
2414,蟛
2415,巴山雨夜
2416,套套
2417,亲亲热热
2418,喃喃
2419,辛辰
2420,一侧
2421,平方里
2422,一对一
2423,填平补齐
2424,猴年马月
2425,阵前
2426,万代
2427,低三下四
2428,喝六呼么
2429,蟀
2430,过于
2431,蟆
2432,增收节支
2433,死路一条
2434,极其
2435,南方
2436,螽
2437,是味儿
2438,高标准
2439,起头
2440,慧眼独具
2441,螵
2442,高高兴兴
2443,放在眼里
2444,螬
2445,名不见经传
2446,不久
2447,形神各异
2448,万紫千红春满园
2449,熊熊
2450,自下而上
2451,艺无止境
2452,挑大梁
2453,湖吃海喝
2454,未尝
2455,不失时机
2456,大智大勇
2457,午马
2458,事在人为
2459,奕奕
2460,油黑
2461,融为一体
2462,寅虎
2463,汪洋
2464,螋
2465,悻悻
2466,其实不然
2467,螈
2468,自找麻烦
2469,毫米
2470,螅
2471,螂
2472,紫蓝蓝
2473,从难从严
2474,借刀杀人
2475,闻讯而来
2476,戌狗
2477,翻白眼
2478,史前
2479,河晏水清
2480,自然
2481,股子
2482,别妻离子
2483,乱点鸳鸯谱
2484,远渡重洋
2485,公尺
2486,猫哭老鼠
2487,一一
2488,闲磕牙
2489,拉拉杂杂
2490,披红挂彩
2491,城北
2492,鉴于
2493,目前
2494,虺
2495,如是说
2496,虽
2497,虼
2498,一下
2499,宽以待人
2500,促进
2501,丁丑
2502,加枝添叶
2503,城西
2504,一举
2505,去夏
2506,重重地
2507,哪里话
2508,城区
2509,几乎
2510,虑
2511,吊儿郎当
2512,季度
2513,虚
2514,一个
2515,虞
2516,句句
2517,蘧
2518,新任
2519,敝处
2520,销声匿迹
2521,玩手段
2522,毛毛糙糙
2523,虎鸣
2524,城南
2525,公寸
2526,该会
2527,模糊不清
2528,蘼
2529,度日如年
2530,不依不饶
2531,煞白
2532,蘅
2533,短短
2534,水平如镜
2535,大不了
2536,足足
2537,久闻大名
2538,少部分
2539,蔫蔫
2540,气昂昂
2541,千千万万
2542,由衷
2543,内外
2544,喜滋滋
2545,乌油油
2546,善罢甘休
2547,二话不说
2548,哭天哭地
2549,成片
2550,不冷不热
2551,这麽
2552,虎里虎势
2553,领头羊
2554,蛮
2555,悉数
2556,一些
2557,好家伙
2558,非独
2559,过路财神
2560,当之无愧
2561,娓娓道来
2562,黑漆漆
2563,蛸
2564,头年
2565,密切
2566,光脚板子
2567,自主经营
2568,平平静静
2569,其它
2570,蛳
2571,小里小气
2572,高声
2573,蛱
2574,死心塌地
2575,蛴
2576,决非
2577,蛉
2578,厚重
2579,翩然
2580,望尘比步
2581,该书
2582,蛄
2583,高处
2584,直到
2585,心上
2586,蛞
2587,天赋人权
2588,蛑
2589,连绵不断
2590,投机取巧
2591,碧澄澄
2592,其实
2593,喀嚓
2594,万一
2595,打冷颤
2596,一步一个脚印
2597,蚪
2598,实地
2599,透顶
2600,基于
2601,蚨
2602,蚧
2603,蚣
2604,通统
2605,台前
2606,活动
2607,发神经
2608,原封
2609,半晌
2610,不切实际
2611,急中生智
2612,蚺
2613,实在
2614,绝不
2615,丁亥
2616,心中
2617,耍嘴皮子
2618,有意
2619,道道
2620,不敢当
2621,逐项
2622,壬未
2623,名不虚传
2624,七五
2625,蚀
2626,男女平等
2627,走下坡路
2628,另行
2629,急匆匆
2630,一代
2631,此话
2632,踱方步
2633,话说
2634,蚓
2635,极力
2636,存心
2637,坚戈
2638,嗳
2639,嗵
2640,美味可口
2641,强烈
2642,探口风
2643,西端
2644,辣丝丝
2645,因循守旧
2646,先令
2647,嗡
2648,嗤
2649,嗦
2650,乙戌
2651,颥
2652,海阔凭鱼跃
2653,嗨
2654,百般刁难
2655,毫不
2656,嗬
2657,铮铮
2658,嗯
2659,敲敲打打
2660,加意
2661,频
2662,嗓
2663,嗒
2664,颓
2665,脚下
2666,惊人之举
2667,颔
2668,嗖
2669,颗
2670,题
2671,昨晚
2672,嗜
2673,海内
2674,颁
2675,颂
2676,不止
2677,颃
2678,预
2679,洋底
2680,嗄
2681,下半年
2682,百业兴旺
2683,领
2684,颇
2685,震后
2686,前次
2687,商家
2688,颏
2689,喵
2690,胸前
2691,香扑扑
2692,乐于助人
2693,相等
2694,喱
2695,今后
2696,多层次
2697,喳
2698,随手
2699,沾花惹草
2700,四月
2701,喽
2702,待理不理
2703,当家作主
2704,喻
2705,嗫嗫嚅嚅
2706,吊胃口
2707,中期
2708,喧
2709,所有
2710,真的
2711,天衣无缝
2712,在所不计
2713,犹豫不前
2714,总共
2715,拉关系
2716,飨
2717,以观后效
2718,飕
2719,埃镑
2720,喔
2721,疙里疙瘩
2722,食
2723,乖戾
2724,三番两次
2725,喝
2726,实处
2727,飞
2728,顶部
2729,喇
2730,善
2731,严格
2732,喂
2733,众鸟蔽日
2734,刻骨铭心
2735,喀
2736,粘粘糊糊
2737,喏
2738,似是而非
2739,百闻不如一见
2740,奖优罚劣
2741,喈
2742,翻然
2743,啾
2744,拉山头
2745,积极向上
2746,稳中有进
2747,快步
2748,啵
2749,啶
2750,啷
2751,西头
2752,特别
2753,临时
2754,蔫不唧
2755,包产到户
2756,啪
2757,单刀直入
2758,决一胜负
2759,啮
2760,啡
2761,立马
2762,上次
2763,啥
2764,跑圆场
2765,啧
2766,啦
2767,惜乎
2768,啜
2769,啐
2770,不远处
2771,啖
2772,悲惨惨
2773,昭昭
2774,必得
2775,啊
2776,啉
2777,室外
2778,凭着
2779,滴里嘟噜
2780,拉下水
2781,家常便饭
2782,正酣
2783,小雪
2784,下次
2785,美丝丝
2786,平平整整
2787,啁
2788,大概
2789,确乎
2790,养兵千日
2791,端阳
2792,商
2793,悄声
2794,唼
2795,多次
2796,顿
2797,唿
2798,自行火炮
2799,顺
2800,须
2801,项
2802,铁将军把门
2803,顶
2804,顷
2805,唷
2806,页
2807,英姿勃勃
2808,没有说的
2809,一般而言
2810,呆呆地
2811,鬼话连篇
2812,瞬时
2813,更为
2814,溶溶
2815,唯
2816,评先树优
2817,允许
2818,早有所闻
2819,大渡桥横铁索寒
2820,肯定
2821,唤
2822,留连忘返
2823,翻山越岭
2824,一气
2825,寝食难安
2826,唣
2827,混淆视听
2828,老大难
2829,各家各户
2830,一阵子
2831,酒后
2832,疯颠颠
2833,如虎添翼
2834,对了
2835,唔
2836,忽悠悠
2837,唐
2838,离愁别绪
2839,唑
2840,仰面
2841,对于
2842,癸亥
2843,恒久
2844,唉
2845,有史以来
2846,真真
2847,无记名
2848,桃李满天下
2849,逐笔
2850,哦
2851,哧
2852,破浪前进
2853,哪
2854,哨
2855,付诸实施
2856,哩
2857,适者生存
2858,哳
2859,羽翼渐丰
2860,千古兴亡
2861,寸土不让
2862,哺
2863,浑圆
2864,哼
2865,哀
2866,打斜
2867,莽莽
2868,品
2869,哂
2870,馁
2871,哄
2872,馇
2873,心同此理
2874,哇
2875,哈
2876,哉
2877,尽量
2878,总的说来
2879,说得过去
2880,响
2881,哎
2882,哑
2883,哐
2884,馑
2885,哒
2886,首
2887,终古不息
2888,哗
2889,哚
2890,哝
2891,健步
2892,勃发生机
2893,自暴自弃
2894,哟
2895,哞
2896,真才实学
2897,咦
2898,咧
2899,咤
2900,大前天
2901,北麓
2902,咣
2903,寒冬
2904,咯
2905,不自量力
2906,咭
2907,肆意
2908,咩
2909,咴
2910,前段
2911,他乡遇故知
2912,咳
2913,明辨是非
2914,咱
2915,窝里斗
2916,三合一
2917,癸丑
2918,露原形
2919,有所为有所不为
2920,亮晶晶
2921,什麽
2922,血红
2923,篇篇
2924,寸步不让
2925,和
2926,轰下台
2927,如常
2928,任何
2929,逼良为娼
2930,正巧
2931,次日
2932,想得到
2933,春日
2934,咋
2935,眼疾手快
2936,咕
2937,热火朝天
2938,咔
2939,这般
2940,咐
2941,地地道道
2942,咝
2943,凝神
2944,蜘蛛抱蛋
2945,戴绿帽子
2946,咙
2947,各自
2948,咛
2949,咚
2950,周
2951,气咻咻
2952,冷冰冰
2953,餮
2954,恐怕
2955,毫不客气
2956,呢
2957,後来
2958,甲申
2959,呦
2960,呤
2961,遵纪守法
2962,毫无疑义
2963,虽然
2964,大大小小
2965,空空荡荡
2966,呸
2967,怎么得了
2968,刮地皮
2969,吃床板
2970,呼
2971,命
2972,味
2973,说不定
2974,厂里
2975,以内
2976,呵
2977,奖勤罚懒
2978,望风而逃
2979,随意
2980,胖墩墩
2981,勤俭持家
2982,莹莹
2983,怎样
2984,呀
2985,呃
2986,殊死搏斗
2987,四时
2988,愣头儿青
2989,员
2990,因故
2991,呜
2992,胸怀坦荡
2993,呐
2994,搞关系
2995,餐
2996,不比
2997,暑天
2998,热乎乎
2999,呔
3000,呕
3001,昨日
3002,呗
3003,饭
3004,启
3005,一概而论
3006,听
3007,饨
3008,理应
3009,吨
3010,吧
3011,否
3012,那里
3013,美美
3014,真真假假
3015,吠
3016,日渐
3017,吾
3018,免不得
3019,以免
3020,吴
3021,吲
3022,饲
3023,吱
3024,名
3025,眼见得
3026,头头是道
3027,得了吧
3028,沙沙
3029,同
3030,头昏脑涨
3031,后
3032,金不换
3033,合
3034,吊
3035,各
3036,克尽职守
3037,软软
3038,打翻身仗
3039,吁
3040,吝
3041,年迈体弱
3042,吟
3043,违者必究
3044,胡作非为
3045,金煌煌
3046,南面
3047,吖
3048,吗
3049,各色
3050,傍晚
3051,向
3052,吓
3053,最为
3054,似神非神
3055,居里
3056,该省
3057,己巳
3058,四季海棠
3059,灿烂夺目
3060,末##末
3061,骅
3062,自不必说
3063,一筹莫展
3064,乱乱轰轰
3065,骀
3066,热烘烘
3067,童心未泯
3068,埃
3069,年中
3070,明晃晃
3071,混淆不清
3072,偏听偏信
3073,柔情似水
3074,骋
3075,抗震救灾
3076,连跑带跳
3077,挨门挨户
3078,嘁嘁喳喳
3079,骼
3080,骺
3081,莫若
3082,埤
3083,骧
3084,祖祖辈辈
3085,骤
3086,有道是
3087,一顺儿
3088,骠
3089,哈哈哈
3090,年下
3091,兼听则明
3092,择要
3093,老少皆知
3094,垛
3095,高
3096,一边倒
3097,市尺
3098,悲观失望
3099,看看
3100,髅
3101,型
3102,惊恐万状
3103,不义之财
3104,才气横溢
3105,背面
3106,先行
3107,法拉
3108,必然
3109,白生生
3110,匀匀
3111,循环往复
3112,知足常乐
3113,到了儿
3114,麻辣
3115,再者
3116,不见得
3117,跑门串门
3118,并且
3119,垧
3120,颠倒是非
3121,蓄意
3122,并不
3123,上星期
3124,破釜沉舟
3125,坝
3126,席地
3127,坛
3128,菩萨心肠
3129,软乎乎
3130,块
3131,诸葛亮会
3132,磕磕绊绊
3133,好生生
3134,浓浓的
3135,细条条
3136,出现
3137,后者
3138,均
3139,淼茫
3140,驴年马月
3141,匆匆
3142,少顷
3143,既然
3144,劈手
3145,悲切切
3146,坶
3147,修身养性
3148,模范
3149,坨
3150,高官贵爵
3151,大步
3152,浇冷水
3153,紧跟着
3154,更型换代
3155,例行公事
3156,顺杆儿爬
3157,袖手旁观
3158,多彩多姿
3159,每份
3160,倘然
3161,屡教不改
3162,早点
3163,生殖洄游
3164,屋里
3165,终将
3166,圜
3167,www
3168,以此类推
3169,更进一步
3170,今冬
3171,黑不溜秋
3172,好端端
3173,圈
3174,一大二公
3175,背对背
3176,淡淡的
3177,单根独苗
3178,说来话长
3179,坑坑洼洼
3180,上规模
3181,圆
3182,马力
3183,圄
3184,丙未
3185,场
3186,广袤
3187,驾
3188,圾
3189,表示
3190,地
3191,驰
3192,驱
3193,驶
3194,第纳尔
3195,在
3196,两旁
3197,能否
3198,十字花科
3199,现时
3200,短小
3201,加强
3202,那口子
3203,傻高
3204,敬请光临
3205,风雪交加
3206,并没有
3207,南来北往
3208,每亩
3209,大规模
3210,立足未稳
3211,恰巧
3212,回
3213,密麻麻
3214,一阵风
3215,四
3216,囚
3217,该病
3218,九曲回肠
3219,团
3220,因
3221,首次
3222,幸亏
3223,松松垮垮
3224,园
3225,摇头摆尾
3226,囵
3227,围
3228,唱红脸
3229,囱
3230,安居乐教
3231,仅只
3232,囿
3233,各向异性
3234,固
3235,信心百倍
3236,务必
3237,赶明儿
3238,轻轻
3239,嚅
3240,嚆
3241,兵头官尾
3242,马后炮
3243,没完没了
3244,嚓
3245,志存高远
3246,那段
3247,穷开心
3248,甘苦与共
3249,雍容
3250,嚣
3251,社情民意
3252,破马张飞
3253,费尽周折
3254,精心
3255,风中之烛
3256,货畅其流
3257,每人
3258,前仆后继
3259,嚯
3260,怯头怯脑
3261,火速
3262,咸津津
3263,片瓦不全
3264,出以公心
3265,分片
3266,气壮山河
3267,拖家带口
3268,噍
3269,噌
3270,灿若星河
3271,以便
3272,面乎乎
3273,愈来愈
3274,仁以恤民
3275,申猴
3276,车上
3277,蒙混过关
3278,蓝生生
3279,生疼
3280,噔
3281,每个
3282,不畏难辛
3283,噗
3284,死记硬背
3285,彼此
3286,唱对台戏
3287,噬
3288,噫
3289,中旬
3290,噪
3291,讲排场
3292,器
3293,看起来
3294,或多或少
3295,热胀冷缩
3296,广为
3297,噢
3298,据我所知
3299,鬻
3300,走过场
3301,萧瑟
3302,噶
3303,遵照
3304,痴呆呆
3305,烈日当空
3306,嫣然
3307,清锅冷灶
3308,注意
3309,魉
3310,心领神会
3311,魈
3312,从前
3313,魏
3314,嫩鲜鲜
3315,沉沉
3316,魍
3317,起见
3318,嘎
3319,魃
3320,曲曲弯弯
3321,声如洪钟
3322,成名成家
3323,嘘
3324,心里有数
3325,丢人现眼
3326,嘛
3327,想不到
3328,尊老敬老
3329,嘞
3330,啧啧
3331,嘟
3332,顺路
3333,侧耳
3334,奔放
3335,冥思苦想
3336,一次
3337,随随便便
3338,强有力
3339,全党外
3340,世界一统
3341,方方正正
3342,嘭
3343,摇摆不定
3344,嘣
3345,软着陆
3346,全天候
3347,嘧
3348,嘤
3349,地头
3350,嘻
3351,嘿
3352,嘲
3353,浑水摸鱼
3354,去年末
3355,脸上
3356,戎马一生
3357,嘱
3358,已往
3359,嘶
3360,带头
3361,不怎么
3362,闷声不响
3363,碧油油
3364,上半晌
3365,各组
3366,顿时
3367,卖弄聪明
3368,况
3369,敞开儿
3370,三五成群
3371,紧梆梆
3372,冶
3373,决
3374,冲
3375,叽里咕噜
3376,冬
3377,病恹恹
3378,上来
3379,冯
3380,眼看
3381,不曾
3382,打小算盘
3383,关怀备至
3384,各个击破
3385,紧紧张张
3386,潮呼呼
3387,发善心
3388,齐戳戳
3389,打入冷宫
3390,球茎甘蓝
3391,之後
3392,冒
3393,他人
3394,凭空
3395,下来
3396,乙巳
3397,册
3398,再
3399,区别
3400,西线
3401,绝口
3402,鳅
3403,鳆
3404,内
3405,如临其境
3406,公之于世
3407,尚且
3408,冀
3409,凸
3410,击
3411,警钟长鸣
3412,出
3413,凰
3414,以销定产
3415,恰似
3416,长盛不衰
3417,直截了当
3418,按部就班
3419,率然
3420,喜唱乐听
3421,源源
3422,凭
3423,几
3424,凡
3425,鲡
3426,中西方
3427,他们
3428,鲦
3429,不朽
3430,煞有介事
3431,为所欲为
3432,陆相沉积
3433,各级
3434,露一手
3435,凝
3436,搭桥牵线
3437,前些年
3438,千克
3439,凋
3440,凌
3441,断然
3442,知根知底
3443,绝非
3444,净
3445,准
3446,趁人之危
3447,巨大
3448,凇
3449,大操大办
3450,细高
3451,个人崇拜
3452,儿
3453,从优
3454,黑碜碜
3455,惊喜万分
3456,有一手
3457,三缺一
3458,她家
3459,蜡黄
3460,儡
3461,常言说得好
3462,耍把戏
3463,妻儿老小
3464,明明
3465,选优淘劣
3466,三月
3467,上档次
3468,以苦为荣
3469,无比
3470,争斤论两
3471,明显
3472,上半时
3473,装疯卖傻
3474,久负盛名
3475,种种
3476,十几
3477,一样
3478,嘀噜嘟噜
3479,盘古开天地
3480,上月
3481,低人一等
3482,焦灼灼
3483,明早
3484,志愿
3485,共
3486,产后
3487,其
3488,具
3489,很早以前
3490,兹
3491,扬名天下
3492,更有甚者
3493,当然
3494,北国
3495,明日
3496,他乡
3497,陶冶性情
3498,一无所知
3499,有去无回
3500,宁愿
3501,下月
3502,全
3503,八
3504,六
3505,公
3506,兮
3507,午间
3508,身旁
3509,十分
3510,翩然而至
3511,负债累累
3512,兜
3513,元
3514,巍峨
3515,幸灾乐祸
3516,同甘共苦
3517,允
3518,河沿
3519,兆
3520,特为
3521,克
3522,光
3523,先
3524,轻装
3525,免
3526,与此同时
3527,直线
3528,只能
3529,储
3530,值得一提
3531,换句话说
3532,恣意
3533,傥
3534,精兵简政
3535,拉近乎
3536,以至于
3537,乖张
3538,自私自利
3539,喷云吐雾
3540,傺
3541,一概
3542,似真似假
3543,西北部
3544,有法不依
3545,南侧
3546,送信儿
3547,半儿
3548,自始至终
3549,英寸
3550,今儿
3551,认认真真
3552,贼忒忒
3553,看风使舵
3554,鸣不平
3555,世代相传
3556,隆庆
3557,僬
3558,足智多谋
3559,以东
3560,他俩
3561,诚然
3562,一抓到底
3563,总是
3564,大放异彩
3565,区区
3566,以下
3567,僳
3568,以上
3569,对门
3570,第一
3571,咬耳朵
3572,这么样
3573,英尺
3574,一般的说
3575,绵长
3576,似懂非懂
3577,像
3578,以为
3579,无利可图
3580,夜晚
3581,垂涎三尺
3582,扭力天平
3583,绝顶
3584,海里
3585,心明如镜
3586,择优
3587,煜煜
3588,倥
3589,平平淡淡
3590,卧床不起
3591,倡
3592,倪
3593,铁面无私
3594,东方
3595,闹嚷嚷
3596,值
3597,此间
3598,上西天
3599,就近
3600,勃勃生机
3601,忘我
3602,灰渌渌
3603,倍
3604,倏
3605,相继
3606,严父慈母
3607,决非偶然
3608,叽叽嘎嘎
3609,正好
3610,扶贫助困
3611,对内
3612,星移斗换
3613,可能
3614,正如
3615,倒
3616,倜
3617,劳而无获
3618,残酷无情
3619,各取所需
3620,借
3621,万里长征
3622,倘
3623,热哄哄
3624,通盘
3625,坚韧不拔
3626,多时
3627,遍体鳞伤
3628,穷竭心计
3629,豪歌壮鼓
3630,健
3631,吼三喝四
3632,孰能无情
3633,力所不及
3634,据称
3635,分秒必争
3636,偬
3637,漫无止境
3638,毒花花
3639,借此机会
3640,偶
3641,偷
3642,背阴处
3643,博览群书
3644,倏然
3645,偻
3646,不够意思
3647,偿
3648,尽心竭力
3649,解放前
3650,您好
3651,笑吟吟
3652,苍苍茫茫
3653,虎虎有生气
3654,第二
3655,赫赫
3656,神秘莫测
3657,亲口
3658,假
3659,略有所闻
3660,暖洋洋
3661,大名鼎鼎
3662,偌
3663,解放初
3664,偏
3665,儒雅
3666,此处
3667,市中心
3668,打得火热
3669,偕
3670,那时
3671,巍巍
3672,即是说
3673,溜滑
3674,快快
3675,将信将疑
3676,一天到晚
3677,停
3678,此外
3679,靠边儿站
3680,西北
3681,漫不经心
3682,季春
3683,厘
3684,原
3685,许许多多
3686,公元前
3687,两手
3688,千伏
3689,仅仅
3690,翻跟头
3691,一时间
3692,厌
3693,故而
3694,铁板钉钉
3695,厘米 
3696,历
3697,哭天抹泪
3698,乙寅
3699,今世
3700,各有千秋
3701,技高一筹
3702,黾
3703,晚年
3704,半世
3705,彪炳
3706,整齐划一
3707,当耳边风
3708,产前
3709,除此之外
3710,马上
3711,犹犹豫豫
3712,传说
3713,恰恰
3714,轰轰隆隆
3715,怨不得
3716,天网恢恢
3717,前沿
3718,举国上下
3719,厢
3720,戈比
3721,厥
3722,拢共
3723,上方
3724,恶性
3725,受
3726,面貌一新
3727,数得着
3728,没心拉肠
3729,乱乱哄哄
3730,发
3731,红极一时
3732,言差语错
3733,双
3734,反
3735,跑江湖
3736,第二国际
3737,吃哑巴亏
3738,从不
3739,及
3740,又
3741,确保
3742,城里
3743,参
3744,帮助
3745,不敢
3746,坏人坏事
3747,腋下
3748,叁
3749,叽
3750,麽
3751,叹
3752,司
3753,号
3754,叶
3755,范围
3756,台
3757,右
3758,召
3759,叭
3760,夸大其词
3761,可
3762,叩
3763,鼓倒掌
3764,只
3765,耍花招
3766,叫
3767,古
3768,麦
3769,所到之处
3770,路经
3771,句
3772,另
3773,斑白
3774,叠
3775,口
3776,鹑
3777,打官腔
3778,匐
3779,戒急用忍
3780,直挺挺
3781,化
3782,鹕
3783,北
3784,鹘
3785,无妄之灾
3786,独自
3787,有背景
3788,鹚
3789,玩花样
3790,屈膝忍辱
3791,匝
3792,下星期
3793,暖融融
3794,鹃
3795,老掉牙
3796,鹂
3797,鹇
3798,包
3799,鹆
3800,鹉
3801,星星
3802,鹋
3803,匏
3804,伊斯兰教
3805,那末
3806,界限量规
3807,扭亏增盈
3808,有惊无险
3809,连绵
3810,油盐酱醋柴
3811,匹
3812,的话
3813,匿
3814,匡
3815,乙子
3816,引为鉴戒
3817,耍手段
3818,清清爽爽
3819,学有专长
3820,鹩
3821,连续
3822,徒步
3823,匪
3824,无头告示
3825,匮
3826,红殷殷
3827,缘于
3828,南
3829,令人钦佩
3830,单
3831,卒
3832,一会儿
3833,还人情
3834,防止
3835,卟
3836,水上居民
3837,卜
3838,综上所述
3839,西南
3840,势必
3841,博
3842,兆赫
3843,升
3844,卅
3845,千
3846,十
3847,协
3848,甘居中游
3849,半
3850,午
3851,鸶
3852,夹道欢迎
3853,却
3854,卷
3855,主张
3856,鸳
3857,危
3858,对面
3859,片刻
3860,即
3861,七旬
3862,最后通牒
3863,泥腿子
3864,鸺
3865,久已
3866,没法
3867,鸹
3868,该片
3869,泪汪汪
3870,王谢堂前燕
3871,卦
3872,鸣
3873,占
3874,跑马卖解
3875,鸯
3876,一窝蜂
3877,理当
3878,鸪
3879,恹恹
3880,从今
3881,交口
3882,击鼓督阵
3883,南部
3884,劂
3885,这会儿
3886,安于现状
3887,己子
3888,忽忽
3889,与世隔绝
3890,力
3891,众所周知
3892,月明如镜
3893,片面
3894,铁青
3895,交叉
3896,粗里粗气
3897,个把
3898,哪怕
3899,长距离
3900,湿乎乎
3901,兵戈相见
3902,令人神往
3903,泥水选种
3904,内查外调
3905,转贴
3906,忌日
3907,务
3908,生闲气
3909,清清白白
3910,不为人知
3911,昔日
3912,先下手为强
3913,不时
3914,劲
3915,励
3916,乱纷纷
3917,轻飘飘
3918,海边
3919,空荡荡
3920,龊
3921,啊呀
3922,单个
3923,勉
3924,龉
3925,对半
3926,绿影扶疏
3927,龄
3928,勇
3929,城郊
3930,拨冗
3931,满园春色
3932,华里
3933,褴褛
3934,一路风尘
3935,多年来
3936,博古通今
3937,一颦一笑
3938,募
3939,好声好气
3940,勘
3941,卡车
3942,那边
3943,蔫不出溜
3944,打江山
3945,重于泰山
3946,黑亮
3947,一清二白
3948,大部分
3949,勒
3950,数以十万计
3951,年迈
3952,应该
3953,酸疼
3954,渔翁得利
3955,赤条条
3956,明晚
3957,闹闹哄哄
3958,前清
3959,黄澄澄
3960,执意
3961,勿
3962,瘦长
3963,叠翠
3964,进一步
3965,勺
3966,没奈何
3967,打铁趁热
3968,单一
3969,不是
3970,慕名而来
3971,恭喜发财
3972,粉扑扑
3973,死咸
3974,明晨
3975,恶意
3976,刀
3977,画虎类狗
3978,切
3979,忍痛
3980,各向同性
3981,分
3982,各类
3983,刈
3984,红澄澄
3985,刊
3986,较之
3987,走投无路
3988,死命
3989,己寅
3990,谈虎色变
3991,横加指责
3992,十一月
3993,垂危
3994,那样
3995,齐
3996,一整套
3997,上旬
3998,列
3999,一声令下
4000,雷厉风行
4001,刘
4002,不料
4003,则
4004,刚
4005,创
4006,潮乎乎
4007,缘何
4008,初
4009,荒山野岭
4010,无法
4011,不毛之地
4012,能够
4013,动真格的
4014,此地
4015,从严
4016,有头有脑
4017,掉价儿
4018,如实
4019,多样
4020,跃跃一试
4021,英名盖世
4022,明朝
4023,年逾古稀
4024,啊哟
4025,别
4026,从中
4027,利
4028,急忙忙
4029,见机而行
4030,尤为
4031,较为
4032,恶狠狠
4033,到
4034,制
4035,明末
4036,心神不安
4037,刷
4038,无上光荣
4039,刺
4040,下方
4041,刻
4042,生花之笔
4043,咱村
4044,跟脚
4045,有所为
4046,一月
4047,解放后
4048,一整天
4049,剀
4050,啊哈
4051,同等
4052,剂
4053,微秒
4054,不日
4055,即使如此
4056,凌波仙子
4057,前
4058,清幽幽
4059,有头有脸
4060,从事
4061,正在
4062,雪后
4063,闹哄哄
4064,一来
4065,七月
4066,鼓
4067,湖畔
4068,走极端
4069,剞
4070,皱巴巴
4071,岁岁年年
4072,鼙
4073,剧
4074,无所畏惧
4075,呐喊助威
4076,副
4077,晴到少云
4078,优质
4079,不着边际
4080,左岸
4081,全力以赴
4082,终夜
4083,下旬
4084,忽明忽暗
4085,进而
4086,不断
4087,游标卡尺
4088,天明
4089,从来不
4090,掌声雷动
4091,丁未
4092,牟取暴利
4093,宣布
4094,拥政爱民
4095,家家
4096,冬至
4097,若非
4098,营业性
4099,尤其
4100,嵫
4101,整旧如新
4102,暮年
4103,逭
4104,嵯
4105,婉丽
4106,日益
4107,再三
4108,逦
4109,公分
4110,立地
4111,逸
4112,逾
4113,黑糊糊
4114,豁然
4115,将近
4116,阴沉沉
4117,最高
4118,一虎势单
4119,逊
4120,全力
4121,半醒半睡
4122,私心杂念
4123,适
4124,逅
4125,风风火火
4126,快捷
4127,稳中有升
4128,逆
4129,老泪横流
4130,少男少女
4131,争取
4132,嵘
4133,通
4134,大河上下
4135,不拘
4136,逝
4137,有偿转让
4138,逞
4139,再不
4140,言不由衷
4141,速
4142,逐
4143,海外
4144,该类
4145,出水才看两腿泥
4146,天然
4147,清汤寡水
4148,遭
4149,花期
4150,绿葱葱
4151,条块结合
4152,雪亮
4153,遨
4154,隔夜
4155,崦
4156,鸡犬不宁
4157,遣
4158,遢
4159,未便
4160,明澈澈
4161,一饱眼福
4162,往往
4163,熙攘
4164,第三产业
4165,巷口
4166,本镇
4167,鼓囊囊
4168,遵
4169,随处可见
4170,四仰八叉
4171,除开
4172,再也
4173,关内
4174,遍
4175,喜洋洋
4176,遏
4177,咯吱咯吱
4178,按资排辈
4179,出门在外
4180,相持不下
4181,崇
4182,水泄不通
4183,赶时髦
4184,遁
4185,遂
4186,疙疙瘩瘩
4187,针对
4188,单单
4189,蛮横无理
4190,南北
4191,次年
4192,安安稳稳
4193,任重道远
4194,时不时
4195,就便
4196,遗
4197,罐内
4198,即便
4199,道
4200,巡
4201,那
4202,临床
4203,本人
4204,最后
4205,左
4206,邪
4207,忽悠
4208,竭力
4209,差
4210,残冬
4211,乐悠悠
4212,己
4213,巳
4214,力不胜任
4215,末代
4216,已
4217,人为
4218,巴
4219,邻
4220,单边
4221,零下
4222,整整齐齐
4223,不久以后
4224,摄氏度
4225,邀
4226,知之甚少
4227,并肩
4228,当日
4229,也好
4230,难以忍受
4231,荡人心魄
4232,该系
4233,即使
4234,事后
4235,义正词严
4236,北面
4237,无价之宝
4238,笔下
4239,没良心
4240,川
4241,高低
4242,如期
4243,静悄悄
4244,小半
4245,好戏连台
4246,幸而
4247,深有感触
4248,置诸高阁
4249,部
4250,高价
4251,仁人志士
4252,常青
4253,其内
4254,南边
4255,都
4256,内侧
4257,很难说
4258,难道
4259,说法不一
4260,我行我素
4261,抗干扰
4262,雄辩
4263,畅通无阻
4264,及至
4265,硕大
4266,郑
4267,手工
4268,榜上有名
4269,滚瓜烂熟
4270,时至今日
4271,穷则思变
4272,随处
4273,有条有理
4274,屹
4275,密匝匝
4276,片儿
4277,坝上
4278,无庸赘述
4279,人人
4280,心静如水
4281,婉言
4282,谁知
4283,屡
4284,履
4285,清嗓润肺
4286,寒露
4287,有力
4288,很快
4289,有加
4290,属
4291,当晚
4292,本乡
4293,三座大山
4294,末了
4295,本书
4296,舞文弄墨
4297,展
4298,如数
4299,相形之下
4300,怏怏
4301,勿庸置疑
4302,远程
4303,届
4304,山脚下
4305,泛泛
4306,兜里
4307,晨昏
4308,己酉
4309,局
4310,层
4311,刹风整纪
4312,识时务
4313,意莫高于爱民
4314,人们
4315,尾
4316,酾
4317,一得之愚
4318,干干净净
4319,尽
4320,当时
4321,尺
4322,酹
4323,拔苗助长
4324,能歌善舞
4325,哪年
4326,地区
4327,酷
4328,酰
4329,委实
4330,就
4331,酬
4332,看人下菜
4333,隆隆
4334,扭亏解困
4335,连鬓胡子
4336,尬
4337,村边
4338,不管三七二十一
4339,公升
4340,丙戌
4341,尤
4342,酡
4343,群防群治
4344,尜
4345,超低空
4346,黑糁糁
4347,薄命
4348,尚
4349,晦暗
4350,期间
4351,尔
4352,甚而
4353,自给有余
4354,少
4355,接着
4356,嘎登
4357,甚者
4358,蔫蔫唧唧
4359,小
4360,皆可
4361,酌
4362,拍手叫好
4363,酊
4364,全速
4365,尊
4366,将
4367,不成方圆
4368,封
4369,中心
4370,初秋
4371,这种
4372,由此可知
4373,五花大绑
4374,少刻
4375,峰
4376,精工细作
4377,一旁
4378,寂寂
4379,月初
4380,窄幅
4381,一口气
4382,单向
4383,超级
4384,西侧
4385,寺里
4386,心头
4387,欺行霸市
4388,晚期
4389,死力
4390,上半夜
4391,公厘
4392,一旦
4393,醐
4394,一无
4395,峙
4396,超绝
4397,一早
4398,冷飕飕
4399,风剥雨蚀
4400,变幻无常
4401,拿架子
4402,一时
4403,走马灯
4404,畏强欺弱
4405,市中区
4406,意料之中
4407,一举两得
4408,峋
4409,无人过问
4410,醍
4411,各种
4412,半道
4413,各科
4414,油然
4415,玩儿不转
4416,对内搞活
4417,完成
4418,熨熨贴贴
4419,什么
4420,一清早
4421,美景良辰
4422,我方
4423,拉皮条
4424,有利
4425,又红又专
4426,花言巧语
4427,如此一来
4428,岖
4429,顾虑重重
4430,分米
4431,东西方
4432,脉脉含情
4433,人才辈出
4434,金
4435,两肋插刀
4436,爪部
4437,刷白
4438,粗声粗气
4439,要不是
4440,记忆犹新
4441,市区
4442,岁
4443,适用
4444,一多半
4445,隔壁
4446,岂
4447,稳中有降
4448,吃现成
4449,差一点
4450,里
4451,重
4452,军中
4453,气呼呼
4454,释
4455,大踏步
4456,敌分我袭
4457,妙趣横生
4458,不惟
4459,没成想
4460,此后
4461,支楞楞
4462,疾步
4463,情文并茂
4464,暂时
4465,其他
4466,鸡年
4467,胆怯怯
4468,交互
4469,疲惫不堪
4470,我是
4471,花里胡哨
4472,归
4473,顺理成章
4474,产中
4475,几经
4476,当
4477,男女老幼
4478,彭
4479,蜂拥而来
4480,扎扎实实
4481,彪
4482,锃亮
4483,俯首称臣
4484,天下大乱
4485,片中
4486,形
4487,彼
4488,绝无此意
4489,蓝澄澄
4490,一手
4491,兴许
4492,彻
4493,避重就轻
4494,昏昏欲睡
4495,影
4496,彳
4497,正面
4498,云山雾罩
4499,仰韶文化
4500,无私
4501,弈
4502,戊未
4503,式
4504,恩恩爱爱
4505,号啕大哭
4506,弃
4507,异
4508,开
4509,立夏
4510,木头疙瘩
4511,顶刮刮
4512,有起色
4513,雨夹雪
4514,退而结网
4515,耍花枪
4516,弛
4517,抗拒从严
4518,之外
4519,丁戌
4520,排忧解难
4521,弑
4522,战斗
4523,弗
4524,引
4525,事先
4526,羞羞答答
4527,整天价
4528,瘦干
4529,茫然不解
4530,血淋淋
4531,当月
4532,弯
4533,反而
4534,满堂红
4535,务期
4536,初生之犊
4537,弥
4538,穷追猛打
4539,促膝交谈
4540,自顶向下
4541,徐徐
4542,凝练
4543,强
4544,躬逢其盛
4545,稳步
4546,弱
4547,歪歪斜斜
4548,癸酉
4549,鉴
4550,忆
4551,com
4552,咋咋呼呼
4553,必
4554,千卡
4555,具体
4556,满满
4557,那么着
4558,巩固
4559,忉
4560,志
4561,不慎
4562,忒
4563,忑
4564,严以律己
4565,其余
4566,忝
4567,不堪重负
4568,权且
4569,民心向背
4570,忘
4571,辣乎乎
4572,千升
4573,当着
4574,朝三暮四
4575,麻苏苏
4576,忧
4577,忠
4578,忡
4579,再行
4580,守株待兔
4581,这么着
4582,闹翻天
4583,忪
4584,快
4585,亟待解决
4586,矮墩墩
4587,忽
4588,黑下脸
4589,阔步
4590,政企不分
4591,障人眼目
4592,过日子
4593,横竖
4594,往
4595,来说
4596,国外
4597,徇
4598,当真
4599,待
4600,徊
4601,律
4602,未免
4603,非同寻常
4604,很
4605,户户
4606,徉
4607,不愧
4608,若干
4609,徒
4610,第一把手
4611,耍赖皮
4612,得
4613,不意
4614,徕
4615,瘦高
4616,徙
4617,直至
4618,御
4619,利用
4620,理合
4621,徨
4622,循
4623,四座宾朋
4624,微
4625,向着
4626,或是
4627,慢慢腾腾
4628,沿海
4629,场内
4630,年节
4631,战时
4632,它是
4633,午前
4634,难舍难离
4635,救危排险
4636,这笔
4637,小量
4638,颀长
4639,幕
4640,徒然
4641,稳拿把攥
4642,要不
4643,出尘脱俗
4644,乐滋滋
4645,为民造福
4646,幅
4647,残兵败将
4648,风雨交加
4649,万丈深渊
4650,四处奔波
4651,依依惜别
4652,来讲
4653,广
4654,空前绝后
4655,幽
4656,正北
4657,午后
4658,第一手
4659,幻
4660,幸
4661,余可类推
4662,并
4663,年
4664,岳南区
4665,干
4666,需要
4667,不懈
4668,即令
4669,左不过
4670,火海刀山
4671,可锻铸铁
4672,蓝幽幽
4673,不畏强暴
4674,情不自禁
4675,顶层
4676,幢
4677,稀烂
4678,语重情长
4679,慢悠悠
4680,帘
4681,帙
4682,帜
4683,木呆呆
4684,唧唧
4685,一溜儿
4686,猛然
4687,帐
4688,加把劲
4689,帖
4690,事前
4691,不可告人
4692,只管
4693,第三国际
4694,老老实实
4695,村务公开
4696,古已有之
4697,布
4698,帅
4699,要么
4700,别的
4701,宁缺毋滥
4702,正南
4703,伤其十指不如断其一指
4704,二则
4705,常
4706,按质论价
4707,帼
4708,苦心
4709,甭管
4710,鼓鼓的
4711,市郊
4712,动感情
4713,动不动
4714,正午
4715,费口舌
4716,来龙去脉
4717,鍪
4718,帮
4719,如林
4720,鼠目寸光
4721,现如今
4722,按说
4723,如果
4724,帧
4725,水汪汪
4726,少量
4727,前程锦绣
4728,中年
4729,猝然
4730,癸辰
4731,引黄灌区
4732,酸臭
4733,停薪留职
4734,昼伏夜出
4735,此风
4736,雄图大略
4737,成年累月
4738,尔后
4739,好说歹说
4740,健步如飞
4741,轻松松
4742,延
4743,初露头角
4744,哪家
4745,廿
4746,翠绿
4747,机上
4748,且慢
4749,胡思乱想
4750,斗胆
4751,亮晃晃
4752,隐隐
4753,找出路
4754,庸庸碌碌
4755,您们
4756,妥妥贴贴
4757,瓦蓝
4758,协力
4759,财大气粗
4760,下手
4761,底
4762,满满当当
4763,应
4764,不成
4765,奇功伟业
4766,端午
4767,高歌猛进
4768,血本无归
4769,束手束脚
4770,设若
4771,茫茫然
4772,叮呤当啷
4773,略略
4774,庆
4775,庇
4776,序
4777,上手
4778,拿大顶
4779,萧索
4780,庹
4781,解困扶贫
4782,滚热
4783,完好无恙
4784,滚烫
4785,度
4786,伴随
4787,座
4788,令人不安
4789,直上云霄
4790,却不
4791,蛇年
4792,风狂雨骤
4793,鄙人
4794,无事忙
4795,大
4796,定时
4797,重点
4798,夭
4799,煞风景
4800,央
4801,稀稀疏疏
4802,天
4803,物美价廉
4804,夫
4805,擦屁股
4806,太
4807,头
4808,拉家带口
4809,相互之间
4810,毫不动摇
4811,动荡不安
4812,点点滴滴
4813,不幸
4814,所向披靡
4815,一望无垠
4816,此刻
4817,炉火纯青
4818,南国
4819,怎麽
4820,振兴中华
4821,共产国际
4822,此前
4823,备
4824,处
4825,比较
4826,血糊糊
4827,虎跃龙腾
4828,释然
4829,夏
4830,一总
4831,执法不严
4832,复
4833,海岸
4834,泱泱
4835,急性
4836,家门
4837,外
4838,碍手碍脚
4839,夕
4840,云云
4841,欧姆
4842,重富欺贫
4843,够
4844,斗志昂扬
4845,每逢
4846,夜
4847,多
4848,总后方
4849,奠
4850,即可
4851,实施
4852,敲诈勒索
4853,幽幽咽咽
4854,怦怦
4855,午夜
4856,滔滔
4857,得天独厚
4858,自学成才
4859,百分
4860,斩头去尾
4861,哑口无言
4862,先前
4863,她
4864,好
4865,场场
4866,盛名难负
4867,尽力
4868,奋
4869,属于
4870,奈
4871,摇摇晃晃
4872,调质处理
4873,马马虎虎
4874,清凌凌
4875,张冠李戴
4876,必定
4877,磕磕碰碰
4878,脸上无光
4879,契
4880,套
4881,肥囊囊
4882,奔
4883,助人为乐
4884,底部
4885,宽宏大量
4886,说破嘴
4887,敬老养老
4888,明清
4889,铭
4890,啪达
4891,妤
4892,铧
4893,传闻
4894,素以
4895,铢
4896,铣
4897,才思敏捷
4898,玩花招
4899,铿
4900,一般地说
4901,链
4902,壬申
4903,铺
4904,顺序
4905,定额
4906,令人生厌
4907,见棱见角
4908,终年
4909,郁郁
4910,举止端庄
4911,急巴巴
4912,妆
4913,多吃多占
4914,妄
4915,铆
4916,上半年
4917,如
4918,心潮翻腾
4919,各省
4920,妁
4921,铃
4922,该社
4923,铞
4924,绝对
4925,有余
4926,铘
4927,铛
4928,坚持不懈
4929,兵连祸结
4930,纵情
4931,此消彼长
4932,更其
4933,低速
4934,此剧
4935,泪盈盈
4936,大公无私
4937,逐渐
4938,套近乎
4939,钦
4940,钧
4941,钤
4942,网上
4943,择优录用
4944,不耻下问
4945,五代
4946,罐中
4947,不堪一击
4948,活脱脱
4949,急忙
4950,窗外
4951,庚辰
4952,一方面
4953,滴滴答答
4954,杀身之祸
4955,吃豆腐
4956,钱
4957,浅黄
4958,绝少
4959,癸午
4960,针
4961,始
4962,丙巳
4963,全优
4964,心甘情愿
4965,万死不辞
4966,徒手
4967,公亩
4968,冷清清
4969,姆
4970,自个儿
4971,有两下子
4972,长大成人
4973,必将
4974,人头熟
4975,东邻西舍
4976,花容玉貌
4977,姑
4978,癸卯
4979,委
4980,其一
4981,于是乎
4982,堵
4983,独立自主
4984,威兴我荣
4985,全身心
4986,少许
4987,亲如一家
4988,长
4989,有人
4990,故步自封
4991,两岸
4992,烟熏火燎
4993,夜深
4994,其三
4995,业已
4996,河畔
4997,一辈子
4998,下半夜
4999,一锅端
5000,戊戌
5001,赶潮流
5002,堪
5003,就势
5004,镗
5005,照样
5006,党内
5007,镒
5008,尽先
5009,适销对路
5010,镑
5011,系列
5012,兜儿
5013,举止文雅
5014,不得
5015,投入
5016,寥寥
5017,争先恐后
5018,一片生机
5019,下半天
5020,镆
5021,再者说
5022,堆
5023,关于
5024,直溜溜
5025,恰恰相反
5026,堂
5027,顺带
5028,十年九旱
5029,镌
5030,病病歪歪
5031,集中
5032,稳定平衡
5033,其中
5034,潜心
5035,叮当作响
5036,立刻
5037,鹏城
5038,千赫
5039,锵
5040,相差无几
5041,说鬼话
5042,黑幢幢
5043,哈哈大笑
5044,突飞猛进
5045,锹
5046,从古至今
5047,锻
5048,锾
5049,莫不
5050,百依百顺
5051,推涛作浪
5052,呕心沥血
5053,锤
5054,情真意挚
5055,经常
5056,郊外
5057,锭
5058,不必
5059,不得了
5060,十足
5061,紫巍巍
5062,信口开河
5063,塑
5064,锖
5065,说得来
5066,放冷箭
5067,有些
5068,退居二线
5069,勤政廉政
5070,时缺时剩
5071,锅
5072,庚酉
5073,总之
5074,怯怯
5075,若是
5076,不可分割
5077,怎么着
5078,名难副实
5079,闭关自守
5080,墼
5081,分期分批
5082,先后
5083,中小
5084,间
5085,闶
5086,细致入微
5087,这时候
5088,半夜
5089,鬼节
5090,滚滚
5091,终归
5092,门
5093,其二
5094,丰富
5095,墩
5096,瑰丽
5097,满清
5098,转瞬间
5099,半天
5100,细心
5101,不怕
5102,碍于情面
5103,千古不灭
5104,增
5105,最佳
5106,贼亮
5107,无意识
5108,想当年
5109,有几下子
5110,耍花样
5111,生拉硬拽
5112,大饱眼福
5113,响当当
5114,墅
5115,见不得人
5116,中层
5117,心潮难平
5118,壹
5119,微微
5120,于心不忍
5121,鼻青脸肿
5122,有机合成
5123,人头攒动
5124,声
5125,额外
5126,汗流浃背
5127,壶
5128,西南部
5129,争先
5130,多管闲事
5131,逐村逐户
5132,开后门
5133,乌烟瘴气
5134,立冬
5135,有何不可
5136,温故知新
5137,舒缓
5138,虬曲挺秀
5139,空舍清野
5140,一时半晌
5141,蹲班房
5142,毫无疑问
5143,该矿
5144,赞叹不已
5145,不得不
5146,海底
5147,毋庸赘言
5148,月中
5149,天罗地网
5150,急煎煎
5151,翩翩
5152,壁
5153,彼时
5154,实事求是
5155,乙卯
5156,牵线搭桥
5157,山上
5158,简简单单
5159,鱼水情深
5160,成批
5161,陂
5162,无奈何
5163,本月底
5164,山下
5165,际
5166,总会
5167,左面
5168,现成
5169,陆
5170,鸡口牛后
5171,陈
5172,嬉
5173,甚笃
5174,比起
5175,降
5176,耀武扬威
5177,兴风作浪
5178,一带
5179,畅行无阻
5180,总得
5181,引敌他顾
5182,蔫头耷脑
5183,手到病除
5184,瞬息间
5185,陧
5186,喘嘘嘘
5187,目不忍睹
5188,丁巳
5189,除
5190,全都
5191,自寻烦恼
5192,陨
5193,陶
5194,寥廓
5195,左右
5196,老少无欺
5197,各界
5198,花里胡梢
5199,乙午
5200,全部
5201,北岸
5202,慢慢悠悠
5203,阅
5204,阆
5205,一并
5206,自作主张
5207,融融
5208,总体
5209,措手不及
5210,阂
5211,往时
5212,阏
5213,阊
5214,阕
5215,字
5216,正值
5217,不能不
5218,孔
5219,孕
5220,阐
5221,卷内
5222,孓
5223,子
5224,阴森森
5225,往日
5226,队
5227,孚
5228,无疑
5229,阙
5230,一点儿
5231,挑灯夜战
5232,对岸
5233,红艳艳
5234,层叠
5235,学
5236,有关
5237,阢
5238,包购包销
5239,季
5240,丙子
5241,百倍
5242,领导有方
5243,阵
5244,孰
5245,走红运
5246,厚茸茸
5247,阱
5248,阿
5249,与人为善
5250,乒乒乓乓
5251,阻
5252,又哭又闹
5253,宋
5254,安
5255,宏
5256,连成一片
5257,痴痴呆呆
5258,寒风料峭
5259,它
5260,姣好
5261,哪天
5262,宁
5263,自取灭亡
5264,雅
5265,宄
5266,集
5267,只说不做
5268,宛
5269,独门独户
5270,定
5271,团团转
5272,昂然
5273,实
5274,毫无保留地
5275,宁死不屈
5276,宜
5277,一度
5278,并非如此
5279,宗
5280,中央
5281,充其量
5282,雪
5283,扶优扶强
5284,年间
5285,嶙峋
5286,雨
5287,小偷小摸
5288,往昔
5289,她是
5290,忽闪忽闪
5291,正当防卫
5292,闹脾气
5293,百感交集
5294,颠三倒四
5295,心余力绌
5296,坚决
5297,再说
5298,无由
5299,拥军优属
5300,中外
5301,宿
5302,鹅毛大雪
5303,雳
5304,区内外
5305,约摸
5306,宵
5307,宴
5308,零
5309,家
5310,没什么
5311,富
5312,如临大敌
5313,随
5314,技压群雄
5315,隋
5316,数以千计
5317,蓬莱仙境
5318,察
5319,总归
5320,寞
5321,即兴
5322,寝
5323,一本正经
5324,急剧
5325,劳民伤财
5326,那年
5327,寓
5328,软绵绵
5329,隐
5330,胆战心惊
5331,今年底
5332,乱蓬蓬
5333,寐
5334,要不得
5335,忽地
5336,一夜间
5337,羞答答
5338,迄今为止
5339,那幅
5340,稀稀拉拉
5341,导
5342,难
5343,隽
5344,寿
5345,漂漂亮亮
5346,处理
5347,对
5348,丙寅
5349,捞一把
5350,寸
5351,寻
5352,令人羡慕
5353,吃香喝辣
5354,分进合击
5355,穿小鞋
5356,最初
5357,建章立制
5358,时风时雨
5359,易地做官
5360,时有时无
5361,红赤赤
5362,光彩耀目
5363,热闹非凡
5364,静
5365,非
5366,充分
5367,娜
5368,孤军奋战
5369,皆大欢喜
5370,并非
5371,百态纷呈
5372,强颜欢笑
5373,娅
5374,期中
5375,四世同堂
5376,娆
5377,一储到底
5378,心底
5379,长长的
5380,娌
5381,娲
5382,娱
5383,靶
5384,短期
5385,市内
5386,独立
5387,靼
5388,首战告捷
5389,靡
5390,靠
5391,屋内
5392,面
5393,一展风采
5394,红绳系足
5395,一网打尽
5396,革
5397,娩
5398,悠远
5399,婕
5400,处变不惊
5401,迎难而上
5402,三天两头
5403,宝中之宝
5404,公里
5405,光光
5406,扶贫济困
5407,径直
5408,婚
5409,距离
5410,罢了
5411,丁当
5412,科班出身
5413,霁
5414,需
5415,不巧
5416,北部
5417,婉
5418,耐人深思
5419,饱经风霜
5420,婷
5421,迷迷忽忽
5422,归根到底
5423,油腻腻
5424,平等互利
5425,费工夫
5426,定期
5427,有偿
5428,霸
5429,万年
5430,质朴无华
5431,己卯
5432,闹风潮
5433,曲水流觞
5434,亮闪闪
5435,难免
5436,不甘落后
5437,北郊
5438,前车之覆
5439,婪
5440,如此这般
5441,霪
5442,以礼相待
5443,感慨不已
5444,媛
5445,媚
5446,自流灌溉
5447,大手笔
5448,没关系
5449,上年
5450,无瑕
5451,此信
5452,异想天开
5453,徒子徒孙
5454,即刻
5455,就要
5456,气乎乎
5457,互不
5458,己午
5459,山洪暴发
5460,鼓舞
5461,孜孜以求
5462,恰如
5463,虎视眈眈
5464,一律
5465,不已
5466,扩大
5467,干到底
5468,立即
5469,韪
5470,随地
5471,实时
5472,最先
5473,楼下
5474,楼上
5475,恰好
5476,久仰大名
5477,互为
5478,本队
5479,逞英雄
5480,嫒
5481,腹内
5482,于今
5483,嫉
5484,照旧
5485,连着
5486,鞅
5487,更加
5488,浑头浑脑
5489,硬邦邦的
5490,说不上
5491,不常
5492,下年
5493,势单力薄
5494,鞴
5495,一心
5496,流觞曲水
5497,鞲
5498,一连串
5499,抢购一空
5500,组成
5501,鞯
5502,清凉凉
5503,得寸进尺
5504,平平稳稳
5505,心事重重
5506,鞠
5507,亏了
5508,一锅粥
5509,装门面
5510,暨
5511,转脸
5512,暮
5513,青青
5514,凉丝丝
5515,纵步
5516,肃然
5517,深入
5518,暹
5519,运用
5520,大多数
5521,这一来
5522,化害为利
5523,暂
5524,天赐良机
5525,大片大片
5526,一揽子
5527,上空
5528,骂骂咧咧
5529,分批
5530,葱绿
5531,泪流满面
5532,漫漫
5533,暌
5534,山巅
5535,毫安
5536,暑
5537,乱成一团
5538,暖
5539,打圈子
5540,美元
5541,相依相克
5542,代表
5543,如此
5544,首先
5545,急急巴巴
5546,以工代干
5547,般般
5548,海内外
5549,混日子
5550,现场
5551,嚣张气焰
5552,瞬刻
5553,每年
5554,使用
5555,更
5556,下辈子
5557,深冬
5558,曰
5559,曲
5560,曾
5561,兴冲冲
5562,替
5563,空无一人
5564,听风是雨
5565,定睛
5566,到目前为止
5567,笔挺
5568,紧绷绷
5569,书面
5570,步步
5571,黑蒙蒙
5572,双百
5573,结果
5574,一班人
5575,回合
5576,以身作则
5577,四周
5578,加倍
5579,伟大
5580,曝
5581,娓娓
5582,晚上
5583,嘈嘈杂杂
5584,塘边
5585,昨
5586,中上游
5587,昭
5588,是
5589,不禁
5590,先秦
5591,毋庸
5592,岁尾
5593,春
5594,岂非
5595,昼
5596,累死累活
5597,怒目而视
5598,哪边
5599,白净净
5600,撕破脸
5601,昵
5602,何况
5603,后来居上
5604,扬长补短
5605,斑斑
5606,平坦坦
5607,中下游
5608,斑斓
5609,率尔
5610,以往
5611,明
5612,昏
5613,一试身手
5614,昂
5615,塞北
5616,间不容发
5617,皇皇
5618,鹤立鸡群
5619,累年
5620,一般来说
5621,按计划
5622,现在
5623,伤者
5624,易
5625,依照
5626,昔
5627,我家
5628,不亦乐乎
5629,景
5630,晨
5631,晤
5632,索性
5633,何种
5634,嗲声嗲气
5635,礼拜天
5636,自觉
5637,任人摆布
5638,大包干
5639,尽职尽责
5640,做东道
5641,以後
5642,洋洋
5643,晌
5644,晋
5645,如水
5646,风雨无阻
5647,要求
5648,依然
5649,失道寡助
5650,热呼呼
5651,晚
5652,抖威风
5653,晓
5654,此次
5655,你一言我一语
5656,大门口
5657,时时刻刻
5658,前所未闻
5659,广大
5660,架
5661,劈里啪啦
5662,瞬即
5663,急转弯
5664,体内
5665,不至于
5666,措置得宜
5667,几时
5668,枪
5669,尚未
5670,千儿八百
5671,葱翠
5672,析
5673,低空
5674,该机
5675,百折不挠
5676,箱内
5677,漠不相关
5678,时紧时松
5679,敦敦实实
5680,彩旗猎猎
5681,枚
5682,日以继夜
5683,数次
5684,果
5685,枝
5686,方才
5687,生儿育女
5688,此法
5689,极
5690,倘或
5691,更何况
5692,构
5693,爱才如命
5694,流于形式
5695,普通
5696,枉
5697,婚前
5698,杂草丛生
5699,洗劫一空
5700,加仑
5701,同流合污
5702,去秋
5703,何其
5704,清丽
5705,干劲冲天
5706,柱
5707,柽
5708,是否
5709,部分
5710,保家卫国
5711,外面儿光
5712,加以
5713,身后
5714,匀速
5715,看家本领
5716,交替
5717,颓然
5718,漠漠
5719,留退路
5720,窄巴巴
5721,平平安安
5722,前夕
5723,不足为怪
5724,众多
5725,三秋
5726,某
5727,军民鱼水深情
5728,凡是
5729,柒
5730,昼间
5731,看上去
5732,前夜
5733,引黄入晋
5734,事不宜迟
5735,转而
5736,柄
5737,具体地说
5738,默化潜移
5739,前天
5740,柃
5741,晴到多云
5742,不祥
5743,长长
5744,时效处理
5745,前头
5746,毫无用处
5747,机
5748,溜溜光
5749,岸边
5750,稍胜一筹
5751,回天无力
5752,幸好
5753,蓦然
5754,步步为营
5755,河外星系
5756,莫非
5757,埋三怨四
5758,朵
5759,伊始
5760,不仅如此
5761,未
5762,减收增支
5763,末
5764,着意
5765,蔫蔫乎乎
5766,戊子
5767,即若
5768,本
5769,山水田林路
5770,札
5771,雄浑
5772,最终
5773,大队人马
5774,望
5775,朝
5776,山顶
5777,期
5778,批量
5779,普渡众生
5780,吃喝玩乐
5781,有
5782,每当
5783,流光溢彩
5784,譬如说
5785,服
5786,颤颤悠悠
5787,一方平安
5788,最
5789,成千成万
5790,板
5791,迅疾
5792,曾经
5793,头高头低
5794,淡泊名利
5795,本社
5796,杷
5797,哀婉
5798,山颠
5799,纯正
5800,棒硬
5801,普遍
5802,对此
5803,贪大求全
5804,一身清白
5805,杯
5806,维持
5807,咫尺之间
5808,滑头滑脑
5809,掠夺式
5810,杩
5811,了此一生
5812,公私兼顾
5813,来
5814,半惊半喜
5815,条
5816,贼溜溜
5817,看来
5818,杜
5819,束
5820,美滋滋
5821,臭乎乎
5822,不尽然
5823,众口一词
5824,尔格
5825,材
5826,旧岁
5827,青翠欲滴
5828,戊寅
5829,无形中
5830,爬格子
5831,撒酒疯
5832,多种
5833,极而言之
5834,杆
5835,令人担忧
5836,至关紧要
5837,早就
5838,撇
5839,周日
5840,撂
5841,经营不善
5842,捅马蜂窝
5843,的确
5844,攻心为上
5845,永垂青史
5846,尖溜溜
5847,以防不测
5848,天山南北
5849,清晰可见
5850,灰沉沉
5851,饭后
5852,毫无办法
5853,撮
5854,不声不响
5855,才学超群
5856,动手动脚
5857,春分
5858,饥寒交迫
5859,撷
5860,撰
5861,成天
5862,逐步
5863,再接再厉
5864,皑皑
5865,会做人
5866,擅
5867,轻言细语
5868,野鹤闲云
5869,私下
5870,略微
5871,刚才
5872,镇上
5873,粘糊糊
5874,残羹剩饭
5875,冷不丁
5876,倾盆而降
5877,工工整整
5878,照理讲
5879,丢盔弃甲
5880,擞
5881,京郊
5882,秋月当空
5883,一骨碌
5884,话中有话
5885,成套
5886,矮矮墩墩
5887,着着实实
5888,慢慢吞吞
5889,能说会道
5890,逐次
5891,趁着
5892,蓝盈盈
5893,稍逊风骚
5894,成百上千
5895,陪笑脸
5896,搏
5897,花花哨哨
5898,莫过于
5899,袅袅
5900,怎么样
5901,谅必
5902,偏巧
5903,搂
5904,扭转形变
5905,生来
5906,不管
5907,哪里
5908,真是
5909,国内
5910,迥然
5911,惹麻烦
5912,卸担子
5913,为数不多
5914,准确无误
5915,恍恍忽忽
5916,素常
5917,同呼吸共命运
5918,逐字逐句
5919,丝绸之路
5920,摊
5921,摈
5922,唯一
5923,起码
5924,寂然
5925,垂死
5926,红丹丹
5927,烂舌头
5928,以西
5929,摄
5930,阴险毒辣
5931,一年到头
5932,罗织罪名
5933,千伶百俐
5934,摞
5935,劈啪
5936,新老交替
5937,方式
5938,摒
5939,馆内
5940,洪武
5941,老街旧邻
5942,病殃殃
5943,长期以来
5944,志在必行
5945,分清主次
5946,实实在在
5947,摧
5948,顿然
5949,摹
5950,从古到今
5951,令人满意
5952,尽如人意
5953,薄薄的
5954,困难重重
5955,岸区
5956,凭栏
5957,兴旺发达
5958,多如牛毛
5959,每镇
5960,哼哧
5961,斗
5962,血性汉子
5963,斓
5964,谈古论今
5965,默默不语
5966,料
5967,小暑
5968,斛
5969,文
5970,墩墩实实
5971,各奔前程
5972,行为
5973,斌
5974,捎带脚儿
5975,无宁
5976,肺腑之言
5977,近年来
5978,岭南
5979,新
5980,本省
5981,横眉竖眼
5982,以假充真
5983,眼冒金星
5984,於
5985,施
5986,憨态可掬
5987,绿生生
5988,方
5989,斥
5990,大略
5991,斤
5992,偏颇
5993,性骚扰
5994,呼吸与共
5995,斯
5996,断
5997,天生
5998,斫
5999,痛切
6000,水漫金山
6001,不破不立
6002,尽情
6003,屡屡
6004,到底
6005,图文并茂
6006,在下
6007,出生入死
6008,整年累月
6009,旁
6010,就手
6011,旅
6012,猛然间
6013,零星
6014,旋
6015,内外部
6016,供不起
6017,全盘
6018,族
6019,旎
6020,群起
6021,时
6022,旷
6023,漠然
6024,校外
6025,终日
6026,铁证如山
6027,绿沉沉
6028,少时
6029,既
6030,民富国强
6031,无
6032,将来
6033,旦
6034,日
6035,这点
6036,当炮灰
6037,俺村
6038,早
6039,何等
6040,旯
6041,湿漉漉
6042,想不开
6043,旬
6044,加元
6045,赖以为生
6046,攘
6047,亲如兄弟
6048,上端
6049,蹲点跑面
6050,寒冬腊月
6051,死死
6052,打饱嗝儿
6053,如上所述
6054,那天
6055,肥墩墩
6056,晕晕乎乎
6057,周末
6058,魂兮归来
6059,当口儿
6060,无可奈何
6061,娉婷
6062,引以自豪
6063,乱弹琴
6064,甜腻腻
6065,支
6066,庚卯
6067,优良
6068,离合悲欢
6069,好歹
6070,敬请斧正
6071,忙忙碌碌
6072,换言之
6073,松松散散
6074,教
6075,敛
6076,敝
6077,高耸入云
6078,非正式
6079,抗日救亡
6080,敕
6081,隔三差五
6082,冲昏头脑
6083,因而
6084,敖
6085,效
6086,堂堂皇皇
6087,敌
6088,沿着
6089,天晓得
6090,亲身
6091,哼唷
6092,故
6093,四围
6094,沉甸甸
6095,奋笔疾书
6096,加入
6097,本着
6098,笑嘻嘻
6099,北边
6100,提早
6101,数
6102,整
6103,泰然
6104,伏安
6105,专程
6106,敢
6107,兴衰成败
6108,烟雾弥漫
6109,持续
6110,长途跋涉
6111,如次
6112,拭
6113,亲手
6114,拯
6115,阳刚之气
6116,绿莹莹
6117,等闲
6118,常有
6119,顺着
6120,拨
6121,依此类推
6122,鬼迷心窍
6123,地上
6124,独独
6125,地下
6126,难割难舍
6127,大锅水
6128,寸草寸金
6129,霎时间
6130,何事
6131,无凭无据
6132,以小见大
6133,自产自销
6134,拾
6135,拿
6136,眼底下
6137,拷
6138,拱
6139,单枪匹马
6140,拳
6141,庚子
6142,盎然
6143,惊蛰
6144,逢年过节
6145,拍
6146,任劳任怨
6147,二月
6148,吨公里
6149,打圆场
6150,担
6151,多多益善
6152,历久弥新
6153,小打小闹
6154,招
6155,黑红
6156,拘
6157,拒
6158,惊天地
6159,多云到阴
6160,桥下
6161,徇私舞弊
6162,消费资料
6163,抬
6164,哼哼哈哈
6165,顷刻间
6166,烈烈
6167,鼎盛
6168,烂熟
6169,抹
6170,占上风
6171,入秋
6172,永不
6173,贫富悬殊
6174,永世
6175,抱
6176,倏忽
6177,满当当
6178,尽快
6179,才华绝代
6180,把
6181,旱年
6182,抉
6183,努力
6184,无意间
6185,脱贫致富
6186,知己知彼
6187,渺无人烟
6188,少数
6189,抚
6190,折
6191,它的
6192,幽幽
6193,一瞬
6194,身处
6195,该所
6196,葱茏
6197,抒
6198,抑
6199,东方不亮西方亮
6200,慨当以慷
6201,出难题
6202,高官厚禄
6203,分期
6204,急湍湍
6205,执
6206,顶呱呱
6207,见风是雨
6208,无怪
6209,嘴里
6210,季节洄游
6211,扬
6212,毫微米
6213,无性
6214,何不
6215,扩
6216,正月
6217,之间
6218,脏乎乎
6219,扼
6220,团团
6221,承
6222,批
6223,前年
6224,扇
6225,民初
6226,比如
6227,所
6228,幼年
6229,出手不凡
6230,风急浪大
6231,雷鸣电闪
6232,才
6233,手
6234,重甸甸
6235,晌午
6236,说了算
6237,于是
6238,境内外
6239,无恙
6240,打
6241,年事已高
6242,扑
6243,新春
6244,决然
6245,吃一堑
6246,饥肠辘辘
6247,长途
6248,枯黄
6249,在于
6250,托
6251,毁于一旦
6252,戡
6253,顺溜溜
6254,拦腰
6255,之际
6256,瘦棱棱
6257,敌众我寡
6258,实现
6259,太空
6260,截
6261,且不说
6262,一齐
6263,孤独独
6264,白茫茫
6265,七嘴八舌
6266,由上至下
6267,户
6268,秋毫之末
6269,若果
6270,水下
6271,水上
6272,亮节高风
6273,小时
6274,不尽人意
6275,灰溜溜
6276,白不拉几
6277,清仓查库
6278,戊
6279,戋
6280,声名远播
6281,一眼
6282,璀璨
6283,小春
6284,湛蓝
6285,戏
6286,戍
6287,公诸于世
6288,迅猛
6289,长远
6290,出尔反尔
6291,我
6292,成
6293,戗
6294,水中
6295,或
6296,嘉靖
6297,照常
6298,无可奉告
6299,甚或
6300,成心
6301,战
6302,哇哇
6303,有目共睹
6304,傻呵呵
6305,改邪归正
6306,哈哈
6307,暂且
6308,援
6309,毛骨悚然
6310,黑楂楂
6311,心心相连
6312,七百
6313,鲜红
6314,体体面面
6315,安然处之
6316,深水炸弹
6317,若要人不知
6318,昨夜
6319,今年
6320,夸海口
6321,厉行节俭
6322,村容村貌
6323,怪模怪样
6324,那麽
6325,揖
6326,提
6327,东西南北
6328,礼拜四
6329,哎呀
6330,摘帽子
6331,够意思
6332,一直
6333,有缘分
6334,我市
6335,花天酒地
6336,年年
6337,镇区
6338,篮下
6339,屡战屡胜
6340,绝大部分
6341,掳
6342,卖力气
6343,四处
6344,浮思翩翩
6345,金秋
6346,纷乱如麻
6347,对本
6348,措
6349,每家
6350,掬
6351,美金
6352,干干脆脆
6353,倒买倒卖
6354,车轱辘话
6355,控
6356,依法
6357,残垣断壁
6358,接
6359,自由王国
6360,年底
6361,固步自封
6362,由此可见
6363,排
6364,整体而言
6365,授
6366,春天
6367,不用
6368,哇啦
6369,一贯制
6370,不可避免
6371,流里流气
6372,毛乎乎
6373,光乎乎
6374,捷
6375,永乐
6376,不外乎
6377,分明
6378,昂首阔步
6379,现当代
6380,毋宁
6381,捧
6382,狠狠
6383,按理说
6384,众口一辞
6385,永久
6386,纷纭复杂
6387,无的放矢
6388,据
6389,捭
6390,七老八十
6391,桌前
6392,哪儿
6393,囫囵
6394,思潮澎湃
6395,赶紧
6396,重蹈覆辙
6397,一视同仁
6398,昏沉沉
6399,损
6400,平平
6401,想得开
6402,那会儿
6403,帮倒忙
6404,各派
6405,捆
6406,引以为荣
6407,捌
6408,愁容满面
6409,吃后悔药
6410,究竟
6411,挲
6412,金灿灿
6413,空对空
6414,挺
6415,关门打狗
6416,油汪汪
6417,空空
6418,挡
6419,伙同
6420,旱育稀植
6421,有张有弛
6422,家败人亡
6423,令人感动
6424,点面结合
6425,企图
6426,时常
6427,朝着
6428,每间
6429,异国他乡
6430,振
6431,哎哟
6432,多姿多采
6433,一古脑儿
6434,挑
6435,满怀信心
6436,那场
6437,难兄难弟
6438,出来
6439,勇于
6440,挝
6441,数以万计
6442,每队
6443,平常
6444,另一个
6445,些许
6446,忽冷忽热
6447,会后
6448,挂
6449,眼捷手快
6450,务须
6451,挑毛病
6452,敲丧钟
6453,该报
6454,上半叶
6455,按
6456,此案
6457,火种刀耕
6458,仰天
6459,随机应变
6460,什么的
6461,稳中求进
6462,里通外国
6463,乡间
6464,自行
6465,毫不费力
6466,现时代
6467,各种各样
6468,面向
6469,初时
6470,惚
6471,某市
6472,日常
6473,日积月累
6474,惟
6475,惜
6476,惝
6477,毫微秒
6478,通明
6479,同治
6480,惑
6481,捍疆卫国
6482,惩
6483,惫
6484,焦枯
6485,惮
6486,惠
6487,植树造林
6488,乱乱纷纷
6489,浑浑噩噩
6490,虎虎生气
6491,心惊胆颤
6492,受不了
6493,明天
6494,无庸
6495,瞠目结舌
6496,切实有力
6497,悉
6498,堪称一绝
6499,联系
6500,无足轻重
6501,地旷人稀
6502,硬着头皮
6503,无序
6504,戊巳
6505,游手好闲
6506,悟
6507,赤红
6508,患难之交
6509,星期三
6510,悖
6511,悔
6512,打耳光
6513,星期一
6514,车如潮
6515,客死他乡
6516,您
6517,悦
6518,簌簌
6519,哪门子
6520,死死的
6521,悼
6522,见方
6523,夜幕低垂
6524,花花肠子
6525,你们
6526,逐条
6527,悱
6528,天下第一
6529,悲
6530,恃
6531,走村入户
6532,讲交情
6533,一花独放不是春
6534,三六九等
6535,龙腾虎跃
6536,婚后
6537,凄然
6538,某年
6539,活活
6540,积弱积贫
6541,恍
6542,乐陶陶
6543,恐
6544,绿山富民
6545,恕
6546,溜溜严
6547,任人唯贤
6548,你的
6549,哐啷
6550,各就各位
6551,以战养战
6552,该当
6553,皱皱巴巴
6554,荡荡悠悠
6555,息
6556,挨着
6557,有的
6558,本片
6559,恰
6560,无常
6561,本版
6562,好好坏坏
6563,恶
6564,莺啼燕唱
6565,过眼烟云
6566,勤学苦练
6567,岗区
6568,恿
6569,销售一空
6570,嘴边
6571,装模作样
6572,星期五
6573,互帮互学
6574,怂
6575,葱葱
6576,怀
6577,魂牵梦萦
6578,怎
6579,花落花开
6580,岁首
6581,洋洋万言
6582,挤眉弄眼
6583,中环
6584,愁眉苦脸
6585,怖
6586,户外
6587,从那之后
6588,怔
6589,初春
6590,怒
6591,劈头
6592,犟头犟脑
6593,欣然
6594,星期二
6595,说走嘴
6596,怜
6597,恰逢
6598,果能如此
6599,活蹦蹦
6600,怦
6601,性
6602,怡
6603,陈年老辞
6604,敌进我伏
6605,场下
6606,场上
6607,怩
6608,回头
6609,凉飕飕
6610,怪
6611,浑然不知
6612,怵
6613,巍然
6614,蔚成风气
6615,赣西南
6616,火红
6617,相辅而行
6618,乘隙
6619,学无止境
6620,东北部
6621,每局
6622,总
6623,堂堂
6624,战天斗地
6625,美分
6626,年轻有为
6627,非法所得
6628,面带微笑
6629,五更
6630,归根究底
6631,诱敌深入
6632,懈
6633,倍感
6634,五月
6635,簇簇
6636,爱出风头
6637,没深没浅
6638,平方米
6639,一清二楚
6640,心黑手辣
6641,劳动
6642,从快
6643,望子成材
6644,擅自
6645,浑俗和光
6646,去年底
6647,蓝湛湛
6648,中到大雪
6649,下意识
6650,透不过气
6651,四周围
6652,哗啦
6653,照葫芦画瓢
6654,憎
6655,手里
6656,刻意
6657,断断
6658,有门儿
6659,重重叠叠
6660,早年
6661,数九寒冬
6662,有着
6663,层层
6664,怒气攻心
6666,横说竖说
6667,岛内
6668,如鱼得水
6669,生机勃勃
6670,岸上
6671,憩
6672,定点
6673,里应外合
6674,慑
6675,吃派饭
6676,略知一二
6677,慕
6678,一丁点儿
6679,空旷旷
6680,滚瓜流油
6681,含含糊糊
6682,毫不迟疑
6683,草草收场
6684,愈演愈烈
6685,留党察看
6686,反复无常
6687,慎
6688,年尾
6689,走着瞧
6690,慰
6691,深思熟虑
6692,慷
6693,舒眉展眼
6694,果断
6695,好高鹜远
6696,共命运
6697,在内
6698,假如
6699,循环不断
6700,慨然
6701,呼哧呼哧
6702,作为
6703,估斤算两
6704,手握胜券
6705,二来
6706,安分守己
6707,逐月
6708,辛申
6709,在先
6710,感
6711,扑哧
6712,昙花一现
6713,炒买炒卖
6714,何以
6715,愀
6716,未见得
6717,储油构造
6718,子孙万代
6719,干巴巴
6720,早已
6721,考虑
6722,意
6723,丙申
6724,愈
6725,自不待言
6726,今後
6727,何人
6728,内联外引
6729,愿
6730,甲戌
6731,酸溜溜
6732,活蹦乱跳
6733,立于不败之地
6734,好说话儿
6735,愧
6736,愤
6737,定然
6738,厘米
6739,愣
6740,姑息迁就
6741,相提并论
6742,漠然视之
6743,我厂
6744,礼拜六
6745,无怨无悔
6746,灰心丧气
6747,远在天边
6748,大作文章
6749,空空洞洞
6750,一声不吭
6751,自主
6752,逐日
6753,危辞耸听
6754,渲
6755,恪尽职守
6756,后期
6757,全权代表
6758,村村户户
6759,近海
6760,飞快
6761,晴朗朗
6762,眼巴巴
6763,深处
6764,渝
6765,渐
6766,渔
6767,矮胖
6768,基本
6769,梆硬
6770,尊师重教
6771,明年
6772,无论如何
6773,优先
6774,干什么
6775,搭架子
6776,清
6777,装潢门面
6778,现今
6779,夏至
6780,湾
6781,世纪末
6782,灰茫茫
6783,到时
6784,由此
6785,艰苦创业
6786,员工
6787,庚亥
6788,非凡
6789,同期
6790,劫掠一空
6791,一晃儿
6792,眼睁睁
6793,我县
6794,深夜
6795,昏昏迷迷
6796,中下旬
6797,霜降
6798,暗中
6799,现代
6800,湖
6801,不劳而获
6802,会儿
6803,湎
6804,次次
6805,除此以外
6806,各样
6807,昼夜
6808,同呼吸
6809,事实上
6810,极负盛誉
6811,虚张声势
6812,人工气胸
6813,炯炯
6814,山里
6815,湃
6816,洁白
6817,然後
6818,三步并作两步
6819,嚎啕
6820,年老体弱
6821,溺
6822,婆娑起舞
6823,历年来
6824,供认不讳
6825,无尽无休
6826,猴年
6827,甜丝丝
6828,矢口
6829,趁热
6830,溯
6831,成化
6832,力克群雄
6833,源
6834,可望而不可及
6835,无处不在
6836,话闸子
6837,咕噜
6838,什么样
6839,中游
6840,约略
6841,稀里糊涂
6842,战前
6843,引咎辞职
6844,溜
6845,囊中
6846,洪熙
6847,溃
6848,同月
6849,扑通
6850,点头哈腰
6851,惹是生非
6852,人烟稀少
6853,有著
6854,总的看
6855,评功论赏
6856,溉
6857,淡季
6858,该港
6859,滴
6860,痴呆
6861,临海
6862,冬去春来
6863,黑洞洞
6864,点滴
6865,闷葫芦
6866,人心浮动
6867,将才
6868,蓝汪汪
6869,大约
6870,累教不改
6871,笑掉大牙
6872,满
6873,以远
6874,厉行节约
6875,滔
6876,咕嘟
6877,以此为戒
6878,公正无私
6879,毫升
6880,活命之恩
6881,滞
6882,滟
6883,做文章
6884,陡然
6885,别是
6886,急急忙忙
6887,真正
6888,胡里胡涂
6889,亟须
6890,以强凌弱
6891,沿线
6892,催人奋进
6893,滋
6894,天兵天将
6895,哪会儿
6896,耍花腔
6897,底下
6898,漭
6899,光彩夺目
6900,每场
6901,打寒噤
6902,简而言之
6903,惨白
6904,漶
6905,耳朵软
6906,安然
6907,人家
6908,见惯不惊
6909,戊卯
6910,远涉重洋
6911,进步
6912,齐抓共管
6913,己戌
6914,单纯
6915,面前
6916,每块
6917,有理无情
6918,升级换代
6919,初期
6920,咯咯
6921,年初
6922,从头
6923,不大不小
6924,看不顺眼
6925,卓绝
6926,无从下手
6927,兀自
6928,白白净净
6929,活受罪
6930,感人肺腑
6931,素来
6932,年前
6933,不欢而散
6934,九月
6935,事半功倍
6936,急切切
6937,扫地出门
6938,一片
6939,胆小怕事
6940,急刹车
6941,无故
6942,尽管如此
6943,潋
6944,变废为宝
6945,潆
6946,些微
6947,拳打脚踢
6948,千山万水
6949,为止
6950,潜
6951,为此
6952,闻名中外
6953,同样
6954,这就是说
6955,难以忘怀
6956,说梦话
6957,目不转睛
6958,感情用事
6959,澡
6960,笨口拙舌
6961,库仑
6962,手边
6963,档子
6964,灰白
6965,穷凶极恶
6966,澳
6967,紧接着
6968,无数
6969,本能
6970,咪咪
6971,毫无道理
6972,不久前
6973,飞扬跋扈
6974,东南角
6975,大吃一惊
6976,可怜巴巴
6977,抱恨终身
6978,面无血色
6979,向来
6980,身边
6981,这次
6982,庚丑
6983,放空炮
6984,冷冷清清
6985,林间
6986,惟利是图
6987,强手如林
6988,顺顺当当
6989,破土动工
6990,认真
6991,咯吱
6992,昏昏悠悠
6993,周岁
6994,盈盈
6995,恢宏博大
6996,残缺不全
6997,濡
6998,大不敬
6999,濯
7000,猪年
7001,子丑寅卯
7002,后来
7003,蓊蓊郁郁
7004,血海深仇
7005,暑假
7006,不然
7007,想想也是
7008,不谋而合
7009,未能
7010,好生
7011,灰朦朦
7012,雄姿英发
7013,克己奉公
7014,激
7015,从重
7016,台次
7017,大有作为
7018,湖边
7019,服服帖帖
7020,热滚滚
7021,戊午
7022,席卷而逃
7023,濒
7024,并力
7025,勃勃
7026,濞
7027,一声不响
7028,他处
7029,闻名于世
7030,藉以
7031,僵冷
7032,该段
7033,山山水水
7034,静幽幽
7035,略感不适
7036,造成
7037,生机盎然
7038,奋发图强
7039,氓
7040,本级
7041,切切实实
7042,未经
7043,藏东
7044,赫然
7045,哪些
7046,耍威风
7047,年久失修
7049,阖家欢乐
7050,孤零零
7051,氇
7052,塞外
7053,贵远贱近
7054,永
7055,郎才女貌
7056,从小
7057,婆娑
7058,一瞬间
7059,氲
7060,一笔带过
7061,居高临下
7062,头等
7063,强作解人
7064,一生
7065,昨天
7066,私自
7067,转瞬
7068,汛
7069,借此
7070,一番
7071,江
7072,南缘
7073,汝
7074,知彼知己
7075,生搬硬套
7076,短斤缺两
7077,有根有据
7078,下坡路
7079,汉
7080,从无到有
7081,童年
7082,大出风头
7083,热辣辣
7084,老泪纵横
7085,稳操胜券
7086,年关
7087,晕头晕脑
7088,呜呼哀哉
7089,规模
7090,旋涡星云
7091,娇嫩嫩
7092,打手势
7093,毛毛躁躁
7094,哪个
7095,汰
7096,常言道
7097,孤寡老人
7098,鸡毛蒜皮
7099,过渡内阁
7100,汪
7101,议古论今
7102,为民除害
7103,池
7104,污
7105,受得了
7106,等到
7107,怀里
7108,丁申
7109,至今
7110,笃定
7111,歪歪扭扭
7112,他家
7113,沓
7114,翩跹
7115,沐
7116,来着
7117,年过花甲
7118,浩浩荡荡
7119,懵里懵懂
7120,消声匿迹
7121,点点
7122,沃
7123,音信全无
7124,闹笑话
7125,沌
7126,拉下脸
7127,转眼
7128,谷雨
7129,照实
7130,河
7131,省柴节煤灶
7132,干冷
7133,匆匆忙忙
7134,北回归线
7135,沿
7136,沸
7137,治
7138,百般无奈
7139,油乎乎
7140,动干戈
7141,没
7142,潺潺
7143,来看
7144,四下
7145,成群连片
7146,年内
7147,泓
7148,别样
7149,而言
7150,风吹草动
7151,法
7152,泛
7153,简明扼要
7154,据此
7155,记不清
7156,弥天大谎
7157,丰功伟绩
7158,执行主席
7159,那么样
7160,纵然
7161,计其所短
7162,泄
7163,泊
7164,泉
7165,此文
7166,泰
7167,吃大灶
7168,泳
7169,代代相承
7170,抢镜头
7171,华美
7172,略加修改
7173,必须
7174,战冰天斗雪地
7175,泡
7176,泣
7177,挖墙脚
7178,潸潸
7179,泯
7180,烂漫
7181,霏霏
7182,焦黑
7183,跑码头
7184,顺次
7185,执法必严
7186,白费心思
7187,触手可及
7188,每套
7189,一干二净
7190,凛然
7191,没说的
7192,洞
7193,今宵
7194,分毫
7195,断层地震
7196,那儿
7197,山区
7198,五位一体
7199,局外
7200,水边
7201,去年初
7202,书架
7203,提个醒
7204,为之一振
7205,派
7206,星期六
7207,齐步
7208,鼓鼓囊囊
7209,活
7210,焦黄
7211,不特
7212,洳
7213,俨然
7214,举目四望
7215,洲
7216,有苦难言
7217,急于求成
7218,贵省
7219,不独
7220,未羊
7221,何苦
7222,浓浓
7223,呱呱叫
7224,济
7225,流
7226,各款
7227,会前
7228,博大胸怀
7229,至于
7230,雾气腾腾
7231,舍身
7232,丑牛
7233,毫不留情
7234,盗名欺世
7235,人工
7236,想当然
7237,风格各异
7238,咬紧牙关
7239,每天
7240,仔仔细细
7241,浪
7242,相率
7243,跟手
7244,尽头
7245,浣
7246,琢磨不透
7247,幕后
7248,偷奸取巧
7249,刹时
7250,望子成龙
7251,因为
7252,油煎火燎
7253,咯噔
7254,南翼
7255,依稀
7256,学有所成
7257,此时
7258,高高的
7259,混混沌沌
7260,不犯
7261,埋头苦干
7262,备至
7263,下落不明
7264,留一手
7265,浴
7266,歪七扭八
7267,干梆梆
7268,涅
7269,自从
7270,桥头
7271,近在眼前
7272,空落落
7273,涉
7274,百般
7275,永远
7276,迎头赶上
7277,连续不断
7278,美食佳肴
7281,咿呀
7282,拼刺刀
7283,自花传粉
7284,直勾勾
7285,从宽
7286,满脸
7287,似乎
7288,悄悄的
7289,涤
7290,链条式
7291,分步
7292,可亲可近
7293,款款
7294,闹灾荒
7295,一去不复返
7296,顾面子
7297,饥寒交加
7298,谈情说爱
7299,某部
7300,涵
7301,众目昭著
7302,使眼色
7303,打短工
7304,小年
7305,诸如此类
7306,谣言惑众
7307,笨手笨脚
7308,逐户
7309,陷落地震
7310,稍稍
7311,边沿
7312,小有名气
7313,车匪路霸
7314,吐故纳新
7315,有的是
7316,飞车走壁
7317,人年
7318,有门道
7319,打小报告
7320,合二而一
7321,粘粘巴巴
7322,那阵子
7323,起根由头
7324,晚唐
7325,切实可行
7326,淡
7327,淤
7328,以外
7329,打硬仗
7330,小幅
7331,光照千古
7332,周年
7333,走弯路
7334,深
7335,果然
7336,春季
7337,打光棍儿
7338,一刹那
7339,灌米汤
7340,黄皮寡瘦
7341,悉听尊便
7342,波涌涛起
7343,简单易行
7344,矿区
7345,旦夕祸福
7346,总起来讲
7347,适可而止
7348,远远地
7349,橼
7350,早期
7351,衰颜老态
7352,滚动摩擦
7353,昏黄
7354,前景
7355,大面儿上
7356,年复一年
7357,假门假事
7358,借故
7359,急火火
7360,炎炎
7361,黔驴技穷
7362,己未
7363,正式
7364,平易近人
7365,饭前
7366,而且
7367,不无关系
7368,受人牵制
7369,新媳妇儿
7371,自助
7372,自动
7373,黑瘦
7374,丝毫
7375,上游
7376,土洋结合
7377,轮番
7378,房前
7379,软酥酥
7380,识破天机
7381,夸脱
7382,昏黑
7383,晚间
7384,流口水
7386,常常
7387,委以重任
7388,添砖加瓦
7389,违法必究
7390,正当
7391,舍下
7392,泛滥成灾
7393,争雄
7394,枉然
7395,以南
7396,被里
7397,樨
7398,横
7399,着重
7400,故土难移
7401,不消
7402,以弱胜强
7403,吃刀子
7404,芒种
7405,樘
7406,铁黑
7407,灰不及及
7408,甲未
7409,别别扭扭
7410,山前
7411,常年
7412,铭记在心
7413,平均
7414,以后
7415,岂但
7416,阖家幸福
7417,笑呵呵
7418,此役
7419,顷刻之间
7420,卡路里
7421,推陈出新
7422,中南部
7423,那位
7424,短粗
7425,理直气壮
7426,夫贵妻荣
7427,某某
7428,时时
7429,永无宁日
7430,可是
7431,防骄破满
7432,正德
7433,市斤
7435,庚午
7436,份儿
7438,龙年
7439,刨根问底
7440,出芽生殖
7441,一面儿理
7442,奋发有为
7443,面上
7444,情理之中
7445,萧萧
7446,想方设法
7447,安安静静
7448,头晕目眩
7449,架次
7450,言多语失
7451,下游
7452,岁月不饶人
7453,过街老鼠
7454,吃零嘴
7455,理该
7456,咝儿
7457,以及
7458,前方
7459,来生
7460,眼里
7461,到头来
7462,多快好省
7463,终生
7464,突然
7465,活见鬼
7466,檬
7467,咕隆
7468,只有
7469,我国
7470,咱们
7471,随机
7472,开门见山
7473,这样
7474,山间
7475,短出出
7476,是不是
7477,兴高采烈
7478,礼拜三
7479,战兢兢
7480,狂风怒号
7481,永葆青春
7482,黑压压
7483,礼拜一
7484,檗
7485,呼啦
7486,由来已久
7487,除旧迎新
7488,檎
7489,而论
7490,半空
7491,糊里糊涂
7492,花白
7493,无形损耗
7494,课期
7495,集思广益
7496,前日
7497,爱厂如家
7498,此
7499,打棍子
7500,步
7501,止
7502,期终
7503,正
7504,看样子
7505,千米
7506,适才
7507,不一会儿
7508,霉天
7509,大有用武之地
7510,愈益
7511,杖头木偶
7512,白乎乎
7513,鹰爪毛儿
7514,按理
7515,红口白舌
7516,打从
7517,一股就灵
7518,歼
7519,死
7520,福星高照
7522,哆里哆嗦
7523,亮光光
7524,淋漓尽致
7525,歌
7526,中圈套
7527,差不离
7528,初步
7529,阴凄凄
7530,缓步
7531,不法
7532,压缩空气
7533,动辄
7534,欢
7535,欣
7536,倒是
7537,欠
7538,次
7539,毫无例外
7540,欤
7541,寅时
7542,漆黑
7543,倔头倔脑
7544,欲
7545,灿然
7546,欷
7547,毫不在乎
7548,手拉手
7549,欺
7550,欹
7551,光灿灿
7552,毫无顾虑
7553,悠悠扬扬
7554,客客气气
7555,大红大绿
7556,款
7557,以前
7558,面临
7559,是役
7560,苦英英
7561,礼拜五
7562,长一智
7563,鸡肠鼠肚
7564,年过半百
7565,仿佛
7566,潇潇
7567,密密实实
7568,黯然
7569,进来
7570,形态各异
7571,不尚空谈
7572,多云间阴
7574,初次
7575,礼拜二
7576,幸喜
7577,灰蓬蓬
7578,贪得无厌
7579,自费
7580,开怀大笑
7581,梁上君子
7582,如此等等
7583,毫
7584,以北
7585,其乐无穷
7586,粲然
7587,内引外联
7588,那么
7589,卷铺盖
7590,毹
7591,一年四季
7592,过家家
7593,毵
7594,尽人皆知
7595,先斩后奏
7596,卖关子
7597,每
7598,婉言谢绝
7599,反正
7600,论资排辈
7601,毋
7602,语惊四座
7603,自寻短见
7604,时期
7605,毂
7606,携家带口
7607,凉浸浸
7608,卓有远见
7609,冷眼
7610,有把握
7611,毛
7612,比
7613,还有
7614,毕
7615,水灵灵
7616,十之八九
7617,闻者足戒
7618,走街串巷
7619,酌量
7620,下流
7621,时久天长
7622,受益匪浅
7623,知难而进
7624,后排
7626,弯弯曲曲
7627,那些
7628,门类
7629,引以为耻辱
7630,别有洞天
7631,身临其境
7632,殷
7633,短撅撅
7634,殴
7635,段
7636,殉
7637,残
7638,殊
7639,殍
7640,黑苍苍
7641,并非易事
7642,殃
7643,谆谆教导
7644,知难而退
7645,大半天
7646,殇
7647,非但
7648,以权谋私
7649,殆
7650,喜气洋洋
7651,常川
7652,再生父母
7653,绳之以党纪国法
7654,殓
7655,近几年来
7656,近来
7657,莫如
7658,小寒
7659,咕咚
7660,老远
7661,挑毛拣刺
7662,寡言少语
7663,咕咕
7664,缺斤少两
7665,娇里娇气
7666,对应
7667,框
7668,牙克西
7669,桄
7670,星期四
7671,案
7672,桌
7673,京山
7674,桶
7675,反过来
7676,吉祥如意
7677,东南部
7678,思来想去
7679,档
7680,暴跳如雷
7681,设身处地
7682,桩
7683,损人利己
7684,该村
7685,从速
7686,每周
7687,栖
7688,树
7689,触景生情
7690,修车点
7691,好的
7692,栝
7693,中段
7694,吃得住
7695,九旬
7696,小小
7697,绝然
7698,被迫
7699,标
7700,乱哄哄
7701,那个
7702,揭不开锅
7703,才貌双全
7704,迟早
7705,栌
7706,栋
7707,高空
7708,样
7709,几番
7710,任务
7711,栳
7712,格
7713,一脉相传
7714,夜猫子
7715,铿锵
7716,根
7717,核
7718,大包大揽
7719,吐气扬眉
7720,游人如织
7721,冷不防
7722,闷头儿
7723,猛不防
7724,连日
7725,立方
7726,运思精妙
7727,无日
7728,株
7729,月终
7730,棚
7731,屋后
7732,立春
7733,这时
7734,了却心愿
7735,成群结对
7736,棒
7737,乘机
7738,常言说
7739,各方
7740,龙钟老者
7741,北侧
7742,不管不顾
7743,互帮互助
7744,为时过早
7745,旧时
7746,乙未
7747,红不棱登
7748,走形式
7749,沦落风尘
7750,说明
7751,浩瀚
7752,说空话
7753,旧日
7754,居高不下
7755,棵
7756,立时
7757,反过来说
7758,手中
7759,密密匝匝
7760,墙上
7761,郁郁苍苍
7762,丝毫不少
7763,了无长进
7764,这方
7765,唱老调
7766,就地
7767,自古
7768,轻轻地
7769,稳稳地
7770,路旁
7771,锐意
7772,她的
7773,无暇
7774,近期
7775,日日
7776,手下
7777,说得着
7778,改头换面
7779,自发
7780,梆
7781,南端
7782,也是
7783,大肆
7784,急溜溜
7785,东西南北中
7786,容易
7787,梁
7788,昂扬
7789,率先垂范
7790,掌握
7791,白皑皑
7792,远方
7793,似理非理
7794,通常
7795,所谓
7796,该校
7797,初见成效
7798,那么点儿
7799,各族
7800,手上
7801,难得
7802,一霎那
7803,今夏
7804,自相矛盾
7805,格外
7806,活生生
7807,还是
7808,梭
7809,安守本分
7810,梯
7811,毫克
7812,夕阳西下
7813,故弄玄虚
7814,今天
7815,瞬息
7816,破门而入
7817,既是
7818,今夜
7819,森然
7820,梦
7821,不满
7822,楂
7823,干瘪瘪
7824,互帮互利
7825,各机
7826,病歪歪
7827,避免
7828,厚此薄彼
7829,滴溜溜转
7830,既有
7831,霭霭
7832,实心实意
7833,明令禁止
7834,面对面
7835,为时过晚
7836,保军转民
7837,清清亮亮
7838,谷底
7839,先天下之忧而忧
7840,楚
7841,战后
7842,腊月
7843,自身
7844,熠熠闪闪
7845,任凭
7846,该案
7847,随时
7848,自动应答
7849,红彤彤
7850,临危不惧
7851,自收自支
7852,早春
7853,违法不究
7854,楹
7855,乌黑
7856,何尝不可
7857,也就是说
7858,默不作声
7859,会上
7860,有法必依
7861,救死扶伤
7862,案头
7863,后晌
7864,难怪
7865,所以
7866,一小撮
7867,百分之
7868,叹观止矣
7869,因企制宜
7870,刀光血影
7871,早早
7872,椋
7873,藏北
7874,令人振奋
7875,戊酉
7876,大致
7877,从轻
7878,蛊惑人心
7879,尽瘁而死
7880,为数不少
7881,境内
7882,椤
7883,燕赵
7884,气汹汹
7885,各条
7886,偶尔
7887,巴掌
7888,切身利益
7889,捞油水
7890,吃不住
7891,一一列举
7892,细溜溜
7893,眉飞色舞
7894,平平当当
7895,啃书本
7896,早日
7897,本世纪
7898,一气之下
7899,各村
7900,急速
7901,虚虚实实
7902,喜冲冲
7903,憨痴痴
7904,说大话
7905,愤然
7906,魂牵梦系
7907,椹
7908,七歪八扭
7909,前朝
7910,末端
7911,到此为止
7912,前期
7913,日复一日
7914,波澜壮阔
7915,以及人之老
7916,随心所欲
7917,讲情面
7918,近日
7919,教书育人
7920,他国
7921,某月
7922,槔
7923,阴晴寒暑
7924,形同虚设
7925,转来转去
7926,打秋风
7927,气吁吁
7928,静荡荡
7929,成问题
7930,霍地
7931,温汤浸种
7932,十二分
7933,手头紧
7934,事业有成
7935,具体来说
7936,隔日
7937,槿
7938,截儿
7939,公共积累
7940,您老
7941,烟腾腾
7942,近旁
7943,榍
7944,年轻气盛
7945,斐然
7946,一点
7947,榉
7948,榈
7949,遮风挡雨
7950,借机
7951,榀
7952,逐年
7953,概
7954,榜
7955,冷静静
7956,我部
7957,过来
7958,身上
7959,同时
7960,本本分分
7961,后方
7962,井底
7963,润物细无声
7964,说来
7965,早期白话
7966,脆生生
7967,除此
7968,左方
7969,过把瘾
7970,同日
7971,了此心愿
7972,咚咚
7973,打通关
7974,早晚
7975,季风气候
7976,早晨
7977,脏乱差
7978,赶早不赶晚
7979,见义勇为
7980,强力
7981,耍脾气
7982,焦辣辣
7983,分内
7984,翩翩飞舞
7985,光亮亮
7986,片片
7987,随著
7988,厚厚的
7989,拉郎配
7990,该地
7991,油光光
7992,瞎
7993,戊辰
7994,初二
7995,前不久
8005,轻重缓急
8006,缺心少肺
8007,壬午
8008,瞥
8009,当牛马
8010,打冷枪
8011,初五
8012,极度
8013,黑茬茬
8014,也罢
8015,拉拉扯扯
8016,佳妙无双
8017,热心
8018,一显身手
8019,矜
8020,不可逆转
8021,该国
8022,溢美之词
8023,行将
8024,深情
8025,贸然
8026,高效
8027,遵章守纪
8028,心里
8029,大一统
8030,浩然
8031,大风大浪
8032,居心叵测
8033,声震中外
8034,拉亏空
8035,丙辰
8036,乌溜溜
8037,石
8038,阴有小雨
8039,开始
8040,南疆
8041,一个劲
8042,瘦骨嶙峋
8043,决定
8044,该团
8045,此类
8046,权时
8047,被开方数
8048,矣
8049,斑驳
8050,当众
8051,昨儿个
8052,真
8053,乱腾腾
8054,眈
8055,看
8056,风流韵事
8057,顺藤摸瓜
8058,适度从紧
8059,省
8060,爱子教子
8061,强制
8062,眄
8063,眺
8064,飞潜动植
8065,你来我往
8066,眼
8067,仍然
8068,相对而言
8069,适应
8070,眩
8071,开外
8072,初伏
8073,减员增效
8074,守本分
8075,眠
8076,满负荷
8077,乃至
8078,总而言之
8079,彻骨
8080,比如说
8081,切切
8082,一股劲儿
8083,抬轿子
8084,忽阴忽晴
8085,分别
8086,特殊
8087,说不着
8088,衣食父母
8089,略为
8090,明明白白
8091,胀鼓鼓
8092,首批
8093,豪言壮语
8094,倍加
8095,撒手归西
8096,略去不提
8097,斜对面
8098,淡巴巴
8099,前院
8100,闷闷不乐
8101,硬邦邦
8102,睇
8103,麻痹大意
8104,烟云过眼
8105,下部
8106,着
8107,古时候
8108,无政府
8109,随叫随到
8110,海滨
8111,睹
8112,热情洋溢
8113,取长补短
8114,潜滋暗长
8115,特此
8116,睨
8117,睥
8118,该馆
8119,督
8120,上部
8121,睢
8122,水面
8123,白不呲咧
8124,来得及
8125,皆
8126,遭到
8127,的
8128,毋庸置疑
8129,半百
8130,古往今来
8131,本栏
8132,俄顷
8133,放空枪
8134,四两拨千斤
8135,百日维新
8136,这么些
8137,硬梆梆
8138,井井有条
8139,喘吁吁
8140,不怎么样
8141,高枕无忧
8142,本校
8143,粼粼
8144,莫不是
8145,上纲上线
8146,东门外
8147,杳无音讯
8148,老三样
8149,慢性
8150,花繁叶茂
8151,掀风鼓浪
8152,献计献策
8153,背投影
8154,高抬贵手
8155,出去
8156,广阔无垠
8157,皿
8158,盆
8159,化公为私
8160,天时地利
8161,耍流氓
8162,清爽爽
8163,盅
8164,慎始而敬终
8165,硝烟弥漫
8166,里边
8167,盏
8168,成气候
8169,名列榜首
8170,抱佛脚
8171,益
8172,携起手来
8173,不过如此
8174,盈
8175,港人治港
8176,而况
8177,动肝火
8178,盗
8179,盖
8180,盒
8181,监
8182,十痨九死
8183,岂止
8184,后年
8185,盘
8186,趸批
8187,舍间
8188,过早
8189,虎虎生威
8190,目
8191,锦绣河山
8192,庚未
8193,直
8194,全新
8195,惘然
8196,盲
8197,反是
8198,我辈
8199,热泪夺眶
8200,无力回天
8201,盾
8202,相
8203,纯粹
8204,暗淡淡
8205,蔫不溜
8206,苟利国家生死以
8207,整夜
8208,瘁
8209,蠕蠕
8210,瘅
8211,迟迟疑疑
8212,公斤
8213,入土为安
8214,处以
8215,不战自败
8216,瘛
8217,安安生生
8218,整天
8219,一瓶子不满
8220,不容忽视
8221,瘐
8222,按照
8223,瘩
8224,具体说来
8225,瘭
8226,吃老本
8227,不要
8228,臭名昭彰
8229,轰然
8230,差点儿
8231,太平龙头
8232,大大咧咧
8233,脸皮薄
8234,慢腾腾
8235,撑场面
8236,死硬
8237,当家做主
8238,盛况空前
8239,男男女女
8240,胆破心惊
8241,伏特
8242,朵朵
8243,无土栽培
8244,望而止步
8245,火热
8246,虚飘飘
8247,癀
8248,放卫星
8249,八旬
8250,发愤图强
8251,甲卯
8252,明目张胆
8253,称兄道弟
8254,甲辰
8255,缥渺
8256,别人
8257,白苍苍
8258,周边
8259,疏落
8260,不觉
8261,癫
8262,切勿
8263,天翻地覆
8264,别里别扭
8265,不见
8266,东边
8267,不对茬儿
8268,身心健康
8269,白
8270,百
8271,盘山
8272,划等号
8273,癸
8274,绵延不断
8275,不辞劳苦
8276,适当
8277,黑咕隆咚
8278,默然
8279,本案
8280,满面春风
8281,甲午
8282,本月
8283,正统
8284,辆次
8285,末期
8286,疾
8287,爱岗敬业
8288,着力
8289,疸
8290,有勇有谋
8291,经由
8292,六旬
8293,滚瓜溜圆
8294,津津有味
8295,疬
8296,立方米
8297,趁早
8298,疗
8299,细白
8300,疑
8301,挨次
8302,未来
8303,下不了台
8304,放暗箭
8305,本期
8306,冷峻
8307,诉诸武力
8308,言之有理
8309,大咧咧
8310,金闪闪
8311,血腥
8312,周四
8313,疏
8314,请勿
8315,小花棘豆
8316,严丝合缝
8317,大大方方
8318,见微而知著
8319,星期天
8320,徇私枉法
8321,未曾
8322,亲眼
8323,说闲话
8324,颤颤巍巍
8325,平展展
8326,独断专行
8327,痪
8328,痫
8329,起来
8330,利欲熏心
8331,何止
8332,墨守陈规
8333,苍翠
8334,小肠串气
8335,东西
8336,形容憔悴
8337,离离拉拉
8338,痛
8339,以次充好
8340,各报
8341,而今
8342,死水一潭
8343,净尽
8344,痃
8345,真人真事
8346,症
8347,阴阴森森
8348,实打实
8349,羊年
8350,结结巴巴
8351,了如指掌
8352,画
8353,美其名曰
8354,显著
8355,无边
8356,甲
8357,申
8358,旁人
8359,至关重要
8360,东部
8361,由
8362,甭
8363,丙酉
8364,平平妥妥
8365,甫
8366,江心
8367,论斤计两
8368,倒不如说
8369,用
8370,肮里肮脏
8371,骇然
8372,当牛做马
8373,死劲儿
8374,阴间多云
8375,生
8376,虽则
8377,甘
8378,自我标榜
8379,甚
8380,呼哧
8381,红通通
8382,落到实处
8383,备不住
8384,联袂
8385,百分之百
8386,或许
8387,俺们
8388,下礼拜
8389,打照面
8390,只是
8391,荣归故里
8392,呼呼
8393,呱嗒
8394,静静的
8395,周围
8396,尺幅千里
8397,番
8398,两边
8399,炕沿
8400,闪闪
8401,尽然
8402,泪涔涔
8403,前俯后仰
8404,全权
8405,畦
8406,热腾腾
8407,子午卯酉
8408,略
8409,上个月
8410,不止一次
8411,本条
8412,刺骨
8413,船上
8414,初八
8415,本来
8416,东郊
8417,畔
8418,较比
8419,无辜
8420,畈
8421,难道说
8422,涓涓
8423,初六
8424,界
8425,强加于人
8426,畏
8427,本村
8428,八月
8429,遒劲
8430,川流不息
8431,慢吞吞
8432,日臻成熟
8433,悬崖勒马
8434,大幅度
8435,后天下之乐而乐
8436,今生
8437,低头不见抬头见
8438,恨不得
8439,日趋
8440,枉费心机
8441,一刀切
8442,凭坚
8443,甲酉
8444,不说
8445,阴转多云
8446,亲耳
8447,大吵大闹
8448,几多
8449,六月
8450,璃
8451,甩袖子
8452,用人之长
8453,好不容易
8454,初冬
8455,课间
8456,但是
8457,奢侈浪费
8458,一次性
8459,当间儿
8460,还原染料
8461,救命之恩
8462,举步维艰
8463,偏下
8464,瓢
8465,瓣
8466,瓦
8467,真抓实干
8468,哑巴吃饺子
8469,峥嵘
8470,六朝
8471,当今
8472,左端
8473,接连
8474,颤抖抖
8475,瓶
8476,激动不已
8477,中途
8478,雪白
8479,刚刚
8480,趁机
8481,其时
8482,後面
8483,八方支援
8484,雪里送炭
8485,毫厘不差
8486,寂无行人
8487,越是
8488,乐呵呵
8489,当代
8490,该台
8491,涟涟
8492,麦秋
8493,使得
8494,如雷似火
8495,省外
8496,扬眉捋须
8497,迎面而来
8498,一路
8499,忠厚老实
8500,呱呱
8501,多种多样
8502,视同儿戏
8503,呱唧
8504,朦朦
8505,灼灼
8506,君不见
8507,当下
8508,舟车之苦
8509,狗血喷头
8510,遍地开花
8511,哩哩啦啦
8512,胜利果实
8513,虎彪彪
8514,琶
8515,天底下
8516,琳
8517,喋喋不休
8518,须臾
8519,依据
8520,达旦
8521,精打细算
8522,保修包换
8523,许多
8524,共有
8525,当中
8526,简易师范
8527,球
8528,立秋
8529,勤勤恳恳
8530,争奇斗艳
8531,盛年
8532,北缘
8533,阴雨连绵
8534,该县
8535,一贯
8536,鼻化元音
8537,千秋
8538,另有所指
8539,劈风斩浪
8540,齐刷刷
8541,欢眉喜眼
8542,资不抵债
8543,该项
8544,策略地
8545,居然
8546,踏踏实实
8547,缓口气
8548,连日来
8549,古时
8550,芸芸
8551,东倒西歪
8552,黑阴阴
8553,非分之想
8554,深入虎穴
8555,不论
8556,可惊可叹
8557,口陈肝胆
8558,田里
8559,水上飞机
8560,自负盈亏
8561,不许
8562,毅然
8563,你报
8564,伺机
8565,眼前
8566,瑷
8567,点儿
8568,标准公顷
8569,前面
8570,洪流滚滚
8571,一跃而起
8572,一字一板
8573,不二价
8574,一起
8575,瑁
8576,任重而道远
8577,难以启齿
8578,仅供参考
8579,该厂
8580,瑚
8581,耳听为虚
8582,噗嗤
8583,葱郁
8584,惨淡
8585,灼热
8586,酉鸡
8587,坦坦然然
8588,一身
8589,珑
8590,难上加难
8591,幡然
8592,决心
8593,珍
8594,罗里罗嗦
8595,气冲冲
8596,具有
8597,大跃进
8598,令人堪忧
8599,火爆爆
8600,承贷承还
8601,着呢
8602,变成
8603,零零落落
8604,粗粗
8605,平步青云
8606,套交情
8607,匿迹海外
8608,争论不休
8609,诸多不便
8610,各式各样
8611,白花花
8612,单人独马
8613,第一产业
8614,班
8615,何故
8616,话里带刺
8617,小麦线虫
8618,行莫厚于乐民
8619,圆溜溜
8620,以次
8621,改日
8622,霍然
8623,捏一把汗
8624,细水长流
8625,首日
8626,不仅仅
8627,羸弱
8628,碧绿
8629,墨黑黑
8630,该区
8631,只怕
8632,手把手
8633,令人叹服
8634,玖
8635,敢情
8636,浓眉大眼
8637,玎
8638,每每
8639,热热闹闹
8640,膀大腰圆
8641,成为
8642,道不明
8643,时代
8644,率
8645,过得去
8646,当即
8647,火头上
8648,据悉
8649,连年
8650,现
8651,舍命
8652,恩重如山
8653,岁暮
8654,广开门路
8655,整年
8656,环
8657,盛情
8658,玢
8659,不用说
8660,悲悲切切
8661,总的来看
8662,汗浸浸
8663,大宴宾客
8664,獗
8665,我们
8666,每次
8667,信口
8668,上元节
8669,专诚
8670,该剧
8671,一般说来
8672,来年
8673,喜眉笑眼
8674,壬亥
8675,灰塌塌
8676,大西南
8677,门外汉
8678,万贯
8679,深得民心
8680,疯了呱几
8681,援例
8682,甘心情愿
8683,走捷径
8684,课余
8685,唯唯诺诺
8686,油亮
8687,初十
8688,你家
8689,獯
8690,天知道
8691,每时每刻
8692,称体裁衣
8693,獬
8694,哭哭啼啼
8695,澄澈
8696,昏头转向
8697,就是了
8698,价格
8699,旱涝保收
8700,猗
8701,屡次
8702,清正廉洁
8703,猛
8704,触类而通
8705,猝
8706,磨嘴皮
8707,团结一心
8708,猁
8709,纷纷
8710,千瓦小时
8711,砷黄铁矿
8712,稍后
8713,广泛
8714,期末
8715,辛未
8716,各显其能
8717,猊
8718,猎
8719,油花花
8720,岁末
8721,本文
8722,按方下药
8723,纷纭
8724,普普通通
8725,楞乎乎
8726,上山下乡
8727,僵直
8728,旋即
8729,猡
8730,声东击西
8731,牢牢
8732,没准
8733,生前
8734,懒洋洋
8735,密密麻麻
8736,见天
8737,遇到
8738,并肩作战
8739,各家
8740,忘我工作
8741,狈
8742,没皮没脸
8743,一边
8744,相亲相爱
8745,声如银铃
8746,初叶
8747,狂
8748,隐约可见
8749,狁
8750,壬丑
8751,溢于言表
8752,立眉瞪眼
8753,年近花甲
8754,打牙祭
8755,走老路
8756,水平
8757,独
8758,会合处
8759,捏腔拿调
8760,刹那间
8761,吃不服
8762,有所不同
8763,相对
8764,反手
8765,狠
8766,可有可无
8767,时下
8768,大动干戈
8769,狻
8770,抢红灯
8771,狺
8772,狴
8773,狷
8774,有失远迎
8775,狳
8776,紫花地丁
8777,旁边
8778,狲
8779,累次
8780,犋
8781,大西北
8782,犏
8783,水底
8784,绿茸茸
8785,公款吃喝
8786,我会
8787,死板板
8788,半瓶子晃荡
8789,犁
8790,三叶期
8791,手携手
8792,惰性元素
8793,五短身材
8794,不值一提
8795,临场发挥
8796,大有人在
8797,怎么办
8798,上身
8799,独此一家
8800,苍松翠柏
8801,浮皮潦草
8802,自各儿
8803,十全十美
8804,红灿灿
8805,因小失大
8806,搂草打兔子
8807,骨子里
8808,该刊
8809,一连
8810,历次
8811,犹
8812,犸
8813,争相
8814,卓然
8815,守信用
8816,犰
8817,口出狂言
8818,举行
8819,礼拜日
8820,丁辰
8821,道光
8822,无偿
8823,激流汹涌
8824,犴
8825,流言蜚语
8826,近些年
8827,状
8828,片
8829,耳边
8830,后发制人
8831,尽瘁至死
8832,异常
8833,何日
8834,腾空而起
8835,简单扼要
8836,版
8837,成倍
8838,曲里拐弯
8839,命赴黄泉
8840,背地里
8841,齐心协力
8842,连忙
8843,牟
8844,前半晌
8845,秋季
8846,肥滚滚
8847,有说有笑
8848,牧
8849,朔望
8850,物
8851,两世为人
8852,以泪洗面
8853,花花绿绿
8854,召开
8855,来不及
8856,化为灰烬
8857,不起
8858,该党
8859,侧后
8860,憋足劲
8861,欢欢喜喜
8862,牾
8863,享清福
8864,呼啦啦
8865,特
8866,何方
8867,敲锣打鼓
8868,笔直
8869,决意
8870,嬉笑怒骂
8871,特点
8872,朗朗
8873,一霎时
8874,飒爽英姿
8875,只得
8876,亥猪
8877,狭长
8878,血丝乎拉
8879,爝
8880,怪声怪气
8881,已经
8882,至多
8883,贫壤瘠土
8884,以此
8885,谁个
8886,诸位
8887,取信于民
8888,闪烁生辉
8889,隐约
8890,聊以
8891,不足
8892,何时
8893,然后
8894,爿
8895,意犹未尽
8896,风度翩翩
8897,两手抓
8898,送人情
8899,遥遥领先
8900,名正言顺
8901,跑前跑后
8902,颤悠悠
8903,蓝蔚蔚
8904,诸事
8905,半生
8906,后半夜
8907,慢慢
8908,并驾齐驱
8909,上下游
8910,蔫耷耷
8911,后半天
8912,主要
8913,借以
8914,闻名遐迩
8915,亲笔
8916,油光
8917,如约
8918,并没
8919,前前后后
8920,月末
8921,江面
8922,黄嫩嫩
8923,东西部
8924,海疆
8925,燃
8926,率先
8927,出头
8928,少生快富
8929,手足无措
8930,相当
8931,有机
8932,傻儿巴叽
8933,一转眼
8934,熳
8935,你是
8936,起伏跌宕
8937,倍儿
8938,暖煦煦
8939,怯生生
8940,直盯盯
8941,以法
8942,背包袱
8943,获得
8944,及早
8945,油晃晃
8946,偷奸耍滑
8947,精明强干
8948,旭日东升
8949,双方
8950,互相
8951,漏网之鱼
8952,及时
8953,没命
8954,上边
8955,但愿
8956,奋发向上
8957,毛楂楂
8958,民以食为天
8959,凑巧
8960,二者
8961,充满
8962,各异
8963,软硬兼施
8964,山穷水尽
8965,掺杂使假
8966,永恒
8967,各式
8968,当儿
8969,人人皆知
8970,凉津津
8971,方可
8972,流芳百世
8973,南北朝
8974,双日
8975,照
8976,壬酉
8977,带病
8978,走后门
8979,早上
8980,心连心
8981,绿茵茵
8982,假眉三道
8983,千瓦时
8984,没心没肺
8985,刷刷
8986,呜呼
8987,煞
8988,街头
8989,提出
8990,勒石记痛
8991,够瞧的
8992,煊
8993,龙钟之年
8994,雁过留声
8995,终究
8996,煎
8997,何乐而不为
8998,然
8999,吃鸭蛋
9000,严词
9001,我行
9002,不买账
9003,蓬松松
9004,吃不来
9005,无论
9006,任何人
9007,闲不住
9008,五内俱裂
9009,昏头昏脑
9010,才能
9011,历朝历代
9012,戴高帽子
9013,近年
9014,无以
9015,一道
9016,极大
9017,令人瞩目
9018,经久不散
9019,焕
9020,同年
9021,他的
9022,光溜溜
9023,浓墨重彩
9024,一时一刻
9025,焚
9026,倘使
9027,磕磕撞撞
9028,笔耕墨耘
9029,黑咕隆冬
9030,思潮起伏
9031,溜光
9032,反映
9033,余年
9034,焉
9035,颇具规模
9036,荡然无存
9037,最最
9038,垂手可得
9039,热
9040,戊丑
9041,烯
9042,有时
9043,惨然
9044,重要
9045,周六
9046,不迭
9047,千瓦
9048,添麻烦
9049,壬辰
9050,红红火火
9051,热泪盈眶
9052,摆地摊
9053,除此而外
9054,终竟
9055,烊
9056,新近
9057,无言
9058,吃偏饭
9059,单独
9060,满目苍凉
9061,轻轻松松
9062,像模像样
9063,脉脉传情
9064,自古以来
9065,肥肥大大
9066,略有出入
9067,一一对应
9068,无从
9069,寸草不生
9070,自小
9071,一败涂地
9072,无本万利
9073,短巴巴
9074,而又
9075,大帽子
9076,就坡下驴
9077,不容乐观
9078,淅沥
9079,自家
9080,零点
9081,咸N
9082,多方面
9083,黑腾腾
9084,移动
9085,炮
9086,七十二行
9087,长命百岁
9088,炫
9089,各州
9090,再有
9091,神圣同盟
9092,照例
9093,翻两番
9094,甜滋滋
9095,点
9096,炻
9097,炷
9098,深深地
9099,皮里抽肉
9100,某个
9101,炎
9102,慎之又慎
9103,炊
9104,酒囊饭袋
9105,境外
9106,炉
9107,痒酥酥
9108,各市
9109,同苦共乐
9110,结对联手
9111,喜结良缘
9112,日见
9113,秃光光
9114,雄赳赳
9115,当前
9116,而后
9117,例如
9118,偏安一隅
9119,火
9120,产生
9121,开展
9122,分外
9123,生津止渴
9124,戊亥
9125,下边
9126,相应
9127,灼
9128,步履艰难
9129,不恭不敬
9130,乘虚
9131,故意
9132,欲言又止
9133,惟独
9134,吃劳保
9135,舟车劳顿
9136,黑茫茫
9137,看笑话
9138,门下
9139,分头
9140,加气水泥
9141,噼啪
9142,横倒竖歪
9143,闹名利
9144,上述
9145,灞
9146,年富力强
9147,悠闲自得
9148,笑哈哈
9149,何必
9150,不过
9151,某些
9152,瀣
9153,田间
9154,大前年
9155,焦糊糊
9156,与时俯仰
9157,灿若群星
9158,吃得来
9159,怒涛澎湃
9160,老油条
9161,咸乎乎
9162,差一点儿
9163,不可磨灭
9164,快速
9165,呖呖
9166,重生父母
9167,无不
9168,统购统销
9169,溜溜平
9170,满头大汗
9171,某人
9172,无上
9173,气喘喘
9174,滴溜溜
9175,精瘦
9176,春节
9177,单门独户
9178,文绉绉
9179,丁酉
9180,本报
9181,秋夜
9182,当初
9183,秋天
9184,缈
9185,乙辰
9186,天边
9187,前半夜
9188,少年儿童
9189,倒不如
9190,前身
9191,缂
9192,缄
9193,缘
9194,方始
9195,这家
9196,一般
9197,缚
9198,肥乎乎
9199,丁零当郎
9200,颊上添毫
9201,总算
9202,缕
9203,推而广之
9204,编
9205,缗
9206,乌黑黑
9207,缪
9208,嘴太碎
9209,稍许
9210,说瞎话
9211,时刻
9212,煽风点火
9213,绝世无匹
9214,缧
9215,语重心长
9216,身残志不残
9217,大面积
9218,谐谑
9219,居奇牟利
9220,缸
9221,前半天
9222,佳音频传
9223,威胁利诱
9224,缱
9225,三伏天
9226,该店
9227,毫不犹豫
9228,此理
9229,耳朵尖
9230,代替
9231,破破烂烂
9232,后堂
9233,飒爽
9234,浴血奋战
9235,罄
9236,空中楼阁
9237,无日无夜
9238,每期
9239,海阔云舒
9240,不胜
9241,罗
9242,罐
9243,直截
9244,连续光谱
9245,民族形式
9246,而外
9247,罪
9248,岁月悠悠
9249,罢
9250,罡
9251,大卡
9252,了解
9253,各处
9254,几度
9255,何处
9256,大半
9257,豫东
9258,每月
9259,厚墩墩
9260,刹那
9261,吧哒
9262,左右手
9263,署
9264,灰暗
9265,以不变应万变
9266,说到做到
9267,莫名无言
9268,不可抗力
9269,美
9270,墨黑
9271,唧唧喳喳
9272,紫花苜蓿
9273,多样化
9274,下首
9275,门口
9276,专题
9277,各奔东西
9278,完好无缺
9279,打嘴巴
9280,壬子
9281,庚巳
9282,羡
9283,苦苦
9284,更弦易辙
9285,能上能下
9286,羧
9287,为政不廉
9288,今古奇闻
9289,群
9290,不能
9291,重阳
9292,婚丧嫁娶
9293,清早
9294,专职
9295,谁家
9296,上首
9297,羰
9298,飘然
9299,专项
9300,东面
9301,波浪翻滚
9302,大吉
9303,东非
9304,羽
9305,不可估量
9306,当面
9307,何妨
9308,淡如逝水
9309,迷迷瞪瞪
9310,桌上
9311,翔
9312,其次
9313,不可言传
9314,至少
9315,建管用
9316,密不可分
9317,铮铮誓言
9318,木然
9319,铁老大
9320,初四
9321,悍然
9322,以期
9323,过关斩将
9324,只顾
9325,他妈的
9326,红光满面
9327,必要
9328,虽说
9329,翱
9330,右面
9331,常抓不懈
9332,铮铮铁骨
9333,嘎嘎
9334,为虎傅翼
9335,优惠
9336,涤浊扬清
9337,敬请指教
9338,高挑挑
9339,大体上
9340,何如
9341,中间
9342,一水之隔
9343,一身正气
9344,非同儿戏
9345,说不清
9346,不懈努力
9347,其他人
9348,良久
9349,以来
9350,值得一提的是
9351,比方
9352,中后期
9353,百听不厌
9354,急慌慌
9355,逆时针
9356,统统
9357,用心险恶
9358,应当
9359,死里逃生
9360,冬日
9361,每晚
9362,独具一格
9363,勉勉强强
9364,璀璨夺目
9365,万般
9366,非君莫属
9367,这么点儿
9368,权欲熏心
9369,皓洁
9370,外部
9371,引以为耻
9372,大力
9373,半自动
9374,清晨
9375,指不定
9376,拒腐防变
9377,大加
9378,无可
9379,沁人肺腑
9380,非同一般
9381,彬彬有礼
9382,时间
9383,竟然
9384,无关痛痒
9385,省得
9386,沾沾自喜
9387,卢比
9388,飒然
9389,河边
9390,一平二调
9391,繇
9392,感慨万端
9393,次第
9394,踽踽
9395,桌边
9396,繁
9397,甲子
9398,只争朝夕
9399,声声
9400,井然
9401,治水改土
9402,无须
9403,自幼
9404,过年
9405,两面光
9406,做到
9407,举例来说
9408,宣统
9409,两难
9410,历来
9411,从早到晚
9412,拖三拉四
9413,停停当当
9414,拼死
9415,弱肉强食
9416,阴谋诡计
9417,反应
9418,条块分割
9419,强制性
9420,喷喷香
9421,鸳鸯戏水
9422,假冒伪劣
9423,逢场作戏
9424,大区
9425,千方百计
9426,一把子
9427,细腻入微
9428,不致
9429,纵
9430,吊膀子
9431,纶
9432,纸
9433,里面
9434,劈天盖地
9435,一步登天
9436,硝烟滚滚
9437,稍事
9438,线
9439,明代
9440,堂皇
9441,其味无穷
9442,文弱
9443,纠
9444,七扭八歪
9445,纥
9446,约
9447,级
9448,现阶段
9449,专心致志
9450,受制于人
9451,活血化瘀
9452,纭
9453,仗势欺人
9454,交朋友
9455,前列
9456,皎洁
9457,绔
9458,通向
9459,大批量
9460,绞
9461,拒腐防变倡廉
9462,绝
9463,假模假式
9464,该市
9465,给
9466,暗自
9467,后半辈子
9468,细
9469,组
9470,简政放权
9471,精湛不磨
9472,两面
9473,留后手
9474,见风使舵
9475,见分晓
9476,经
9477,浮想联翩
9478,原原本本
9479,辞旧迎新
9480,终
9481,何物
9482,甲寅
9483,绵
9484,赔礼道歉
9485,维
9486,少不了
9487,路口
9488,规定
9489,绳
9490,绽
9491,节节败退
9492,综
9493,该州
9494,绻
9495,绺
9496,一部分
9497,傻乎乎
9498,并排
9499,自己
9500,继
9501,日后
9502,宽宽绰绰
9503,忙不迭
9504,清末
9505,除恶务尽
9506,累
9507,逆向
9508,初夏
9509,名噪一时
9510,广种薄收
9511,你好
9512,甲巳
9513,紧
9514,可巧
9515,顾不了
9516,索
9517,日前
9518,细细
9519,素
9520,跑龙套
9521,毫无
9522,无条件
9523,连声
9524,吾辈
9525,敌击我隐
9526,多半
9527,杯杯
9528,该车
9529,蒙蒙
9530,刚好
9531,如若
9532,国内外
9533,连夜
9534,粉乎乎
9535,潮润润
9536,百废待兴
9537,亲朋好友
9538,宿舍区
9539,跟前
9540,郑重其事
9541,得起
9542,校内
9543,零零碎碎
9544,讨人喜欢
9545,稍为
9546,没头脑
9547,乙酉
9548,从此
9549,组组
9550,真名实姓
9551,慢慢来
9552,插队落户
9553,按时
9554,反倒是
9555,山麓
9556,风吹草低见牛羊
9557,太平无事
9558,灰蒙蒙
9559,如若不然
9560,通共
9561,金睛火眼
9562,对照
9563,反之则
9564,跟随
9565,考验
9566,运用自如
9567,小满
9568,远处
9569,气势恢宏
9570,絮絮叨叨
9571,蹑手蹑脚
9572,意思
9573,原来
9574,疯疯癫癫
9575,对胃口
9576,庚寅
9577,诗礼之家
9578,两者
9579,同心协力
9580,艰辛备尝
9581,唯独
9582,綮
9583,慌里慌张
9584,不干不净
9585,知道
9586,五十八
9587,快步流星
9588,似的
9589,绷硬
9590,差点
9591,保持
9592,长年
9593,淋漓
9594,周代
9595,与年俱增
9596,多变
9597,骄傲自满
9598,迷迷糊糊
9599,别国
9600,里挑外撅
9601,鼓鼓
9602,无非
9603,这天
9604,特别是
9605,吃独食
9606,原本
9607,便了
9608,偷偷
9609,无穷无尽
9610,大凡
9611,直捷
9612,谆谆
9613,恩尽义绝
9614,妖里妖气
9615,撼天动地
9616,威风扫地
9617,前边
9618,盛暑
9619,信手
9620,顽固不化
9621,排除万难
9622,晕乎乎
9623,前进不懈
9624,代代红
9625,早间
9626,黄橙橙
9627,并不是
9628,翌年
9629,捞资本
9630,从未有过
9631,切实
9632,化雨春风
9633,赤裸裸
9634,前进
9635,湖底
9636,周五
9637,夜半
9638,乐融融
9639,上下一心
9640,直接
9641,外边
9642,周二
9643,大致说来
9644,嘟嘟
9645,拒之门外
9646,悲喜交集
9647,辛戌
9648,逐句
9649,飘飘然
9650,学有所长
9651,通力
9652,后天
9653,约莫
9654,保不定
9655,晴空万里
9656,稳步前进
9657,轻易
9658,打包票
9659,后头
9660,沿途
9661,为数众多
9662,赶快
9663,莫明其妙
9664,淙淙
9665,门前
9666,肥得鲁儿
9667,簇
9668,赶忙
9669,然则
9670,里间
9671,花样翻新
9672,微微的
9673,好容易
9674,等米下锅
9675,类
9676,脑下垂体
9677,取得
9678,斥之为
9679,米
9680,吧嗒
9681,凉苏苏
9682,本港
9683,日内
9684,生生的
9685,截至
9686,笔底下
9687,周一
9688,各行其道
9689,各门
9690,依次
9691,按期
9692,周三
9693,出冷门
9694,何尝
9695,眼见为实
9696,半点
9697,早先
9698,此生
9699,河里
9700,谷内
9701,吃回扣
9702,雾腾腾
9703,笑盈盈
9704,诸多
9705,日间
9706,宁肯
9707,已然
9708,打击乐器
9709,课外
9710,烂乎乎
9711,精
9712,有所不为
9713,黑乌乌
9714,各队
9715,吭哧
9716,之类
9717,从没
9718,干着急
9719,定调子
9720,尽可能
9721,领袖群伦
9722,混水摸鱼
9723,数以百万计
9724,不屈不挠
9725,乱砍滥伐
9726,就此
9727,粗
9728,逐厂
9729,粒
9730,莽里莽撞
9731,无力
9732,一下子
9733,归根结底
9734,该局
9735,晶体点阵
9736,无限
9737,悄然
9738,同声
9739,据实
9740,该部
9741,三灾八难
9742,殷殷
9743,无际
9744,街口
9745,自谋生路
9746,再次
9747,邪门歪道
9748,风口浪尖
9749,初始
9750,昏昏沉沉
9751,黑乎乎
9752,起早摸黑
9753,行善积德
9754,长话短说
9755,各行其事
9756,无言以对
9757,每桶
9758,别无良策
9759,诸如
9760,以至
9761,冰期
9762,中西部
9763,该寺
9764,以致
9765,清费治乱减负
9766,吱呀
9767,无仁无义
9768,清楚
9769,明灿灿
9770,前后
9771,漫天要价
9772,溜圆
9773,糅
9774,条条
9775,无事生非
9776,时候
9777,小叶儿茶
9778,筅
9779,绵绵
9780,无奈
9781,准时
9782,出乎意料
9783,口头
9784,死活
9785,等
9786,一阵
9787,不辞辛劳
9788,打开天窗说亮话
9789,侃侃
9790,策
9791,筐
9792,筒
9793,草船借箭
9794,勤工俭学
9795,条条块块
9796,癸申
9797,筝
9798,殊死
9799,快要
9800,老着脸皮
9801,扶病
9802,东端
9803,假使
9804,政出多门
9805,一山之隔
9806,今日
9807,先生
9808,瞬间
9809,管闲事
9810,另方面
9811,雾蒙蒙
9812,到处
9813,无关紧要
9814,大体
9815,顶天立地
9816,压根儿
9817,全然
9818,老年
9819,为着
9820,闹闹轰轰
9821,探亲访友
9822,知过必改
9823,这块
9824,统揽全局
9825,秋后
9826,撒腿
9827,舍己为人
9828,累见不鲜
9829,淡淡
9830,无处
9831,顺脚
9832,另外
9833,逼供信
9834,金凤凰
9835,多元
9836,并无
9837,届时
9838,笔
9839,依我看
9840,驰名中外
9841,蠢蠢欲动
9842,弄虚作假
9843,笞
9844,零零星星
9845,反之亦然
9846,火辣辣
9847,该镇
9848,中部
9849,支支吾吾
9850,符
9851,摆阔气
9852,大伙儿
9853,后面
9854,满城风雨
9855,发人深思
9856,第
9857,跨国
9858,戴高帽儿
9859,严重
9860,无声
9861,黄晕
9862,平昔
9863,高分低能
9864,汛前
9865,篌
9866,情有独钟
9867,粗放经营
9868,来日
9869,趟浑水
9870,旦夕
9871,篇
9872,本法
9873,冒里冒失
9874,兆瓦
9875,新人新事
9876,正点
9877,非徒
9878,来时
9879,万里无云
9880,风言风语
9881,过多
9882,非得
9883,气喘吁吁
9884,篓
9885,篮
9886,摸爬滚打
9887,快快乐乐
9888,今晨
9889,缺医少药
9890,从容不迫
9891,构成
9892,绿树成荫
9893,继而
9894,篥
9895,今晚
9896,措置得当
9897,满盘皆输
9898,略加
9899,前所未见
9900,日夜
9901,绿油油
9902,藉以窥知
9903,一经
9904,合同
9905,篷
9906,自成一体
9907,左右为难
9908,力争上游
9909,横躺竖卧
9910,庚戌
9911,大行其道
9912,仍旧
9913,半死
9914,掺沙子
9915,炊烟袅袅
9916,别处
9917,同台
9918,四面
9919,打头炮
9920,算
9921,从新
9922,噼噼啪啪
9923,今春
9924,前途无量
9925,安定团结
9926,霜期
9927,箢
9928,头里
9929,后半期
9930,管
9931,借题发挥
9932,竞相
9933,修旧利废
9934,箱
9935,赶热门
9936,穗
9937,答非所问
9938,名闻中外
9939,穑
9940,数日
9941,晕晕忽忽
9942,也许
9943,里外里
9944,正当中
9945,海相沉积
9946,任意
9947,附耳
9948,并未
9949,享有盛誉
9950,无微不至
9951,觉得
9952,犯嘀咕
9953,敌围我散
9954,穴
9955,该奖
9956,究
9957,穷
9958,街上
9959,一霎
9960,倏地
9961,两端
9962,穸
9963,翌日
9964,下苦功夫
9965,天下
9966,天上
9967,空
9968,算旧账
9969,搭便车
9970,真心
9971,诸国
9972,大有益处
9973,撒手不管
9974,荒时暴月
9975,奋不顾身
9976,稔
9977,奋发上进
9978,愿意
9979,一面
9980,任情
9981,即时
9982,死沉
9983,暗红
9984,亲自
9985,地久天长
9986,程
9987,自打
9988,年末
9989,稍
9990,抽功夫
9991,严严实实
9992,摆花架子
9993,名列前茅
9994,装样子
9995,该院
9996,有点
9997,稿
9998,前赴后继
9999,嘟噜
10000,面目全非
10001,每户
10002,圆滚滚
10003,日均
10004,呼饥号寒
10005,即日
10006,竟
10007,碰运气
10008,竞
10009,吃不开
10010,整日
10011,盛情难却
10012,站
10013,中空
10014,去岁
10015,与人无争
10016,乙申
10017,凡间
10018,各项
10019,村村
10020,立
10021,自我
10022,各县
10023,见高低
10024,迎头
10025,丝米
10026,重义轻利
10027,苍苍
10028,群策群力
10029,不问
10030,银装素裹
10031,他日
10032,公然
10033,新年
10034,端
10035,春假
10036,氢氧吹管
10037,插翅难飞
10038,过意不去
10039,始终
10040,章
10041,花花搭搭
10042,竣
10043,忠心耿耿
10044,苍茫
10045,不限
10046,窝
10047,偏偏
10048,窑
10049,阿谀奉承
10050,明年初
10051,依旧
10052,窗
10053,燎原之势
10054,窕
10055,故此
10056,嘻嘻哈哈
10057,头部
10058,臭烘烘
10059,弹指之间
10060,轻举妄动
10061,呆愣愣
10062,窃
10063,窀
10064,古板板
10065,突
10066,而已
10067,着实
10068,到头
10069,强取豪夺
10070,一家一户
10071,光滑滑
10072,红新月会
10073,吃床腿
10074,随着
10075,粘粘搭搭
10076,吃大户
10077,亮亮的
10078,伦琴
10079,非常
10080,身手不凡
10081,和合雅俗
10082,近处
10083,秀里秀气
10084,大伙
10085,整整
10086,丢饭碗
10087,品脱
10088,花多映愈丑
10089,窥
10090,今朝
10091,行前
10092,从来
10093,一如既往
10094,上传下达
10095,胖乎乎
10096,一日三餐
10097,黑黝黝
10098,票
10099,秒钟
10100,毫不相干
10101,黑森森
10102,祷
10103,减人增效
10104,索然
10105,穷年累月
10106,天道酬勤
10107,途中
10108,首岁
10109,洋洋得意
10110,黑黜黜
10111,白白
10112,祆
10113,大吃大喝
10114,专门
10115,陆续
10116,祈
10117,形而上
10118,忽左忽右
10119,久远
10120,各地
10121,乐颠颠
10122,祛
10123,阴雨寡照
10124,袅袅娜娜
10125,忽悠忽悠
10126,平方英寸
10127,礤
10128,左膀右臂
10129,石沉大海
10130,独家
10131,每支
10132,他是
10133,不难
10134,违法乱纪
10135,尽数
10136,外侧
10137,愤愤
10138,从未
10139,礴
10140,联动
10141,大量
10142,实而不华
10143,泪痕斑斑
10144,行动
10145,三维
10146,不知不觉
10147,令人信服
10148,又惊又喜
10149,靠水吃水
10150,示
10151,多会儿
10152,不入流
10153,秋分
10154,多多少少
10155,继续
10156,哪会子
10157,超负荷
10158,标本兼治
10159,从权
10160,十年如一日
10161,此片
10162,深深
10163,仔细
10164,旁观者清
10165,鼠肚鸡肠
10166,馥郁
10167,略表寸心
10168,黑油油
10169,礓
10170,举止洒脱
10171,礞
10172,狗年
10173,无垠
10174,秩
10175,捐弃前嫌
10176,俏生生
10177,吃官司
10178,就是
10179,秦
10180,秧
10181,秤
10182,求同存异
10183,上面
10184,天下大治
10185,满打满算
10186,某团
10187,一溜烟
10188,逐个
10189,秋凉
10190,丢眼色
10191,无悔无怨
10192,不要紧
10193,秉
10194,屡禁不绝
10195,下面
10196,秋
10197,种
10198,欢呼雀跃
10199,私
10200,另一方面
10201,饱眼福
10202,瑟瑟
10203,某国
10204,或者
10205,黑灵灵
10206,有效分蘖
10207,十年浩劫
10208,国都
10209,形影不离
10210,租
10211,嘿嘿
10212,老大不小
10213,秒
10214,死不瞑目
10215,小小的
10216,分钟
10217,凌晨
10218,身强体壮
10219,灰苍苍
10220,四顾无人
10221,船头
10222,离
10223,骤然
10224,舍己为公
10225,赤手空拳
10226,紫乌乌
10227,安享晚年
10228,大举
10229,漫说
10230,性伤害
10231,侧方
10232,大为
10233,接下来
10234,某地
10235,黑黢黢
10236,深谋远虑
10237,精力充沛
10238,各国
10239,肤皮潦草
10240,俺家
10241,不得而知
10242,禁
10243,赤胆忠心
10244,从而
10245,本次
10246,每日
10247,怦然心动
10248,无所谓
10249,闽南
10250,点头之交
10251,可好
10252,扑面而来
10253,不拘一格
10254,绯红
10255,壬卯
10256,鼠年
10257,世纪
10258,秉公
10259,要是
10260,粗制滥造
10261,硭
10262,惺松
10263,硬
10264,确
10265,总结
10266,硗
10267,低声
10268,单方面
10269,己申
10270,淡然
10271,害群之马
10272,辛巳
10273,机械
10274,年代久远
10275,为什麽
10276,否则
10277,秋冬季
10278,暮秋
10279,通亮
10280,砰
10281,入情入理
10282,第一国际
10283,其父
10284,渐次
10285,辱没门庭
10286,砺
10287,喝西北风
10288,田头
10289,方面
10290,砭
10291,只好
10292,万顷
10293,鲜嫩嫩
10294,三者
10295,砗
10296,加之
10297,中上层
10298,研
10299,孤单单
10300,多么
10301,多久
10302,老羞成怒
10303,猛地
10304,精益求精
10305,耄耋高龄
10306,大部
10307,新年伊始
10308,码
10309,一塌糊涂
10310,惊天地泣鬼神
10311,破烂不堪
10312,首家
10313,重重
10314,大都
10315,久演不衰
10316,砉
10317,粘乎乎
10318,以偏概全
10319,疏于
10320,面对
10321,新岁
10322,吃大锅饭
10323,多年前
10324,看守内阁
10325,不在少数
10326,磲
10327,树上
10328,中下层
10329,磴
10330,深入浅出
10331,江北
10332,平日
10333,打马虎眼
10334,居功至伟
10335,万能
10336,无可指责
10337,后周
10338,数以百计
10339,旷古
10340,去年
10341,明儿
10342,平时
10343,乘着
10344,吃现成饭
10345,会心
10346,变幻莫测
10347,锐意进取
10348,加上
10349,千篇一律
10350,跌跌撞撞
10351,多亏
10352,文过饰非
10353,暗地里
10354,业经
10355,一致
10356,挨门逐户
10357,磅
10358,西方
10359,发慈悲
10360,满登登
10361,重中之重
10362,麻麻亮
10363,星期日
10364,兰特
10365,蔫巴巴
10366,尽早
10367,江南
10368,扶疏
10369,刚巧
10370,黑亮亮
10371,不绝于耳
10372,爬山越岭
10373,足额
10374,傻里傻气
10375,无庸置疑
10376,不宣而战
10377,碡
10378,有增无已
10379,碟
10380,平方
10381,碜
10382,碗
10383,根深蒂固
10384,理当如此
10385,依依
10386,人次
10387,贫病交加
10388,夜里
10389,齐声
10390,霎时
10391,黑黪黪
10392,拉帮结派
10393,碧粼粼
